# Blender v2.79 (sub 0) OBJ File: ''
# www.blender.org
mtllib v4.mtl
o alternator_pulley
v -0.187500 0.112056 0.890625
v -0.205806 0.093750 0.890625
v -0.218750 0.125000 0.890625
v -0.187500 0.112056 0.921875
v -0.205806 0.093750 0.921875
v -0.218750 0.125000 0.921875
v -0.187500 0.137944 0.890625
v -0.187500 0.137944 0.921875
v -0.205806 0.156250 0.890625
v -0.205806 0.156250 0.921875
v -0.231694 0.156250 0.890625
v -0.231694 0.156250 0.921875
v -0.250000 0.137944 0.890625
v -0.250000 0.137944 0.921875
v -0.250000 0.112056 0.890625
v -0.250000 0.112056 0.921875
v -0.231694 0.093750 0.890625
v -0.231694 0.093750 0.921875
v -0.203125 0.140625 0.812500
v -0.203125 0.140625 0.937500
v -0.203125 0.109375 0.937500
v -0.203125 0.109375 0.812500
v -0.234375 0.109375 0.937500
v -0.234375 0.140625 0.937500
v -0.234375 0.140625 0.812500
v -0.234375 0.109375 0.812500
vt 0.890625 0.370423
vt 0.886048 0.375000
vt 0.882812 0.367188
vt 0.890625 0.953125
vt 0.906250 0.953125
vt 0.906250 0.968750
vt 0.890625 0.968750
vt 0.886048 0.265625
vt 0.890625 0.270202
vt 0.882812 0.273438
vt 0.890625 0.363952
vt 0.734375 0.109375
vt 0.750000 0.109375
vt 0.750000 0.125000
vt 0.734375 0.125000
vt 0.890625 0.276673
vt 0.886048 0.359375
vt 0.062500 0.093750
vt 0.078125 0.093750
vt 0.078125 0.109375
vt 0.062500 0.109375
vt 0.886048 0.281250
vt 0.879577 0.359375
vt 0.000000 0.093750
vt 0.015625 0.093750
vt 0.015625 0.109375
vt 0.000000 0.109375
vt 0.879577 0.281250
vt 0.875000 0.363952
vt 0.890625 0.921875
vt 0.906250 0.921875
vt 0.906250 0.937500
vt 0.890625 0.937500
vt 0.875000 0.276673
vt 0.875000 0.370423
vt 0.875000 0.203125
vt 0.890625 0.203125
vt 0.890625 0.218750
vt 0.875000 0.218750
vt 0.875000 0.270202
vt 0.879577 0.375000
vt 0.031250 0.093750
vt 0.046875 0.093750
vt 0.046875 0.109375
vt 0.031250 0.109375
vt 0.879577 0.265625
vt 0.859375 0.109375
vt 0.875000 0.109375
vt 0.875000 0.125000
vt 0.859375 0.125000
vt 0.671875 0.203125
vt 0.640625 0.203125
vt 0.640625 0.187500
vt 0.671875 0.187500
vt 0.718750 0.187500
vt 0.718750 0.203125
vt 0.687500 0.203125
vt 0.687500 0.187500
vt 0.390625 0.171875
vt 0.406250 0.171875
vt 0.406250 0.203125
vt 0.390625 0.203125
vt 0.750000 0.171875
vt 0.750000 0.203125
vt 0.734375 0.203125
vt 0.734375 0.171875
vt 0.109375 0.093750
vt 0.109375 0.109375
vt 0.093750 0.109375
vt 0.093750 0.093750
vt 0.906250 0.906250
vt 0.890625 0.906250
vt 0.890625 0.890625
vt 0.906250 0.890625
vn 0.0000 0.0000 -1.0000
vn 0.7071 -0.7071 -0.0000
vn -0.0000 0.0000 1.0000
vn 1.0000 0.0000 0.0000
vn 0.7071 0.7071 0.0000
vn 0.0000 1.0000 0.0000
vn -0.7071 0.7071 0.0000
vn -1.0000 0.0000 0.0000
vn -0.7071 -0.7071 -0.0000
vn 0.0000 -1.0000 -0.0000
usemtl m_0b0e02ba-b4cf-82c6-9956-bd91082f6498
s 1
f 1/1/1 2/2/1 3/3/1
f 2/4/2 1/5/2 4/6/2 5/7/2
f 5/8/3 4/9/3 6/10/3
f 7/11/1 1/1/1 3/3/1
f 1/12/4 7/13/4 8/14/4 4/15/4
f 4/9/3 8/16/3 6/10/3
f 9/17/1 7/11/1 3/3/1
f 7/18/5 9/19/5 10/20/5 8/21/5
f 8/16/3 10/22/3 6/10/3
f 11/23/1 9/17/1 3/3/1
f 9/24/6 11/25/6 12/26/6 10/27/6
f 10/22/3 12/28/3 6/10/3
f 13/29/1 11/23/1 3/3/1
f 11/30/7 13/31/7 14/32/7 12/33/7
f 12/28/3 14/34/3 6/10/3
f 15/35/1 13/29/1 3/3/1
f 13/36/8 15/37/8 16/38/8 14/39/8
f 14/34/3 16/40/3 6/10/3
f 17/41/1 15/35/1 3/3/1
f 15/42/9 17/43/9 18/44/9 16/45/9
f 16/40/3 18/46/3 6/10/3
f 2/2/1 17/41/1 3/3/1
f 17/47/10 2/48/10 5/49/10 18/50/10
f 18/46/3 5/8/3 6/10/3
f 19/51/4 20/52/4 21/53/4 22/54/4
f 23/55/8 24/56/8 25/57/8 26/58/8
f 24/59/6 20/60/6 19/61/6 25/62/6
f 22/63/10 21/64/10 23/65/10 26/66/10
f 21/67/3 20/68/3 24/69/3 23/70/3
f 25/71/1 19/72/1 22/73/1 26/74/1
o cuboid
v 0.187500 0.312500 0.156250
v 0.187500 0.312500 0.250000
v 0.187500 0.250000 0.250000
v 0.187500 0.250000 0.218750
v 0.125000 0.250000 0.250000
v 0.125000 0.312500 0.250000
v 0.125000 0.312500 0.156250
v 0.125000 0.250000 0.218750
v 0.203125 0.437500 0.156250
v 0.203125 0.437500 0.250000
v 0.203125 0.312500 0.250000
v 0.203125 0.312500 0.156250
v 0.109375 0.250000 0.250000
v 0.109375 0.437500 0.250000
v 0.109375 0.437500 0.156250
v 0.109375 0.250000 0.156250
v 0.000000 0.304688 0.218750
v 0.000000 0.367188 0.218750
v 0.000000 0.367188 0.156250
v 0.000000 0.304688 0.156250
v 0.109375 0.375000 0.156250
v 0.109375 0.375000 0.218750
v 0.109375 0.312500 0.218750
v 0.109375 0.312500 0.156250
v 0.093750 0.375000 0.062500
v 0.093750 0.375000 0.250000
v 0.093750 0.250000 0.250000
v 0.093750 0.250000 0.062500
v -0.093750 0.250000 0.250000
v -0.093750 0.375000 0.250000
v -0.093750 0.375000 0.062500
v -0.093750 0.250000 0.062500
v 0.093750 0.250000 0.062500
v 0.093750 0.250000 0.250000
v 0.156250 0.187500 0.250000
v 0.156250 0.187500 0.062500
v -0.156250 0.187500 0.250000
v -0.093750 0.250000 0.250000
v -0.093750 0.250000 0.062500
v -0.156250 0.187500 0.062500
v 0.093750 0.250000 0.000000
v 0.093750 0.250000 0.062500
v 0.156250 0.187500 0.062500
v 0.156250 0.187500 0.000000
v -0.156250 0.187500 0.062500
v -0.093750 0.250000 0.062500
v -0.093750 0.250000 0.000000
v -0.156250 0.187500 0.000000
v 0.156250 0.187500 0.062500
v 0.156250 0.187500 0.250000
v 0.156250 -0.000000 0.250000
v 0.156250 -0.000000 0.062500
v -0.156250 -0.000000 0.250000
v -0.156250 0.187500 0.250000
v -0.156250 0.187500 0.062500
v -0.156250 -0.000000 0.062500
v 0.156250 -0.000000 0.062500
v 0.156250 -0.000000 0.250000
v 0.093750 -0.062500 0.250000
v 0.093750 -0.062500 0.062500
v -0.093750 -0.062500 0.250000
v -0.156250 -0.000000 0.250000
v -0.156250 -0.000000 0.062500
v -0.093750 -0.062500 0.062500
v 0.156250 0.000000 0.000000
v 0.156250 -0.000000 0.062500
v 0.093750 -0.062500 0.062500
v 0.093750 -0.062500 -0.000000
v -0.093750 -0.062500 0.062500
v -0.156250 -0.000000 0.062500
v -0.156250 0.000000 0.000000
v -0.093750 -0.062500 -0.000000
v 0.156250 0.187500 0.000000
v 0.156250 0.187500 0.062500
v 0.156250 -0.000000 0.062500
v 0.156250 0.000000 0.000000
v -0.156250 -0.000000 0.062500
v -0.156250 0.187500 0.062500
v -0.156250 0.187500 0.000000
v -0.156250 0.000000 0.000000
v 0.093750 -0.062500 0.062500
v 0.093750 -0.062500 0.250000
v 0.062500 -0.093750 0.250000
v 0.062500 -0.093750 0.093750
v -0.062500 -0.093750 0.250000
v -0.093750 -0.062500 0.250000
v -0.093750 -0.062500 0.062500
v -0.062500 -0.093750 0.093750
vt 0.343750 0.218750
vt 0.312500 0.218750
vt 0.312500 0.203125
vt 0.328125 0.203125
vt 0.812500 0.609375
vt 0.812500 0.625000
vt 0.781250 0.625000
vt 0.796875 0.609375
vt 0.578125 0.203125
vt 0.593750 0.203125
vt 0.593750 0.234375
vt 0.578125 0.234375
vt 0.687500 0.125000
vt 0.687500 0.140625
vt 0.671875 0.140625
vt 0.671875 0.125000
vt 0.875000 0.296875
vt 0.875000 0.312500
vt 0.859375 0.312500
vt 0.859375 0.296875
vt 0.718750 0.140625
vt 0.703125 0.140625
vt 0.703125 0.125000
vt 0.718750 0.125000
vt 0.265625 0.359375
vt 0.234375 0.359375
vt 0.234375 0.328125
vt 0.265625 0.328125
vt 0.468750 0.609375
vt 0.468750 0.656250
vt 0.437500 0.656250
vt 0.437500 0.609375
vt 0.640625 0.734375
vt 0.671875 0.734375
vt 0.671875 0.765625
vt 0.640625 0.765625
vt 0.312500 0.359375
vt 0.281250 0.359375
vt 0.281250 0.328125
vt 0.312500 0.328125
vt 0.468750 0.562500
vt 0.468750 0.593750
vt 0.437500 0.593750
vt 0.437500 0.546875
vt 0.343750 0.531250
vt 0.312500 0.531250
vt 0.312500 0.500000
vt 0.343750 0.484375
vt 0.656250 0.125000
vt 0.656250 0.140625
vt 0.640625 0.140625
vt 0.640625 0.125000
vt 0.875000 0.343750
vt 0.859375 0.343750
vt 0.859375 0.328125
vt 0.875000 0.328125
vt 0.765625 0.250000
vt 0.765625 0.234375
vt 0.796875 0.234375
vt 0.796875 0.250000
vt 0.093750 0.218750
vt 0.062500 0.218750
vt 0.062500 0.203125
vt 0.093750 0.203125
vt 0.187500 0.218750
vt 0.156250 0.218750
vt 0.156250 0.203125
vt 0.187500 0.203125
vt 0.234375 0.203125
vt 0.234375 0.218750
vt 0.203125 0.218750
vt 0.203125 0.203125
vt 0.406250 0.531250
vt 0.359375 0.531250
vt 0.359375 0.500000
vt 0.406250 0.500000
vt 0.468750 0.500000
vt 0.468750 0.531250
vt 0.421875 0.531250
vt 0.421875 0.500000
vt 0.359375 0.890625
vt 0.406250 0.890625
vt 0.406250 0.937500
vt 0.359375 0.937500
vt 0.406250 0.828125
vt 0.406250 0.875000
vt 0.359375 0.875000
vt 0.359375 0.828125
vt 0.531250 0.906250
vt 0.531250 0.937500
vt 0.484375 0.937500
vt 0.484375 0.906250
vt 0.531250 0.890625
vt 0.484375 0.890625
vt 0.484375 0.859375
vt 0.531250 0.859375
vt 0.734375 0.781250
vt 0.687500 0.781250
vt 0.687500 0.765625
vt 0.734375 0.765625
vt 0.281250 0.296875
vt 0.281250 0.312500
vt 0.234375 0.312500
vt 0.234375 0.296875
vt 0.062500 0.578125
vt 0.109375 0.578125
vt 0.109375 0.625000
vt 0.062500 0.625000
vt 0.156250 0.953125
vt 0.156250 1.000000
vt 0.078125 1.000000
vt 0.078125 0.953125
vt 0.625000 0.937500
vt 0.609375 0.953125
vt 0.562500 0.953125
vt 0.546875 0.937500
vt 0.609375 0.921875
vt 0.562500 0.921875
vt 0.546875 0.906250
vt 0.625000 0.906250
vt 0.875000 0.250000
vt 0.859375 0.250000
vt 0.859375 0.234375
vt 0.875000 0.234375
vt 0.781250 0.125000
vt 0.781250 0.140625
vt 0.765625 0.140625
vt 0.765625 0.125000
vt 0.687500 0.734375
vt 0.734375 0.734375
vt 0.734375 0.750000
vt 0.687500 0.750000
vt 0.187500 0.437500
vt 0.187500 0.453125
vt 0.109375 0.453125
vt 0.109375 0.437500
vt 0.625000 0.875000
vt 0.609375 0.890625
vt 0.562500 0.890625
vt 0.546875 0.875000
vt 0.609375 0.750000
vt 0.562500 0.750000
vt 0.546875 0.734375
vt 0.625000 0.734375
vt 0.171875 0.625000
vt 0.125000 0.625000
vt 0.125000 0.578125
vt 0.171875 0.578125
vt 0.234375 0.578125
vt 0.234375 0.625000
vt 0.187500 0.625000
vt 0.187500 0.578125
vt 0.078125 0.890625
vt 0.156250 0.890625
vt 0.156250 0.937500
vt 0.078125 0.937500
vt 0.156250 0.828125
vt 0.156250 0.875000
vt 0.078125 0.875000
vt 0.078125 0.828125
vt 0.250000 0.953125
vt 0.250000 1.000000
vt 0.171875 1.000000
vt 0.171875 0.953125
vt 0.250000 0.937500
vt 0.171875 0.937500
vt 0.171875 0.890625
vt 0.250000 0.890625
vt 0.734375 0.718750
vt 0.687500 0.718750
vt 0.687500 0.703125
vt 0.734375 0.703125
vt 0.343750 0.296875
vt 0.343750 0.312500
vt 0.296875 0.312500
vt 0.296875 0.296875
vt 0.171875 0.828125
vt 0.250000 0.828125
vt 0.250000 0.875000
vt 0.171875 0.875000
vt 0.421875 0.765625
vt 0.421875 0.812500
vt 0.375000 0.812500
vt 0.375000 0.765625
vt 0.609375 0.703125
vt 0.625000 0.718750
vt 0.546875 0.718750
vt 0.562500 0.703125
vt 0.625000 0.687500
vt 0.546875 0.687500
vt 0.562500 0.671875
vt 0.609375 0.671875
vt 0.812500 0.140625
vt 0.796875 0.140625
vt 0.796875 0.125000
vt 0.812500 0.125000
vt 0.875000 0.171875
vt 0.875000 0.187500
vt 0.859375 0.187500
vt 0.859375 0.171875
vt 0.343750 0.437500
vt 0.421875 0.437500
vt 0.421875 0.453125
vt 0.343750 0.453125
vt 0.734375 0.671875
vt 0.734375 0.687500
vt 0.687500 0.687500
vt 0.687500 0.671875
vt 0.609375 0.578125
vt 0.625000 0.593750
vt 0.546875 0.593750
vt 0.562500 0.578125
vt 0.625000 0.562500
vt 0.546875 0.562500
vt 0.562500 0.546875
vt 0.609375 0.546875
vt 0.375000 0.312500
vt 0.359375 0.312500
vt 0.359375 0.265625
vt 0.375000 0.265625
vt 0.406250 0.265625
vt 0.406250 0.312500
vt 0.390625 0.312500
vt 0.390625 0.265625
vt 0.546875 0.515625
vt 0.625000 0.515625
vt 0.625000 0.531250
vt 0.546875 0.531250
vt 0.640625 0.984375
vt 0.640625 1.000000
vt 0.562500 1.000000
vt 0.562500 0.984375
vt 0.078125 0.765625
vt 0.078125 0.812500
vt 0.000000 0.812500
vt 0.000000 0.765625
vt 0.171875 0.812500
vt 0.093750 0.812500
vt 0.093750 0.765625
vt 0.171875 0.765625
vt 0.156250 0.015625
vt 0.109375 0.015625
vt 0.109375 0.000000
vt 0.148438 0.000000
vt 0.218750 0.000000
vt 0.218750 0.015625
vt 0.171875 0.015625
vt 0.179688 0.000000
vt 0.000000 0.000000
vt 0.046875 0.000000
vt 0.046875 0.046875
vt 0.000000 0.046875
vt 0.093750 0.000000
vt 0.093750 0.039062
vt 0.062500 0.039062
vt 0.062500 0.000000
vt 0.335938 0.000000
vt 0.343750 0.015625
vt 0.296875 0.015625
vt 0.304688 0.000000
vt 0.281250 0.015625
vt 0.234375 0.015625
vt 0.242188 0.000000
vt 0.273438 0.000000
vn 1.0000 -0.0000 0.0000
vn -1.0000 0.0000 0.0000
vn 0.0000 1.0000 0.0000
vn 0.0000 -1.0000 -0.0000
vn 0.0000 -0.0000 1.0000
vn 0.0000 -0.7071 -0.7071
vn 0.5547 -0.8321 0.0000
vn -0.0000 0.0000 -1.0000
vn -0.0712 0.9975 0.0000
vn 0.0712 -0.9975 0.0000
vn 0.7071 0.7071 0.0000
vn -0.7071 0.7071 0.0000
vn 0.7071 -0.7071 -0.0000
vn -0.7071 -0.7071 -0.0000
usemtl m_0b0e02ba-b4cf-82c6-9956-bd91082f6498
s 1
f 27/75/11 28/76/11 29/77/11 30/78/11
f 31/79/12 32/80/12 33/81/12 34/82/12
f 32/83/13 28/84/13 27/85/13 33/86/13
f 30/87/14 29/88/14 31/89/14 34/90/14
f 29/91/15 28/92/15 32/93/15 31/94/15
f 33/95/16 27/96/16 30/97/16 34/98/16
f 35/99/11 36/100/11 37/101/11 38/102/11
f 39/103/12 40/104/12 41/105/12 42/106/12
f 40/107/13 36/108/13 35/109/13 41/110/13
f 38/111/17 37/112/17 39/113/17 42/114/17
f 37/115/15 36/116/15 40/117/15 39/118/15
f 41/119/18 35/120/18 38/121/18 42/122/18
f 43/123/12 44/124/12 45/125/12 46/126/12
f 47/127/11 48/128/11 49/129/11 50/130/11
f 45/131/19 44/132/19 48/133/19 47/134/19
f 49/135/20 43/136/20 46/137/20 50/138/20
f 48/139/15 44/140/15 43/141/15 49/142/15
f 46/143/18 45/144/18 47/145/18 50/146/18
f 51/147/11 52/148/11 53/149/11 54/150/11
f 55/151/12 56/152/12 57/153/12 58/154/12
f 56/155/13 52/156/13 51/157/13 57/158/13
f 54/159/14 53/160/14 55/161/14 58/162/14
f 53/163/15 52/164/15 56/165/15 55/166/15
f 57/167/18 51/168/18 54/169/18 58/170/18
f 59/171/21 60/172/21 61/173/21 62/174/21
f 63/175/22 64/176/22 65/177/22 66/178/22
f 64/179/13 60/180/13 59/181/13 65/182/13
f 62/183/14 61/184/14 63/185/14 66/186/14
f 61/187/15 60/188/15 64/189/15 63/190/15
f 65/191/18 59/192/18 62/193/18 66/194/18
f 67/195/21 68/196/21 69/197/21 70/198/21
f 71/199/22 72/200/22 73/201/22 74/202/22
f 72/203/13 68/204/13 67/205/13 73/206/13
f 70/207/14 69/208/14 71/209/14 74/210/14
f 69/211/15 68/212/15 72/213/15 71/214/15
f 73/215/18 67/216/18 70/217/18 74/218/18
f 75/219/11 76/220/11 77/221/11 78/222/11
f 79/223/12 80/224/12 81/225/12 82/226/12
f 80/227/13 76/228/13 75/229/13 81/230/13
f 78/231/14 77/232/14 79/233/14 82/234/14
f 77/235/15 76/236/15 80/237/15 79/238/15
f 81/239/18 75/240/18 78/241/18 82/242/18
f 83/243/23 84/244/23 85/245/23 86/246/23
f 87/247/24 88/248/24 89/249/24 90/250/24
f 88/251/13 84/252/13 83/253/13 89/254/13
f 86/255/14 85/256/14 87/257/14 90/258/14
f 85/259/15 84/260/15 88/261/15 87/262/15
f 89/263/18 83/264/18 86/265/18 90/266/18
f 91/267/23 92/268/23 93/269/23 94/270/23
f 95/271/24 96/272/24 97/273/24 98/274/24
f 96/275/13 92/276/13 91/277/13 97/278/13
f 94/279/14 93/280/14 95/281/14 98/282/14
f 93/283/15 92/284/15 96/285/15 95/286/15
f 97/287/18 91/288/18 94/289/18 98/290/18
f 99/291/11 100/292/11 101/293/11 102/294/11
f 103/295/12 104/296/12 105/297/12 106/298/12
f 104/299/13 100/300/13 99/301/13 105/302/13
f 102/303/14 101/304/14 103/305/14 106/306/14
f 101/307/15 100/308/15 104/309/15 103/310/15
f 105/311/18 99/312/18 102/313/18 106/314/18
f 107/315/23 108/316/23 109/317/23 110/318/23
f 111/319/24 112/320/24 113/321/24 114/322/24
f 112/323/13 108/324/13 107/325/13 113/326/13
f 110/327/14 109/328/14 111/329/14 114/330/14
f 109/331/15 108/332/15 112/333/15 111/334/15
f 113/335/16 107/336/16 110/337/16 114/338/16
o block_element1
v 0.187500 0.312500 0.250000
v 0.187500 0.312500 0.437500
v 0.187500 0.250000 0.437500
v 0.187500 0.250000 0.250000
v 0.125000 0.250000 0.437500
v 0.125000 0.312500 0.437500
v 0.125000 0.312500 0.250000
v 0.125000 0.250000 0.250000
v 0.000000 0.304687 0.406250
v 0.000000 0.367187 0.406250
v 0.000000 0.367187 0.343750
v 0.000000 0.304687 0.343750
v 0.125000 0.375000 0.343750
v 0.125000 0.375000 0.406250
v 0.187500 0.312500 0.406250
v 0.187500 0.312500 0.343750
v 0.093750 0.375000 0.250000
v 0.093750 0.375000 0.437500
v 0.093750 0.250000 0.437500
v 0.093750 0.250000 0.250000
v -0.093750 0.250000 0.437500
v -0.093750 0.375000 0.437500
v -0.093750 0.375000 0.250000
v -0.093750 0.250000 0.250000
v 0.093750 0.250000 0.250000
v 0.093750 0.250000 0.437500
v 0.156250 0.187500 0.437500
v 0.156250 0.187500 0.250000
v -0.156250 0.187500 0.437500
v -0.093750 0.250000 0.437500
v -0.093750 0.250000 0.250000
v -0.156250 0.187500 0.250000
v 0.156250 -0.000000 0.250000
v 0.156250 -0.000000 0.437500
v 0.093750 -0.062500 0.437500
v 0.093750 -0.062500 0.250000
v -0.093750 -0.062500 0.437500
v -0.156250 -0.000000 0.437500
v -0.156250 -0.000000 0.250000
v -0.093750 -0.062500 0.250000
v 0.156250 0.187500 0.250000
v 0.156250 0.187500 0.437500
v 0.156250 -0.000000 0.437500
v 0.156250 -0.000000 0.250000
v -0.156250 -0.000000 0.437500
v -0.156250 0.187500 0.437500
v -0.156250 0.187500 0.250000
v -0.156250 -0.000000 0.250000
v 0.093750 -0.062500 0.250000
v 0.093750 -0.062500 0.437500
v 0.062500 -0.093750 0.437500
v 0.062500 -0.093750 0.250000
v -0.062500 -0.093750 0.437500
v -0.093750 -0.062500 0.437500
v -0.093750 -0.062500 0.250000
v -0.062500 -0.093750 0.250000
v 0.187500 0.312500 0.437500
v 0.187500 0.312500 0.625000
v 0.187500 0.250000 0.625000
v 0.187500 0.250000 0.437500
v 0.125000 0.250000 0.625000
v 0.125000 0.312500 0.625000
v 0.125000 0.312500 0.437500
v 0.125000 0.250000 0.437500
v 0.000000 0.304687 0.593750
v 0.000000 0.367187 0.593750
v 0.000000 0.367187 0.531250
v 0.000000 0.304687 0.531250
v 0.125000 0.375000 0.531250
v 0.125000 0.375000 0.593750
v 0.187500 0.312500 0.593750
v 0.187500 0.312500 0.531250
v 0.093750 0.375000 0.437500
v 0.093750 0.375000 0.625000
v 0.093750 0.250000 0.625000
v 0.093750 0.250000 0.437500
v -0.093750 0.250000 0.625000
v -0.093750 0.375000 0.625000
v -0.093750 0.375000 0.437500
v -0.093750 0.250000 0.437500
v 0.093750 0.250000 0.437500
v 0.093750 0.250000 0.625000
v 0.156250 0.187500 0.625000
v 0.156250 0.187500 0.437500
v -0.156250 0.187500 0.625000
v -0.093750 0.250000 0.625000
v -0.093750 0.250000 0.437500
v -0.156250 0.187500 0.437500
v 0.156250 -0.000000 0.437500
v 0.156250 -0.000000 0.625000
v 0.093750 -0.062500 0.625000
v 0.093750 -0.062500 0.437500
v -0.093750 -0.062500 0.625000
v -0.156250 -0.000000 0.625000
v -0.156250 -0.000000 0.437500
v -0.093750 -0.062500 0.437500
v 0.156250 0.187500 0.437500
v 0.156250 0.187500 0.625000
v 0.156250 -0.000000 0.625000
v 0.156250 -0.000000 0.437500
v -0.156250 -0.000000 0.625000
v -0.156250 0.187500 0.625000
v -0.156250 0.187500 0.437500
v -0.156250 -0.000000 0.437500
v 0.093750 -0.062500 0.437500
v 0.093750 -0.062500 0.625000
v 0.062500 -0.093750 0.625000
v 0.062500 -0.093750 0.437500
v -0.062500 -0.093750 0.625000
v -0.093750 -0.062500 0.625000
v -0.093750 -0.062500 0.437500
v -0.062500 -0.093750 0.437500
vt 0.734375 0.437500
vt 0.687500 0.437500
vt 0.687500 0.421875
vt 0.734375 0.421875
vt 0.734375 0.390625
vt 0.734375 0.406250
vt 0.687500 0.406250
vt 0.687500 0.390625
vt 0.687500 0.296875
vt 0.703125 0.296875
vt 0.703125 0.343750
vt 0.687500 0.343750
vt 0.718750 0.828125
vt 0.718750 0.875000
vt 0.703125 0.875000
vt 0.703125 0.828125
vt 0.296875 0.109375
vt 0.296875 0.125000
vt 0.281250 0.125000
vt 0.281250 0.109375
vt 0.890625 0.718750
vt 0.875000 0.718750
vt 0.875000 0.703125
vt 0.890625 0.703125
vt 0.328125 0.109375
vt 0.328125 0.125000
vt 0.312500 0.125000
vt 0.312500 0.109375
vt 0.890625 0.687500
vt 0.875000 0.687500
vt 0.875000 0.671875
vt 0.890625 0.671875
vt 0.781250 0.562500
vt 0.781250 0.546875
vt 0.812500 0.546875
vt 0.812500 0.562500
vt 0.750000 0.812500
vt 0.703125 0.812500
vt 0.703125 0.796875
vt 0.750000 0.796875
vt 0.093750 0.281250
vt 0.062500 0.281250
vt 0.062500 0.265625
vt 0.109375 0.265625
vt 0.171875 0.265625
vt 0.171875 0.281250
vt 0.140625 0.281250
vt 0.125000 0.265625
vt 0.531250 0.593750
vt 0.484375 0.593750
vt 0.484375 0.562500
vt 0.531250 0.562500
vt 0.531250 0.515625
vt 0.531250 0.546875
vt 0.484375 0.546875
vt 0.484375 0.515625
vt 0.250000 0.578125
vt 0.296875 0.578125
vt 0.296875 0.625000
vt 0.250000 0.625000
vt 0.421875 0.703125
vt 0.421875 0.750000
vt 0.375000 0.750000
vt 0.375000 0.703125
vt 0.046875 0.468750
vt 0.046875 0.500000
vt 0.000000 0.500000
vt 0.000000 0.468750
vt 0.546875 1.000000
vt 0.500000 1.000000
vt 0.500000 0.968750
vt 0.546875 0.968750
vt 0.765625 0.531250
vt 0.718750 0.531250
vt 0.718750 0.515625
vt 0.765625 0.515625
vt 0.765625 0.484375
vt 0.765625 0.500000
vt 0.718750 0.500000
vt 0.718750 0.484375
vt 0.375000 0.640625
vt 0.421875 0.640625
vt 0.421875 0.687500
vt 0.375000 0.687500
vt 0.265625 0.765625
vt 0.265625 0.812500
vt 0.187500 0.812500
vt 0.187500 0.765625
vt 0.640625 0.843750
vt 0.625000 0.859375
vt 0.578125 0.859375
vt 0.562500 0.843750
vt 0.625000 0.828125
vt 0.578125 0.828125
vt 0.562500 0.812500
vt 0.640625 0.812500
vt 0.765625 0.468750
vt 0.718750 0.468750
vt 0.718750 0.453125
vt 0.765625 0.453125
vt 0.765625 0.328125
vt 0.765625 0.343750
vt 0.718750 0.343750
vt 0.718750 0.328125
vt 0.000000 0.703125
vt 0.078125 0.703125
vt 0.078125 0.750000
vt 0.000000 0.750000
vt 0.421875 0.578125
vt 0.421875 0.625000
vt 0.375000 0.625000
vt 0.375000 0.578125
vt 0.625000 0.781250
vt 0.640625 0.796875
vt 0.562500 0.796875
vt 0.578125 0.781250
vt 0.578125 0.437500
vt 0.500000 0.437500
vt 0.515625 0.421875
vt 0.562500 0.421875
vt 0.468750 0.937500
vt 0.421875 0.937500
vt 0.421875 0.890625
vt 0.468750 0.890625
vt 0.468750 0.828125
vt 0.468750 0.875000
vt 0.421875 0.875000
vt 0.421875 0.828125
vt 0.093750 0.703125
vt 0.171875 0.703125
vt 0.171875 0.750000
vt 0.093750 0.750000
vt 0.265625 0.703125
vt 0.265625 0.750000
vt 0.187500 0.750000
vt 0.187500 0.703125
vt 0.343750 0.953125
vt 0.343750 1.000000
vt 0.265625 1.000000
vt 0.265625 0.953125
vt 0.343750 0.937500
vt 0.265625 0.937500
vt 0.265625 0.890625
vt 0.343750 0.890625
vt 0.515625 0.015625
vt 0.468750 0.015625
vt 0.468750 0.000000
vt 0.515625 0.000000
vt 0.515625 0.031250
vt 0.515625 0.046875
vt 0.468750 0.046875
vt 0.468750 0.031250
vt 0.359375 0.000000
vt 0.406250 0.000000
vt 0.406250 0.046875
vt 0.359375 0.046875
vt 0.453125 0.000000
vt 0.453125 0.046875
vt 0.421875 0.046875
vt 0.421875 0.000000
vt 0.570312 0.031250
vt 0.578125 0.046875
vt 0.531250 0.046875
vt 0.539062 0.031250
vt 0.578125 0.015625
vt 0.531250 0.015625
vt 0.539062 0.000000
vt 0.570312 0.000000
vt 0.734375 0.437500
vt 0.687500 0.437500
vt 0.687500 0.421875
vt 0.734375 0.421875
vt 0.734375 0.390625
vt 0.734375 0.406250
vt 0.687500 0.406250
vt 0.687500 0.390625
vt 0.687500 0.296875
vt 0.703125 0.296875
vt 0.703125 0.343750
vt 0.687500 0.343750
vt 0.718750 0.828125
vt 0.718750 0.875000
vt 0.703125 0.875000
vt 0.703125 0.828125
vt 0.296875 0.109375
vt 0.296875 0.125000
vt 0.281250 0.125000
vt 0.281250 0.109375
vt 0.890625 0.718750
vt 0.875000 0.718750
vt 0.875000 0.703125
vt 0.890625 0.703125
vt 0.328125 0.109375
vt 0.328125 0.125000
vt 0.312500 0.125000
vt 0.312500 0.109375
vt 0.890625 0.687500
vt 0.875000 0.687500
vt 0.875000 0.671875
vt 0.890625 0.671875
vt 0.781250 0.562500
vt 0.781250 0.546875
vt 0.812500 0.546875
vt 0.812500 0.562500
vt 0.750000 0.812500
vt 0.703125 0.812500
vt 0.703125 0.796875
vt 0.750000 0.796875
vt 0.093750 0.281250
vt 0.062500 0.281250
vt 0.062500 0.265625
vt 0.109375 0.265625
vt 0.171875 0.265625
vt 0.171875 0.281250
vt 0.140625 0.281250
vt 0.125000 0.265625
vt 0.531250 0.593750
vt 0.484375 0.593750
vt 0.484375 0.562500
vt 0.531250 0.562500
vt 0.531250 0.515625
vt 0.531250 0.546875
vt 0.484375 0.546875
vt 0.484375 0.515625
vt 0.250000 0.578125
vt 0.296875 0.578125
vt 0.296875 0.625000
vt 0.250000 0.625000
vt 0.421875 0.703125
vt 0.421875 0.750000
vt 0.375000 0.750000
vt 0.375000 0.703125
vt 0.046875 0.468750
vt 0.046875 0.500000
vt 0.000000 0.500000
vt 0.000000 0.468750
vt 0.546875 1.000000
vt 0.500000 1.000000
vt 0.500000 0.968750
vt 0.546875 0.968750
vt 0.765625 0.531250
vt 0.718750 0.531250
vt 0.718750 0.515625
vt 0.765625 0.515625
vt 0.765625 0.484375
vt 0.765625 0.500000
vt 0.718750 0.500000
vt 0.718750 0.484375
vt 0.375000 0.640625
vt 0.421875 0.640625
vt 0.421875 0.687500
vt 0.375000 0.687500
vt 0.265625 0.765625
vt 0.265625 0.812500
vt 0.187500 0.812500
vt 0.187500 0.765625
vt 0.640625 0.843750
vt 0.625000 0.859375
vt 0.578125 0.859375
vt 0.562500 0.843750
vt 0.625000 0.828125
vt 0.578125 0.828125
vt 0.562500 0.812500
vt 0.640625 0.812500
vt 0.765625 0.468750
vt 0.718750 0.468750
vt 0.718750 0.453125
vt 0.765625 0.453125
vt 0.765625 0.328125
vt 0.765625 0.343750
vt 0.718750 0.343750
vt 0.718750 0.328125
vt 0.000000 0.703125
vt 0.078125 0.703125
vt 0.078125 0.750000
vt 0.000000 0.750000
vt 0.421875 0.578125
vt 0.421875 0.625000
vt 0.375000 0.625000
vt 0.375000 0.578125
vt 0.625000 0.781250
vt 0.640625 0.796875
vt 0.562500 0.796875
vt 0.578125 0.781250
vt 0.578125 0.437500
vt 0.500000 0.437500
vt 0.515625 0.421875
vt 0.562500 0.421875
vt 0.468750 0.937500
vt 0.421875 0.937500
vt 0.421875 0.890625
vt 0.468750 0.890625
vt 0.468750 0.828125
vt 0.468750 0.875000
vt 0.421875 0.875000
vt 0.421875 0.828125
vt 0.093750 0.703125
vt 0.171875 0.703125
vt 0.171875 0.750000
vt 0.093750 0.750000
vt 0.265625 0.703125
vt 0.265625 0.750000
vt 0.187500 0.750000
vt 0.187500 0.703125
vt 0.343750 0.953125
vt 0.343750 1.000000
vt 0.265625 1.000000
vt 0.265625 0.953125
vt 0.343750 0.937500
vt 0.265625 0.937500
vt 0.265625 0.890625
vt 0.343750 0.890625
vt 0.515625 0.015625
vt 0.468750 0.015625
vt 0.468750 0.000000
vt 0.515625 0.000000
vt 0.515625 0.031250
vt 0.515625 0.046875
vt 0.468750 0.046875
vt 0.468750 0.031250
vt 0.359375 0.000000
vt 0.406250 0.000000
vt 0.406250 0.046875
vt 0.359375 0.046875
vt 0.453125 0.000000
vt 0.453125 0.046875
vt 0.421875 0.046875
vt 0.421875 0.000000
vt 0.570312 0.031250
vt 0.578125 0.046875
vt 0.531250 0.046875
vt 0.539062 0.031250
vt 0.578125 0.015625
vt 0.531250 0.015625
vt 0.539062 0.000000
vt 0.570312 0.000000
vn 1.0000 0.0000 0.0000
vn -1.0000 0.0000 0.0000
vn 0.0000 1.0000 0.0000
vn 0.0000 -1.0000 -0.0000
vn 0.0000 -0.0000 1.0000
vn 0.0000 0.0000 -1.0000
vn 0.7071 0.7071 0.0000
vn -0.0624 0.9981 0.0000
vn 0.0416 -0.9991 0.0000
vn -0.7071 0.7071 0.0000
vn 0.7071 -0.7071 -0.0000
vn -0.7071 -0.7071 -0.0000
usemtl m_0b0e02ba-b4cf-82c6-9956-bd91082f6498
s 1
f 115/339/25 116/340/25 117/341/25 118/342/25
f 119/343/26 120/344/26 121/345/26 122/346/26
f 120/347/27 116/348/27 115/349/27 121/350/27
f 118/351/28 117/352/28 119/353/28 122/354/28
f 117/355/29 116/356/29 120/357/29 119/358/29
f 121/359/30 115/360/30 118/361/30 122/362/30
f 123/363/26 124/364/26 125/365/26 126/366/26
f 127/367/31 128/368/31 129/369/31 130/370/31
f 125/371/32 124/372/32 128/373/32 127/374/32
f 129/375/33 123/376/33 126/377/33 130/378/33
f 128/379/29 124/380/29 123/381/29 129/382/29
f 126/383/30 125/384/30 127/385/30 130/386/30
f 131/387/25 132/388/25 133/389/25 134/390/25
f 135/391/26 136/392/26 137/393/26 138/394/26
f 136/395/27 132/396/27 131/397/27 137/398/27
f 134/399/28 133/400/28 135/401/28 138/402/28
f 133/403/29 132/404/29 136/405/29 135/406/29
f 137/407/30 131/408/30 134/409/30 138/410/30
f 139/411/31 140/412/31 141/413/31 142/414/31
f 143/415/34 144/416/34 145/417/34 146/418/34
f 144/419/27 140/420/27 139/421/27 145/422/27
f 142/423/28 141/424/28 143/425/28 146/426/28
f 141/427/29 140/428/29 144/429/29 143/430/29
f 145/431/30 139/432/30 142/433/30 146/434/30
f 147/435/35 148/436/35 149/437/35 150/438/35
f 151/439/36 152/440/36 153/441/36 154/442/36
f 152/443/27 148/444/27 147/445/27 153/446/27
f 150/447/28 149/448/28 151/449/28 154/450/28
f 149/451/29 148/452/29 152/453/29 151/454/29
f 153/455/30 147/456/30 150/457/30 154/458/30
f 155/459/25 156/460/25 157/461/25 158/462/25
f 159/463/26 160/464/26 161/465/26 162/466/26
f 160/467/27 156/468/27 155/469/27 161/470/27
f 158/471/28 157/472/28 159/473/28 162/474/28
f 157/475/29 156/476/29 160/477/29 159/478/29
f 161/479/30 155/480/30 158/481/30 162/482/30
f 163/483/35 164/484/35 165/485/35 166/486/35
f 167/487/36 168/488/36 169/489/36 170/490/36
f 168/491/27 164/492/27 163/493/27 169/494/27
f 166/495/28 165/496/28 167/497/28 170/498/28
f 165/499/29 164/500/29 168/501/29 167/502/29
f 169/503/30 163/504/30 166/505/30 170/506/30
f 171/507/25 172/508/25 173/509/25 174/510/25
f 175/511/26 176/512/26 177/513/26 178/514/26
f 176/515/27 172/516/27 171/517/27 177/518/27
f 174/519/28 173/520/28 175/521/28 178/522/28
f 173/523/29 172/524/29 176/525/29 175/526/29
f 177/527/30 171/528/30 174/529/30 178/530/30
f 179/531/26 180/532/26 181/533/26 182/534/26
f 183/535/31 184/536/31 185/537/31 186/538/31
f 181/539/32 180/540/32 184/541/32 183/542/32
f 185/543/33 179/544/33 182/545/33 186/546/33
f 184/547/29 180/548/29 179/549/29 185/550/29
f 182/551/30 181/552/30 183/553/30 186/554/30
f 187/555/25 188/556/25 189/557/25 190/558/25
f 191/559/26 192/560/26 193/561/26 194/562/26
f 192/563/27 188/564/27 187/565/27 193/566/27
f 190/567/28 189/568/28 191/569/28 194/570/28
f 189/571/29 188/572/29 192/573/29 191/574/29
f 193/575/30 187/576/30 190/577/30 194/578/30
f 195/579/31 196/580/31 197/581/31 198/582/31
f 199/583/34 200/584/34 201/585/34 202/586/34
f 200/587/27 196/588/27 195/589/27 201/590/27
f 198/591/28 197/592/28 199/593/28 202/594/28
f 197/595/29 196/596/29 200/597/29 199/598/29
f 201/599/30 195/600/30 198/601/30 202/602/30
f 203/603/35 204/604/35 205/605/35 206/606/35
f 207/607/36 208/608/36 209/609/36 210/610/36
f 208/611/27 204/612/27 203/613/27 209/614/27
f 206/615/28 205/616/28 207/617/28 210/618/28
f 205/619/29 204/620/29 208/621/29 207/622/29
f 209/623/30 203/624/30 206/625/30 210/626/30
f 211/627/25 212/628/25 213/629/25 214/630/25
f 215/631/26 216/632/26 217/633/26 218/634/26
f 216/635/27 212/636/27 211/637/27 217/638/27
f 214/639/28 213/640/28 215/641/28 218/642/28
f 213/643/29 212/644/29 216/645/29 215/646/29
f 217/647/30 211/648/30 214/649/30 218/650/30
f 219/651/35 220/652/35 221/653/35 222/654/35
f 223/655/36 224/656/36 225/657/36 226/658/36
f 224/659/27 220/660/27 219/661/27 225/662/27
f 222/663/28 221/664/28 223/665/28 226/666/28
f 221/667/29 220/668/29 224/669/29 223/670/29
f 225/671/30 219/672/30 222/673/30 226/674/30
o powersteering_pulley
v 0.234375 0.049556 0.890625
v 0.216069 0.031250 0.890625
v 0.203125 0.062500 0.890625
v 0.234375 0.049556 0.921875
v 0.216069 0.031250 0.921875
v 0.203125 0.062500 0.921875
v 0.234375 0.075444 0.890625
v 0.234375 0.075444 0.921875
v 0.216069 0.093750 0.890625
v 0.216069 0.093750 0.921875
v 0.190181 0.093750 0.890625
v 0.190181 0.093750 0.921875
v 0.171875 0.075444 0.890625
v 0.171875 0.075444 0.921875
v 0.171875 0.049556 0.890625
v 0.171875 0.049556 0.921875
v 0.190181 0.031250 0.890625
v 0.190181 0.031250 0.921875
v 0.218750 0.078125 0.812500
v 0.218750 0.078125 0.937500
v 0.218750 0.046875 0.937500
v 0.218750 0.046875 0.812500
v 0.187500 0.046875 0.937500
v 0.187500 0.078125 0.937500
v 0.187500 0.078125 0.812500
v 0.187500 0.046875 0.812500
vt 0.906250 0.807923
vt 0.901673 0.812500
vt 0.898438 0.804688
vt 0.640625 0.093750
vt 0.656250 0.093750
vt 0.656250 0.109375
vt 0.640625 0.109375
vt 0.229798 0.093750
vt 0.234375 0.098327
vt 0.226562 0.101562
vt 0.906250 0.801452
vt 0.890625 0.765625
vt 0.906250 0.765625
vt 0.906250 0.781250
vt 0.890625 0.781250
vt 0.234375 0.104798
vt 0.901673 0.796875
vt 0.890625 0.328125
vt 0.906250 0.328125
vt 0.906250 0.343750
vt 0.890625 0.343750
vt 0.229798 0.109375
vt 0.895202 0.796875
vt 0.578125 0.093750
vt 0.593750 0.093750
vt 0.593750 0.109375
vt 0.578125 0.109375
vt 0.223327 0.109375
vt 0.890625 0.801452
vt 0.671875 0.093750
vt 0.687500 0.093750
vt 0.687500 0.109375
vt 0.671875 0.109375
vt 0.218750 0.104798
vt 0.890625 0.807923
vt 0.343750 0.093750
vt 0.359375 0.093750
vt 0.359375 0.109375
vt 0.343750 0.109375
vt 0.218750 0.098327
vt 0.895202 0.812500
vt 0.609375 0.093750
vt 0.625000 0.093750
vt 0.625000 0.109375
vt 0.609375 0.109375
vt 0.223327 0.093750
vt 0.406250 0.093750
vt 0.421875 0.093750
vt 0.421875 0.109375
vt 0.406250 0.109375
vt 0.578125 0.187500
vt 0.546875 0.187500
vt 0.546875 0.171875
vt 0.578125 0.171875
vt 0.843750 0.234375
vt 0.843750 0.250000
vt 0.812500 0.250000
vt 0.812500 0.234375
vt 0.765625 0.156250
vt 0.781250 0.156250
vt 0.781250 0.187500
vt 0.765625 0.187500
vt 0.828125 0.187500
vt 0.828125 0.218750
vt 0.812500 0.218750
vt 0.812500 0.187500
vt 0.906250 0.296875
vt 0.906250 0.312500
vt 0.890625 0.312500
vt 0.890625 0.296875
vt 0.718750 0.109375
vt 0.703125 0.109375
vt 0.703125 0.093750
vt 0.718750 0.093750
vn 0.0000 0.0000 -1.0000
vn 0.7071 -0.7071 -0.0000
vn -0.0000 0.0000 1.0000
vn 1.0000 0.0000 0.0000
vn 0.7071 0.7071 0.0000
vn 0.0000 1.0000 0.0000
vn -0.7071 0.7071 0.0000
vn -1.0000 0.0000 0.0000
vn -0.7071 -0.7071 -0.0000
vn 0.0000 -1.0000 -0.0000
usemtl m_0b0e02ba-b4cf-82c6-9956-bd91082f6498
s 1
f 227/675/37 228/676/37 229/677/37
f 228/678/38 227/679/38 230/680/38 231/681/38
f 231/682/39 230/683/39 232/684/39
f 233/685/37 227/675/37 229/677/37
f 227/686/40 233/687/40 234/688/40 230/689/40
f 230/683/39 234/690/39 232/684/39
f 235/691/37 233/685/37 229/677/37
f 233/692/41 235/693/41 236/694/41 234/695/41
f 234/690/39 236/696/39 232/684/39
f 237/697/37 235/691/37 229/677/37
f 235/698/42 237/699/42 238/700/42 236/701/42
f 236/696/39 238/702/39 232/684/39
f 239/703/37 237/697/37 229/677/37
f 237/704/43 239/705/43 240/706/43 238/707/43
f 238/702/39 240/708/39 232/684/39
f 241/709/37 239/703/37 229/677/37
f 239/710/44 241/711/44 242/712/44 240/713/44
f 240/708/39 242/714/39 232/684/39
f 243/715/37 241/709/37 229/677/37
f 241/716/45 243/717/45 244/718/45 242/719/45
f 242/714/39 244/720/39 232/684/39
f 228/676/37 243/715/37 229/677/37
f 243/721/46 228/722/46 231/723/46 244/724/46
f 244/720/39 231/682/39 232/684/39
f 245/725/40 246/726/40 247/727/40 248/728/40
f 249/729/44 250/730/44 251/731/44 252/732/44
f 250/733/42 246/734/42 245/735/42 251/736/42
f 248/737/46 247/738/46 249/739/46 252/740/46
f 247/741/39 246/742/39 250/743/39 249/744/39
f 251/745/37 245/746/37 248/747/37 252/748/37
o exhaust_element1
v -0.156250 0.281250 0.375000
v -0.156250 0.343750 0.375000
v -0.156250 0.343750 0.312500
v -0.156250 0.281250 0.312500
v -0.093750 0.343750 0.312500
v -0.093750 0.343750 0.375000
v -0.093750 0.281250 0.375000
v -0.093750 0.281250 0.312500
v -0.218750 0.281250 0.437500
v -0.218750 0.343750 0.437500
v -0.218750 0.343750 0.250000
v -0.218750 0.281250 0.250000
v -0.156250 0.343750 0.250000
v -0.156250 0.343750 0.437500
v -0.156250 0.281250 0.437500
v -0.156250 0.281250 0.250000
v -0.156250 0.281250 0.562500
v -0.156250 0.343750 0.562500
v -0.156250 0.343750 0.500000
v -0.156250 0.281250 0.500000
v -0.093750 0.343750 0.500000
v -0.093750 0.343750 0.562500
v -0.093750 0.281250 0.562500
v -0.093750 0.281250 0.500000
v -0.218750 0.281250 0.625000
v -0.218750 0.343750 0.625000
v -0.218750 0.343750 0.437500
v -0.218750 0.281250 0.437500
v -0.156250 0.343750 0.437500
v -0.156250 0.343750 0.625000
v -0.156250 0.281250 0.625000
v -0.156250 0.281250 0.437500
vt 0.843750 0.125000
vt 0.843750 0.140625
vt 0.828125 0.140625
vt 0.828125 0.125000
vt 0.875000 0.156250
vt 0.859375 0.156250
vt 0.859375 0.140625
vt 0.875000 0.140625
vt 0.875000 1.000000
vt 0.875000 0.984375
vt 0.890625 0.984375
vt 0.890625 1.000000
vt 0.140625 0.125000
vt 0.125000 0.125000
vt 0.125000 0.109375
vt 0.140625 0.109375
vt 0.171875 0.125000
vt 0.156250 0.125000
vt 0.156250 0.109375
vt 0.171875 0.109375
vt 0.203125 0.109375
vt 0.203125 0.125000
vt 0.187500 0.125000
vt 0.187500 0.109375
vt 0.734375 0.640625
vt 0.734375 0.656250
vt 0.687500 0.656250
vt 0.687500 0.640625
vt 0.734375 0.593750
vt 0.687500 0.593750
vt 0.687500 0.578125
vt 0.734375 0.578125
vt 0.687500 0.562500
vt 0.687500 0.515625
vt 0.703125 0.515625
vt 0.703125 0.562500
vt 0.703125 0.500000
vt 0.687500 0.500000
vt 0.687500 0.453125
vt 0.703125 0.453125
vt 0.265625 0.125000
vt 0.250000 0.125000
vt 0.250000 0.109375
vt 0.265625 0.109375
vt 0.890625 0.734375
vt 0.890625 0.750000
vt 0.875000 0.750000
vt 0.875000 0.734375
vt 0.843750 0.125000
vt 0.843750 0.140625
vt 0.828125 0.140625
vt 0.828125 0.125000
vt 0.875000 0.156250
vt 0.859375 0.156250
vt 0.859375 0.140625
vt 0.875000 0.140625
vt 0.875000 1.000000
vt 0.875000 0.984375
vt 0.890625 0.984375
vt 0.890625 1.000000
vt 0.140625 0.125000
vt 0.125000 0.125000
vt 0.125000 0.109375
vt 0.140625 0.109375
vt 0.171875 0.125000
vt 0.156250 0.125000
vt 0.156250 0.109375
vt 0.171875 0.109375
vt 0.203125 0.109375
vt 0.203125 0.125000
vt 0.187500 0.125000
vt 0.187500 0.109375
vt 0.734375 0.640625
vt 0.734375 0.656250
vt 0.687500 0.656250
vt 0.687500 0.640625
vt 0.734375 0.593750
vt 0.687500 0.593750
vt 0.687500 0.578125
vt 0.734375 0.578125
vt 0.687500 0.562500
vt 0.687500 0.515625
vt 0.703125 0.515625
vt 0.703125 0.562500
vt 0.703125 0.500000
vt 0.687500 0.500000
vt 0.687500 0.453125
vt 0.703125 0.453125
vt 0.265625 0.125000
vt 0.250000 0.125000
vt 0.250000 0.109375
vt 0.265625 0.109375
vt 0.890625 0.734375
vt 0.890625 0.750000
vt 0.875000 0.750000
vt 0.875000 0.734375
vn -1.0000 0.0000 0.0000
vn 1.0000 0.0000 0.0000
vn 0.0000 1.0000 0.0000
vn 0.0000 -1.0000 0.0000
vn 0.0000 0.0000 1.0000
vn 0.0000 0.0000 -1.0000
usemtl m_0b0e02ba-b4cf-82c6-9956-bd91082f6498
s 1
f 253/749/47 254/750/47 255/751/47 256/752/47
f 257/753/48 258/754/48 259/755/48 260/756/48
f 255/757/49 254/758/49 258/759/49 257/760/49
f 259/761/50 253/762/50 256/763/50 260/764/50
f 258/765/51 254/766/51 253/767/51 259/768/51
f 256/769/52 255/770/52 257/771/52 260/772/52
f 261/773/47 262/774/47 263/775/47 264/776/47
f 265/777/48 266/778/48 267/779/48 268/780/48
f 263/781/49 262/782/49 266/783/49 265/784/49
f 267/785/50 261/786/50 264/787/50 268/788/50
f 266/789/51 262/790/51 261/791/51 267/792/51
f 264/793/52 263/794/52 265/795/52 268/796/52
f 269/797/47 270/798/47 271/799/47 272/800/47
f 273/801/48 274/802/48 275/803/48 276/804/48
f 271/805/49 270/806/49 274/807/49 273/808/49
f 275/809/50 269/810/50 272/811/50 276/812/50
f 274/813/51 270/814/51 269/815/51 275/816/51
f 272/817/52 271/818/52 273/819/52 276/820/52
f 277/821/47 278/822/47 279/823/47 280/824/47
f 281/825/48 282/826/48 283/827/48 284/828/48
f 279/829/49 278/830/49 282/831/49 281/832/49
f 283/833/50 277/834/50 280/835/50 284/836/50
f 282/837/51 278/838/51 277/839/51 283/840/51
f 280/841/52 279/842/52 281/843/52 284/844/52
o crankshaft
v 0.031250 0.031250 -0.062500
v 0.031250 0.031250 0.062500
v 0.031250 -0.031250 0.062500
v 0.031250 -0.031250 -0.062500
v -0.031250 -0.031250 0.062500
v -0.031250 0.031250 0.062500
v -0.031250 0.031250 -0.062500
v -0.031250 -0.031250 -0.062500
vt 0.781250 0.593750
vt 0.750000 0.593750
vt 0.750000 0.578125
vt 0.781250 0.578125
vt 0.781250 0.421875
vt 0.781250 0.437500
vt 0.750000 0.437500
vt 0.750000 0.421875
vt 0.671875 0.218750
vt 0.687500 0.218750
vt 0.687500 0.250000
vt 0.671875 0.250000
vt 0.718750 0.218750
vt 0.718750 0.250000
vt 0.703125 0.250000
vt 0.703125 0.218750
vt 0.171875 0.140625
vt 0.171875 0.156250
vt 0.156250 0.156250
vt 0.156250 0.140625
vt 0.203125 0.156250
vt 0.187500 0.156250
vt 0.187500 0.140625
vt 0.203125 0.140625
vn 1.0000 0.0000 0.0000
vn -1.0000 0.0000 0.0000
vn 0.0000 1.0000 0.0000
vn 0.0000 -1.0000 -0.0000
vn 0.0000 -0.0000 1.0000
vn 0.0000 0.0000 -1.0000
usemtl m_0b0e02ba-b4cf-82c6-9956-bd91082f6498
s 1
f 285/845/53 286/846/53 287/847/53 288/848/53
f 289/849/54 290/850/54 291/851/54 292/852/54
f 290/853/55 286/854/55 285/855/55 291/856/55
f 288/857/56 287/858/56 289/859/56 292/860/56
f 287/861/57 286/862/57 290/863/57 289/864/57
f 291/865/58 285/866/58 288/867/58 292/868/58
o block_front
v 0.234375 0.250000 0.625000
v 0.234375 0.250000 0.656250
v 0.156250 -0.000000 0.656250
v 0.156250 -0.000000 0.625000
v 0.125000 -0.000000 0.656250
v 0.203125 0.250000 0.656250
v 0.203125 0.250000 0.625000
v 0.125000 -0.000000 0.625000
v 0.234375 0.281250 0.625000
v 0.234375 0.281250 0.656250
v 0.234375 0.250000 0.656250
v 0.234375 0.250000 0.625000
v 0.203125 0.250000 0.656250
v 0.203125 0.281250 0.656250
v 0.203125 0.281250 0.625000
v 0.203125 0.250000 0.625000
v 0.187500 0.312500 0.625000
v 0.187500 0.312500 0.781250
v 0.187500 0.250000 0.718750
v 0.187500 0.250000 0.625000
v 0.125000 0.250000 0.718750
v 0.125000 0.312500 0.781250
v 0.125000 0.312500 0.625000
v 0.125000 0.250000 0.625000
v 0.000000 0.304687 0.781250
v 0.000000 0.367187 0.781250
v 0.000000 0.367187 0.718750
v 0.000000 0.304687 0.718750
v 0.125000 0.375000 0.718750
v 0.125000 0.375000 0.781250
v 0.187500 0.312500 0.781250
v 0.187500 0.312500 0.718750
v 0.093750 0.375000 0.625000
v 0.093750 0.375000 0.812500
v 0.093750 0.250000 0.812500
v 0.093750 0.250000 0.625000
v -0.093750 0.250000 0.812500
v -0.093750 0.375000 0.812500
v -0.093750 0.375000 0.625000
v -0.093750 0.250000 0.625000
v 0.093750 0.250000 0.625000
v 0.093750 0.250000 0.812500
v 0.156250 0.187500 0.812500
v 0.156250 0.187500 0.625000
v -0.156250 0.187500 0.812500
v -0.093750 0.250000 0.812500
v -0.093750 0.250000 0.625000
v -0.156250 0.187500 0.625000
v 0.093750 0.250000 0.812500
v 0.062500 0.234375 0.859375
v 0.125000 0.187500 0.875000
v 0.156250 0.187500 0.812500
v -0.125000 0.187500 0.875000
v -0.062500 0.234375 0.859375
v -0.093750 0.250000 0.812500
v -0.156250 0.187500 0.812500
v 0.156250 0.187500 0.812500
v 0.125000 0.187500 0.875000
v 0.125000 -0.000000 0.875000
v 0.156250 -0.000000 0.812500
v -0.125000 -0.000000 0.875000
v -0.125000 0.187500 0.875000
v -0.156250 0.187500 0.812500
v -0.156250 -0.000000 0.812500
v 0.156250 0.187500 0.625000
v 0.156250 0.187500 0.812500
v 0.156250 -0.000000 0.812500
v 0.156250 -0.000000 0.625000
v -0.156250 -0.000000 0.812500
v -0.156250 0.187500 0.812500
v -0.156250 0.187500 0.625000
v -0.156250 -0.000000 0.625000
v 0.156250 -0.000000 0.625000
v 0.156250 -0.000000 0.812500
v 0.093750 -0.062500 0.812500
v 0.093750 -0.062500 0.625000
v -0.093750 -0.062500 0.812500
v -0.156250 -0.000000 0.812500
v -0.156250 -0.000000 0.625000
v -0.093750 -0.062500 0.625000
v 0.156250 -0.000000 0.812500
v 0.125000 -0.000000 0.875000
v 0.062500 -0.046875 0.859375
v 0.093750 -0.062500 0.812500
v -0.062500 -0.046875 0.859375
v -0.125000 -0.000000 0.875000
v -0.156250 -0.000000 0.812500
v -0.093750 -0.062500 0.812500
v 0.093750 -0.062500 0.625000
v 0.093750 -0.062500 0.812500
v 0.062500 -0.093750 0.781250
v 0.062500 -0.093750 0.625000
v -0.062500 -0.093750 0.781250
v -0.093750 -0.062500 0.812500
v -0.093750 -0.062500 0.625000
v -0.062500 -0.093750 0.625000
vt 0.562500 0.343750
vt 0.546875 0.343750
vt 0.546875 0.281250
vt 0.562500 0.281250
vt 0.593750 0.281250
vt 0.593750 0.343750
vt 0.578125 0.343750
vt 0.578125 0.281250
vt 0.921875 0.765625
vt 0.937500 0.765625
vt 0.937500 0.781250
vt 0.921875 0.781250
vt 0.359375 0.062500
vt 0.359375 0.078125
vt 0.343750 0.078125
vt 0.343750 0.062500
vt 0.538737 0.359375
vt 0.604218 0.359375
vt 0.601888 0.375000
vt 0.536407 0.375000
vt 0.640625 0.372670
vt 0.625000 0.375000
vt 0.625000 0.309519
vt 0.640625 0.307189
vt 0.421875 0.078125
vt 0.406250 0.078125
vt 0.406250 0.062500
vt 0.421875 0.062500
vt 0.578125 0.062500
vt 0.578125 0.078125
vt 0.562500 0.078125
vt 0.562500 0.062500
vt 0.593750 0.062500
vt 0.609375 0.062500
vt 0.609375 0.078125
vt 0.593750 0.078125
vt 0.640625 0.062500
vt 0.640625 0.078125
vt 0.625000 0.078125
vt 0.625000 0.062500
vt 0.671875 0.062500
vt 0.671875 0.078125
vt 0.656250 0.078125
vt 0.656250 0.062500
vt 0.937500 0.343750
vt 0.921875 0.343750
vt 0.921875 0.328125
vt 0.937500 0.328125
vt 0.046875 0.265625
vt 0.000000 0.265625
vt 0.015625 0.250000
vt 0.046875 0.250000
vt 0.777344 0.765625
vt 0.792969 0.781250
vt 0.753906 0.781250
vt 0.753906 0.765625
vt 0.734375 0.953125
vt 0.750000 0.953125
vt 0.750000 1.000000
vt 0.734375 1.000000
vt 0.843750 0.843750
vt 0.843750 0.875000
vt 0.828125 0.875000
vt 0.828125 0.843750
vt 0.296875 0.046875
vt 0.296875 0.062500
vt 0.281250 0.062500
vt 0.281250 0.046875
vt 0.953125 0.750000
vt 0.937500 0.750000
vt 0.937500 0.734375
vt 0.953125 0.734375
vt 0.953125 0.703125
vt 0.953125 0.718750
vt 0.937500 0.718750
vt 0.937500 0.703125
vt 0.328125 0.062500
vt 0.312500 0.062500
vt 0.312500 0.046875
vt 0.328125 0.046875
vt 0.828125 0.625000
vt 0.828125 0.609375
vt 0.859375 0.609375
vt 0.859375 0.625000
vt 0.781250 0.937500
vt 0.734375 0.937500
vt 0.734375 0.921875
vt 0.781250 0.921875
vt 0.765625 0.906250
vt 0.734375 0.906250
vt 0.734375 0.890625
vt 0.781250 0.890625
vt 0.781250 0.859375
vt 0.781250 0.875000
vt 0.750000 0.875000
vt 0.734375 0.859375
vt 0.156250 0.500000
vt 0.109375 0.500000
vt 0.109375 0.468750
vt 0.156250 0.468750
vt 0.546875 0.812500
vt 0.546875 0.843750
vt 0.500000 0.843750
vt 0.500000 0.812500
vt 0.000000 0.515625
vt 0.046875 0.515625
vt 0.046875 0.562500
vt 0.000000 0.562500
vt 0.484375 0.953125
vt 0.484375 1.000000
vt 0.437500 1.000000
vt 0.437500 0.953125
vt 0.218750 0.468750
vt 0.218750 0.500000
vt 0.171875 0.500000
vt 0.171875 0.468750
vt 0.546875 0.796875
vt 0.500000 0.796875
vt 0.500000 0.765625
vt 0.546875 0.765625
vt 0.781250 0.375000
vt 0.734375 0.375000
vt 0.734375 0.359375
vt 0.781250 0.359375
vt 0.109375 0.234375
vt 0.109375 0.250000
vt 0.062500 0.250000
vt 0.062500 0.234375
vt 0.125000 0.515625
vt 0.171875 0.515625
vt 0.171875 0.562500
vt 0.125000 0.562500
vt 0.343750 0.828125
vt 0.343750 0.875000
vt 0.265625 0.875000
vt 0.265625 0.828125
vt 0.109375 0.406250
vt 0.093750 0.421875
vt 0.046875 0.421875
vt 0.031250 0.406250
vt 0.187500 0.421875
vt 0.140625 0.421875
vt 0.125000 0.406250
vt 0.203125 0.406250
vt 0.507812 0.703124
vt 0.500000 0.690772
vt 0.517857 0.681948
vt 0.527902 0.695359
vt 0.450893 0.681948
vt 0.468750 0.690772
vt 0.460938 0.703124
vt 0.440848 0.695359
vt 0.421875 0.406250
vt 0.414062 0.421875
vt 0.351562 0.421875
vt 0.343750 0.406250
vt 0.062500 0.828125
vt 0.046875 0.843750
vt 0.015625 0.843750
vt 0.000000 0.828125
vt 0.562500 0.406250
vt 0.515625 0.406250
vt 0.500000 0.390625
vt 0.578125 0.390625
vt 0.656250 0.265625
vt 0.640625 0.265625
vt 0.640625 0.218750
vt 0.656250 0.218750
vt 0.140625 0.203125
vt 0.140625 0.250000
vt 0.125000 0.250000
vt 0.125000 0.203125
vt 0.601562 0.484375
vt 0.664062 0.484375
vt 0.671875 0.500000
vt 0.593750 0.500000
vt 0.671875 0.453125
vt 0.664062 0.468750
vt 0.601562 0.468750
vt 0.593750 0.453125
vt 0.421875 0.953125
vt 0.421875 1.000000
vt 0.359375 1.000000
vt 0.359375 0.953125
vt 0.359375 0.812500
vt 0.281250 0.812500
vt 0.281250 0.765625
vt 0.359375 0.765625
vt 0.234375 0.562500
vt 0.187500 0.562500
vt 0.187500 0.515625
vt 0.234375 0.515625
vt 0.484375 0.765625
vt 0.484375 0.812500
vt 0.437500 0.812500
vt 0.437500 0.765625
vt 0.281250 0.703125
vt 0.359375 0.703125
vt 0.359375 0.750000
vt 0.281250 0.750000
vt 0.078125 0.640625
vt 0.078125 0.687500
vt 0.000000 0.687500
vt 0.000000 0.640625
vt 0.171875 0.640625
vt 0.171875 0.687500
vt 0.093750 0.687500
vt 0.093750 0.640625
vt 0.265625 0.687500
vt 0.187500 0.687500
vt 0.187500 0.640625
vt 0.265625 0.640625
vt 0.203125 0.250000
vt 0.156250 0.250000
vt 0.156250 0.234375
vt 0.203125 0.234375
vt 0.265625 0.234375
vt 0.265625 0.250000
vt 0.218750 0.250000
vt 0.218750 0.234375
vt 0.281250 0.640625
vt 0.359375 0.640625
vt 0.359375 0.687500
vt 0.281250 0.687500
vt 0.296875 0.515625
vt 0.296875 0.562500
vt 0.250000 0.562500
vt 0.250000 0.515625
vt 0.656250 0.421875
vt 0.671875 0.437500
vt 0.593750 0.437500
vt 0.609375 0.421875
vt 0.671875 0.406250
vt 0.593750 0.406250
vt 0.609375 0.390625
vt 0.656250 0.390625
vt 0.528199 0.725734
vt 0.517898 0.739843
vt 0.500000 0.731102
vt 0.507487 0.719265
vt 0.468750 0.731102
vt 0.450854 0.739845
vt 0.440551 0.725737
vt 0.461263 0.719264
vt 0.039062 0.375000
vt 0.101562 0.375000
vt 0.109375 0.390625
vt 0.031250 0.390625
vt 0.507813 0.718750
vt 0.460938 0.718750
vt 0.703125 0.984375
vt 0.718750 1.000000
vt 0.656250 1.000000
vt 0.671875 0.984375
vt 0.203125 0.390625
vt 0.125000 0.390625
vt 0.140625 0.375000
vt 0.187500 0.375000
vt 0.750000 0.015625
vt 0.703125 0.015625
vt 0.710938 0.000000
vt 0.750000 0.000000
vt 0.742188 0.031250
vt 0.750000 0.046875
vt 0.703125 0.046875
vt 0.703125 0.031250
vt 0.593750 0.000000
vt 0.640625 0.000000
vt 0.640625 0.046875
vt 0.593750 0.046875
vt 0.687500 0.000000
vt 0.687500 0.039062
vt 0.656250 0.039062
vt 0.656250 0.000000
vt 0.804688 0.031250
vt 0.812500 0.046875
vt 0.765625 0.046875
vt 0.773438 0.031250
vt 0.812500 0.015625
vt 0.765625 0.015625
vt 0.773438 0.000000
vt 0.804688 0.000000
vn 0.9545 -0.2983 0.0000
vn -0.9545 0.2983 0.0000
vn 0.0000 1.0000 0.0000
vn 0.0000 -1.0000 -0.0000
vn 0.0000 -0.0000 1.0000
vn 0.0000 0.0000 -1.0000
vn 1.0000 0.0000 0.0000
vn -1.0000 0.0000 0.0000
vn 0.0000 -0.7071 0.7071
vn 0.7071 0.7071 0.0000
vn -0.0624 0.9981 0.0000
vn 0.0416 -0.9991 0.0000
vn -0.7071 0.7071 0.0000
vn 0.4216 0.7379 0.5270
vn 0.4217 0.7379 0.5270
vn 0.4216 0.7379 0.5271
vn -0.4216 0.7379 0.5271
vn -0.4217 0.7379 0.5270
vn -0.4216 0.7379 0.5270
vn 0.0000 0.9487 0.3162
vn 0.0000 0.3162 0.9487
vn 0.8944 -0.0000 0.4472
vn -0.8944 -0.0000 0.4472
vn 0.7071 -0.7071 -0.0000
vn -0.7071 -0.7071 -0.0000
vn 0.5345 -0.8018 0.2672
vn 0.5345 -0.8018 0.2673
vn -0.5345 -0.8018 0.2673
vn -0.5345 -0.8018 0.2672
vn 0.0000 -0.9487 0.3162
vn 0.0000 -0.3162 0.9487
usemtl m_0b0e02ba-b4cf-82c6-9956-bd91082f6498
s 1
f 293/869/59 294/870/59 295/871/59 296/872/59
f 297/873/60 298/874/60 299/875/60 300/876/60
f 298/877/61 294/878/61 293/879/61 299/880/61
f 296/881/62 295/882/62 297/883/62 300/884/62
f 295/885/63 294/886/63 298/887/63 297/888/63
f 299/889/64 293/890/64 296/891/64 300/892/64
f 301/893/65 302/894/65 303/895/65 304/896/65
f 305/897/66 306/898/66 307/899/66 308/900/66
f 306/901/61 302/902/61 301/903/61 307/904/61
f 304/905/62 303/906/62 305/907/62 308/908/62
f 303/909/63 302/910/63 306/911/63 305/912/63
f 307/913/64 301/914/64 304/915/64 308/916/64
f 309/917/65 310/918/65 311/919/65 312/920/65
f 313/921/66 314/922/66 315/923/66 316/924/66
f 314/925/61 310/926/61 309/927/61 315/928/61
f 312/929/62 311/930/62 313/931/62 316/932/62
f 311/933/67 310/934/67 314/935/67 313/936/67
f 315/937/64 309/938/64 312/939/64 316/940/64
f 317/941/66 318/942/66 319/943/66 320/944/66
f 321/945/68 322/946/68 323/947/68 324/948/68
f 319/949/69 318/950/69 322/951/69 321/952/69
f 323/953/70 317/954/70 320/955/70 324/956/70
f 322/957/63 318/958/63 317/959/63 323/960/63
f 320/961/64 319/962/64 321/963/64 324/964/64
f 325/965/65 326/966/65 327/967/65 328/968/65
f 329/969/66 330/970/66 331/971/66 332/972/66
f 330/973/61 326/974/61 325/975/61 331/976/61
f 328/977/62 327/978/62 329/979/62 332/980/62
f 327/981/63 326/982/63 330/983/63 329/984/63
f 331/985/64 325/986/64 328/987/64 332/988/64
f 333/989/68 334/990/68 335/991/68 336/992/68
f 337/993/71 338/994/71 339/995/71 340/996/71
f 338/997/61 334/998/61 333/999/61 339/1000/61
f 336/1001/62 335/1002/62 337/1003/62 340/1004/62
f 335/1005/63 334/1006/63 338/1007/63 337/1008/63
f 339/1009/64 333/1010/64 336/1011/64 340/1012/64
f 341/1013/72 342/1014/73 343/1015/74 344/1016/72
f 345/1017/75 346/1018/76 347/1019/77 348/1020/77
f 346/1018/78 342/1014/78 341/1013/78 347/1019/78
f 344/1021/62 343/1022/62 345/1023/62 348/1024/62
f 343/1025/79 342/1026/79 346/1027/79 345/1028/79
f 347/1029/64 341/1030/64 344/1031/64 348/1032/64
f 349/1033/80 350/1034/80 351/1035/80 352/1036/80
f 353/1037/81 354/1038/81 355/1039/81 356/1040/81
f 354/1041/61 350/1042/61 349/1043/61 355/1044/61
f 352/1045/62 351/1046/62 353/1047/62 356/1048/62
f 351/1049/63 350/1050/63 354/1051/63 353/1052/63
f 355/1053/64 349/1054/64 352/1055/64 356/1056/64
f 357/1057/65 358/1058/65 359/1059/65 360/1060/65
f 361/1061/66 362/1062/66 363/1063/66 364/1064/66
f 362/1065/61 358/1066/61 357/1067/61 363/1068/61
f 360/1069/62 359/1070/62 361/1071/62 364/1072/62
f 359/1073/63 358/1074/63 362/1075/63 361/1076/63
f 363/1077/64 357/1078/64 360/1079/64 364/1080/64
f 365/1081/82 366/1082/82 367/1083/82 368/1084/82
f 369/1085/83 370/1086/83 371/1087/83 372/1088/83
f 370/1089/61 366/1090/61 365/1091/61 371/1092/61
f 368/1093/62 367/1094/62 369/1095/62 372/1096/62
f 367/1097/63 366/1098/63 370/1099/63 369/1100/63
f 371/1101/64 365/1102/64 368/1103/64 372/1104/64
f 373/1105/84 374/1106/85 375/1107/85 376/1108/84
f 377/1109/86 378/1110/86 379/1111/87 380/1112/87
f 378/1113/61 374/1114/61 373/1115/61 379/1116/61
f 376/1117/88 375/1107/88 377/1109/88 380/1118/88
f 375/1119/89 374/1120/89 378/1121/89 377/1122/89
f 379/1123/64 373/1124/64 376/1125/64 380/1126/64
f 381/1127/82 382/1128/82 383/1129/82 384/1130/82
f 385/1131/83 386/1132/83 387/1133/83 388/1134/83
f 386/1135/61 382/1136/61 381/1137/61 387/1138/61
f 384/1139/62 383/1140/62 385/1141/62 388/1142/62
f 383/1143/67 382/1144/67 386/1145/67 385/1146/67
f 387/1147/64 381/1148/64 384/1149/64 388/1150/64
o tensioner
v 0.115847 0.054687 0.851562
v 0.115847 0.054687 0.898438
v 0.093750 0.032590 0.898438
v 0.093750 0.032590 0.851562
v 0.071653 0.054687 0.898438
v 0.093750 0.076785 0.898438
v 0.093750 0.076785 0.851562
v 0.071653 0.054687 0.851562
v 0.109375 0.132812 0.875000
v 0.109375 0.132812 0.890625
v 0.109375 0.054687 0.890625
v 0.109375 0.054687 0.875000
v 0.078125 0.054687 0.890625
v 0.078125 0.132812 0.890625
v 0.078125 0.132812 0.875000
v 0.078125 0.054687 0.875000
vt 0.906250 0.250000
vt 0.890625 0.250000
vt 0.890625 0.234375
vt 0.906250 0.234375
vt 0.781250 0.093750
vt 0.781250 0.109375
vt 0.765625 0.109375
vt 0.765625 0.093750
vt 0.796875 0.093750
vt 0.812500 0.093750
vt 0.812500 0.109375
vt 0.796875 0.109375
vt 0.906250 0.171875
vt 0.906250 0.187500
vt 0.890625 0.187500
vt 0.890625 0.171875
vt 0.843750 0.093750
vt 0.843750 0.109375
vt 0.828125 0.109375
vt 0.828125 0.093750
vt 0.906250 0.156250
vt 0.890625 0.156250
vt 0.890625 0.140625
vt 0.906250 0.140625
vt 0.906250 0.125000
vt 0.890625 0.125000
vt 0.890625 0.109375
vt 0.906250 0.109375
vt 0.921875 0.984375
vt 0.921875 1.000000
vt 0.906250 1.000000
vt 0.906250 0.984375
vt 0.125000 0.078125
vt 0.140625 0.078125
vt 0.140625 0.093750
vt 0.125000 0.093750
vt 0.171875 0.078125
vt 0.171875 0.093750
vt 0.156250 0.093750
vt 0.156250 0.078125
vt 0.203125 0.078125
vt 0.203125 0.093750
vt 0.187500 0.093750
vt 0.187500 0.078125
vt 0.265625 0.093750
vt 0.250000 0.093750
vt 0.250000 0.078125
vt 0.265625 0.078125
vn 0.7071 -0.7071 -0.0000
vn -0.7071 0.7071 0.0000
vn 0.7071 0.7071 0.0000
vn -0.7071 -0.7071 -0.0000
vn 0.0000 0.0000 1.0000
vn 0.0000 0.0000 -1.0000
vn 1.0000 0.0000 0.0000
vn -1.0000 0.0000 0.0000
vn 0.0000 1.0000 0.0000
vn 0.0000 -1.0000 -0.0000
usemtl m_0b0e02ba-b4cf-82c6-9956-bd91082f6498
s 1
f 389/1151/90 390/1152/90 391/1153/90 392/1154/90
f 393/1155/91 394/1156/91 395/1157/91 396/1158/91
f 394/1159/92 390/1160/92 389/1161/92 395/1162/92
f 392/1163/93 391/1164/93 393/1165/93 396/1166/93
f 391/1167/94 390/1168/94 394/1169/94 393/1170/94
f 395/1171/95 389/1172/95 392/1173/95 396/1174/95
f 397/1175/96 398/1176/96 399/1177/96 400/1178/96
f 401/1179/97 402/1180/97 403/1181/97 404/1182/97
f 402/1183/98 398/1184/98 397/1185/98 403/1186/98
f 400/1187/99 399/1188/99 401/1189/99 404/1190/99
f 399/1191/94 398/1192/94 402/1193/94 401/1194/94
f 403/1195/95 397/1196/95 400/1197/95 404/1198/95
o powersteering
v 0.187500 0.109375 0.828125
v 0.187500 0.109375 0.859375
v 0.187500 0.015625 0.859375
v 0.187500 0.015625 0.828125
v 0.125000 0.015625 0.859375
v 0.125000 0.109375 0.859375
v 0.125000 0.109375 0.828125
v 0.125000 0.015625 0.828125
v 0.250000 0.078125 0.781250
v 0.250000 0.078125 0.875000
v 0.250000 0.046875 0.875000
v 0.250000 0.046875 0.781250
v 0.156250 0.046875 0.875000
v 0.156250 0.078125 0.875000
v 0.156250 0.078125 0.781250
v 0.156250 0.046875 0.781250
v 0.250000 0.046875 0.781250
v 0.250000 0.046875 0.875000
v 0.218750 0.015625 0.875000
v 0.218750 0.015625 0.781250
v 0.187500 0.015625 0.875000
v 0.156250 0.046875 0.875000
v 0.156250 0.046875 0.781250
v 0.187500 0.015625 0.781250
v 0.218750 0.109375 0.781250
v 0.218750 0.109375 0.875000
v 0.250000 0.078125 0.875000
v 0.250000 0.078125 0.781250
v 0.156250 0.078125 0.875000
v 0.187500 0.109375 0.875000
v 0.187500 0.109375 0.781250
v 0.156250 0.078125 0.781250
vt 0.015625 0.187500
vt 0.000000 0.187500
vt 0.000000 0.156250
vt 0.015625 0.156250
vt 0.046875 0.156250
vt 0.046875 0.187500
vt 0.031250 0.187500
vt 0.031250 0.156250
vt 0.890625 0.859375
vt 0.906250 0.859375
vt 0.906250 0.875000
vt 0.890625 0.875000
vt 0.906250 0.828125
vt 0.906250 0.843750
vt 0.890625 0.843750
vt 0.890625 0.828125
vt 0.078125 0.156250
vt 0.078125 0.187500
vt 0.062500 0.187500
vt 0.062500 0.156250
vt 0.109375 0.187500
vt 0.093750 0.187500
vt 0.093750 0.156250
vt 0.109375 0.156250
vt 0.828125 0.281250
vt 0.796875 0.281250
vt 0.796875 0.265625
vt 0.828125 0.265625
vt 0.156250 0.171875
vt 0.156250 0.187500
vt 0.125000 0.187500
vt 0.125000 0.171875
vt 0.640625 0.562500
vt 0.671875 0.562500
vt 0.671875 0.593750
vt 0.640625 0.593750
vt 0.671875 0.515625
vt 0.671875 0.546875
vt 0.640625 0.546875
vt 0.640625 0.515625
vt 0.203125 0.171875
vt 0.203125 0.187500
vt 0.171875 0.187500
vt 0.171875 0.171875
vt 0.843750 0.812500
vt 0.812500 0.812500
vt 0.812500 0.796875
vt 0.843750 0.796875
vt 0.843750 0.781250
vt 0.812500 0.781250
vt 0.812500 0.765625
vt 0.843750 0.765625
vt 0.343750 0.171875
vt 0.343750 0.187500
vt 0.312500 0.187500
vt 0.312500 0.171875
vt 0.656250 0.843750
vt 0.687500 0.843750
vt 0.687500 0.875000
vt 0.656250 0.875000
vt 0.234375 0.156250
vt 0.234375 0.187500
vt 0.218750 0.187500
vt 0.218750 0.156250
vt 0.847656 0.515625
vt 0.855469 0.531250
vt 0.832031 0.531250
vt 0.839844 0.515625
vt 0.855469 0.500000
vt 0.832031 0.500000
vt 0.839844 0.484375
vt 0.847656 0.484375
vt 0.484375 0.187500
vt 0.453125 0.187500
vt 0.453125 0.171875
vt 0.484375 0.171875
vt 0.531250 0.171875
vt 0.531250 0.187500
vt 0.500000 0.187500
vt 0.500000 0.171875
vt 0.421875 0.156250
vt 0.437500 0.156250
vt 0.437500 0.187500
vt 0.421875 0.187500
vt 0.687500 0.796875
vt 0.687500 0.828125
vt 0.656250 0.828125
vt 0.656250 0.796875
vt 0.855469 0.453125
vt 0.847656 0.468750
vt 0.839844 0.468750
vt 0.832031 0.453125
vt 0.613281 0.171875
vt 0.605469 0.171875
vt 0.597656 0.156250
vt 0.621094 0.156250
vn 1.0000 0.0000 0.0000
vn -1.0000 0.0000 0.0000
vn 0.0000 1.0000 0.0000
vn 0.0000 -1.0000 -0.0000
vn 0.0000 0.0000 1.0000
vn 0.0000 0.0000 -1.0000
vn 0.7071 -0.7071 -0.0000
vn -0.7071 -0.7071 -0.0000
vn 0.7071 0.7071 0.0000
vn -0.7071 0.7071 0.0000
usemtl m_0b0e02ba-b4cf-82c6-9956-bd91082f6498
s 1
f 405/1199/100 406/1200/100 407/1201/100 408/1202/100
f 409/1203/101 410/1204/101 411/1205/101 412/1206/101
f 410/1207/102 406/1208/102 405/1209/102 411/1210/102
f 408/1211/103 407/1212/103 409/1213/103 412/1214/103
f 407/1215/104 406/1216/104 410/1217/104 409/1218/104
f 411/1219/105 405/1220/105 408/1221/105 412/1222/105
f 413/1223/100 414/1224/100 415/1225/100 416/1226/100
f 417/1227/101 418/1228/101 419/1229/101 420/1230/101
f 418/1231/102 414/1232/102 413/1233/102 419/1234/102
f 416/1235/103 415/1236/103 417/1237/103 420/1238/103
f 415/1239/104 414/1240/104 418/1241/104 417/1242/104
f 419/1243/105 413/1244/105 416/1245/105 420/1246/105
f 421/1247/106 422/1248/106 423/1249/106 424/1250/106
f 425/1251/107 426/1252/107 427/1253/107 428/1254/107
f 426/1255/102 422/1256/102 421/1257/102 427/1258/102
f 424/1259/103 423/1260/103 425/1261/103 428/1262/103
f 423/1263/104 422/1264/104 426/1265/104 425/1266/104
f 427/1267/105 421/1268/105 424/1269/105 428/1270/105
f 429/1271/108 430/1272/108 431/1273/108 432/1274/108
f 433/1275/109 434/1276/109 435/1277/109 436/1278/109
f 434/1279/102 430/1280/102 429/1281/102 435/1282/102
f 432/1283/103 431/1284/103 433/1285/103 436/1286/103
f 431/1287/104 430/1288/104 434/1289/104 433/1290/104
f 435/1291/105 429/1292/105 432/1293/105 436/1294/105
o dipstick_tip
v 0.242188 0.296875 0.617188
v 0.242188 0.296875 0.664062
v 0.242188 0.281250 0.664062
v 0.242188 0.281250 0.617188
v 0.195312 0.281250 0.664062
v 0.195312 0.296875 0.664062
v 0.195312 0.296875 0.617188
v 0.195312 0.281250 0.617188
v 0.235323 0.296875 0.624052
v 0.235323 0.343750 0.624052
v 0.202177 0.343750 0.657198
v 0.202177 0.296875 0.657198
vt 0.703125 0.078125
vt 0.687500 0.078125
vt 0.687500 0.062500
vt 0.703125 0.062500
vt 0.937500 0.296875
vt 0.937500 0.312500
vt 0.921875 0.312500
vt 0.921875 0.296875
vt 0.921875 0.234375
vt 0.937500 0.234375
vt 0.937500 0.250000
vt 0.921875 0.250000
vt 0.781250 0.062500
vt 0.781250 0.078125
vt 0.765625 0.078125
vt 0.765625 0.062500
vt 0.812500 0.062500
vt 0.812500 0.078125
vt 0.796875 0.078125
vt 0.796875 0.062500
vt 0.937500 0.187500
vt 0.921875 0.187500
vt 0.921875 0.171875
vt 0.937500 0.171875
vt 0.062500 0.937500
vt 0.062500 1.000000
vt 0.000000 1.000000
vt 0.000000 0.937500
vn 1.0000 0.0000 0.0000
vn -1.0000 0.0000 0.0000
vn 0.0000 1.0000 0.0000
vn 0.0000 -1.0000 -0.0000
vn 0.0000 0.0000 1.0000
vn 0.0000 0.0000 -1.0000
vn 0.7071 0.0000 0.7071
usemtl m_0b0e02ba-b4cf-82c6-9956-bd91082f6498
s 1
f 437/1295/110 438/1296/110 439/1297/110 440/1298/110
f 441/1299/111 442/1300/111 443/1301/111 444/1302/111
f 442/1303/112 438/1304/112 437/1305/112 443/1306/112
f 440/1307/113 439/1308/113 441/1309/113 444/1310/113
f 439/1311/114 438/1312/114 442/1313/114 441/1314/114
f 443/1315/115 437/1316/115 440/1317/115 444/1318/115
f 445/1319/116 446/1320/116 447/1321/116 448/1322/116
o pulley
v 0.015625 0.203125 0.812500
v 0.015625 0.203125 0.968750
v 0.015625 0.171875 0.968750
v 0.015625 0.171875 0.812500
v -0.015625 0.171875 0.968750
v -0.015625 0.203125 0.968750
v -0.015625 0.203125 0.812500
v -0.015625 0.171875 0.812500
v 0.046875 0.168084 0.890625
v 0.019416 0.140625 0.890625
v 0.000000 0.187500 0.890625
v 0.046875 0.168084 0.921875
v 0.019416 0.140625 0.921875
v 0.000000 0.187500 0.921875
v 0.046875 0.206916 0.890625
v 0.046875 0.206916 0.921875
v 0.019416 0.234375 0.890625
v 0.019416 0.234375 0.921875
v -0.019416 0.234375 0.890625
v -0.019416 0.234375 0.921875
v -0.046875 0.206916 0.890625
v -0.046875 0.206916 0.921875
v -0.046875 0.168084 0.890625
v -0.046875 0.168084 0.921875
v -0.019416 0.140625 0.890625
v -0.019416 0.140625 0.921875
vt 0.734375 0.281250
vt 0.687500 0.281250
vt 0.687500 0.265625
vt 0.734375 0.265625
vt 0.765625 0.296875
vt 0.765625 0.312500
vt 0.718750 0.312500
vt 0.718750 0.296875
vt 0.312500 0.234375
vt 0.328125 0.234375
vt 0.328125 0.281250
vt 0.312500 0.281250
vt 0.625000 0.234375
vt 0.625000 0.281250
vt 0.609375 0.281250
vt 0.609375 0.234375
vt 0.046875 0.062500
vt 0.046875 0.078125
vt 0.031250 0.078125
vt 0.031250 0.062500
vt 0.937500 0.968750
vt 0.921875 0.968750
vt 0.921875 0.953125
vt 0.937500 0.953125
vt 0.777344 0.735323
vt 0.770480 0.742188
vt 0.765625 0.730469
vt 0.921875 0.796875
vt 0.937500 0.796875
vt 0.937500 0.812500
vt 0.921875 0.812500
vt 0.770480 0.679688
vt 0.777344 0.686552
vt 0.765625 0.691406
vt 0.777344 0.725614
vt 0.062500 0.062500
vt 0.078125 0.062500
vt 0.078125 0.078125
vt 0.062500 0.078125
vt 0.777344 0.696261
vt 0.770480 0.718750
vt 0.921875 0.859375
vt 0.937500 0.859375
vt 0.937500 0.875000
vt 0.921875 0.875000
vt 0.770480 0.703125
vt 0.760770 0.718750
vt 0.921875 0.890625
vt 0.937500 0.890625
vt 0.937500 0.906250
vt 0.921875 0.906250
vt 0.760770 0.703125
vt 0.753906 0.725614
vt 0.218750 0.062500
vt 0.234375 0.062500
vt 0.234375 0.078125
vt 0.218750 0.078125
vt 0.753906 0.696261
vt 0.753906 0.735323
vt 0.093750 0.062500
vt 0.109375 0.062500
vt 0.109375 0.078125
vt 0.093750 0.078125
vt 0.753906 0.686552
vt 0.760770 0.742188
vt 0.921875 0.828125
vt 0.937500 0.828125
vt 0.937500 0.843750
vt 0.921875 0.843750
vt 0.760770 0.679688
vt 0.921875 0.921875
vt 0.937500 0.921875
vt 0.937500 0.937500
vt 0.921875 0.937500
vn 1.0000 0.0000 0.0000
vn -1.0000 0.0000 0.0000
vn 0.0000 1.0000 0.0000
vn 0.0000 -1.0000 -0.0000
vn 0.0000 -0.0000 1.0000
vn 0.0000 0.0000 -1.0000
vn 0.7071 -0.7071 0.0000
vn 0.7071 0.7071 0.0000
vn -0.7071 0.7071 0.0000
vn -0.7071 -0.7071 0.0000
usemtl m_0b0e02ba-b4cf-82c6-9956-bd91082f6498
s 1
f 449/1323/117 450/1324/117 451/1325/117 452/1326/117
f 453/1327/118 454/1328/118 455/1329/118 456/1330/118
f 454/1331/119 450/1332/119 449/1333/119 455/1334/119
f 452/1335/120 451/1336/120 453/1337/120 456/1338/120
f 451/1339/121 450/1340/121 454/1341/121 453/1342/121
f 455/1343/122 449/1344/122 452/1345/122 456/1346/122
f 457/1347/122 458/1348/122 459/1349/122
f 458/1350/123 457/1351/123 460/1352/123 461/1353/123
f 461/1354/121 460/1355/121 462/1356/121
f 463/1357/122 457/1347/122 459/1349/122
f 457/1358/117 463/1359/117 464/1360/117 460/1361/117
f 460/1355/121 464/1362/121 462/1356/121
f 465/1363/122 463/1357/122 459/1349/122
f 463/1364/124 465/1365/124 466/1366/124 464/1367/124
f 464/1362/121 466/1368/121 462/1356/121
f 467/1369/122 465/1363/122 459/1349/122
f 465/1370/119 467/1371/119 468/1372/119 466/1373/119
f 466/1368/121 468/1374/121 462/1356/121
f 469/1375/122 467/1369/122 459/1349/122
f 467/1376/125 469/1377/125 470/1378/125 468/1379/125
f 468/1374/121 470/1380/121 462/1356/121
f 471/1381/122 469/1375/122 459/1349/122
f 469/1382/118 471/1383/118 472/1384/118 470/1385/118
f 470/1380/121 472/1386/121 462/1356/121
f 473/1387/122 471/1381/122 459/1349/122
f 471/1388/126 473/1389/126 474/1390/126 472/1391/126
f 472/1386/121 474/1392/121 462/1356/121
f 458/1348/122 473/1387/122 459/1349/122
f 473/1393/120 458/1394/120 461/1395/120 474/1396/120
f 474/1392/121 461/1354/121 462/1356/121
o valvecover_root
v 0.062500 0.437500 0.093750
v 0.062500 0.437500 0.250000
v 0.093750 0.375000 0.250000
v 0.093750 0.375000 0.062500
v -0.093750 0.375000 0.250000
v -0.062500 0.437500 0.250000
v -0.062500 0.437500 0.093750
v -0.093750 0.375000 0.062500
vt 0.710938 0.906250
vt 0.671875 0.906250
vt 0.671875 0.890625
vt 0.718750 0.890625
vt 0.109375 0.296875
vt 0.109375 0.312500
vt 0.070312 0.312500
vt 0.062500 0.296875
vt 0.484375 0.609375
vt 0.515625 0.609375
vt 0.515625 0.656250
vt 0.484375 0.656250
vt 0.046875 0.578125
vt 0.046875 0.625000
vt 0.000000 0.625000
vt 0.000000 0.578125
vt 0.718750 0.953125
vt 0.710938 0.968750
vt 0.679688 0.968750
vt 0.671875 0.953125
vt 0.710938 0.937500
vt 0.679688 0.937500
vt 0.671875 0.921875
vt 0.718750 0.921875
vn 0.8944 0.4472 0.0000
vn -0.8944 0.4472 0.0000
vn 0.0000 1.0000 0.0000
vn 0.0000 -1.0000 -0.0000
vn 0.0000 0.0000 1.0000
vn 0.0000 0.4472 -0.8944
usemtl m_0b0e02ba-b4cf-82c6-9956-bd91082f6498
s 1
f 475/1397/127 476/1398/127 477/1399/127 478/1400/127
f 479/1401/128 480/1402/128 481/1403/128 482/1404/128
f 480/1405/129 476/1406/129 475/1407/129 481/1408/129
f 478/1409/130 477/1410/130 479/1411/130 482/1412/130
f 477/1413/131 476/1414/131 480/1415/131 479/1416/131
f 481/1417/132 475/1418/132 478/1419/132 482/1420/132
o belt
v -0.019531 0.234375 0.890625
v -0.019531 0.234375 0.921875
v -0.231934 0.156250 0.921875
v -0.231934 0.156250 0.890625
v -0.205566 0.093750 0.921875
v -0.132812 0.137695 0.921875
v -0.132812 0.137695 0.890625
v -0.205566 0.093750 0.890625
v -0.088867 0.156250 0.921875
v -0.019531 0.140625 0.921875
v -0.019531 0.140625 0.890625
v -0.088867 0.156250 0.890625
v 0.019531 0.140625 0.890625
v 0.019531 0.140625 0.921875
v 0.080566 0.148437 0.921875
v 0.080566 0.148437 0.890625
v 0.216309 0.093750 0.890625
v 0.216309 0.093750 0.921875
v 0.019531 0.234375 0.921875
v 0.019531 0.234375 0.890625
v 0.125000 0.130371 0.890625
v 0.125000 0.130371 0.921875
v 0.171875 0.049316 0.921875
v 0.171875 0.049316 0.890625
v -0.231934 0.156250 0.921875
v -0.019531 0.234375 0.921875
v -0.019531 0.234375 0.890625
v -0.231934 0.156250 0.890625
v 0.019531 0.234375 0.921875
v 0.216309 0.093750 0.921875
v 0.216309 0.093750 0.890625
v 0.019531 0.234375 0.890625
v -0.132812 0.137695 0.890625
v -0.132812 0.137695 0.921875
v -0.205566 0.093750 0.921875
v -0.205566 0.093750 0.890625
v -0.019531 0.140625 0.890625
v -0.019531 0.140625 0.921875
v -0.088867 0.156250 0.921875
v -0.088867 0.156250 0.890625
v 0.080566 0.148437 0.921875
v 0.019531 0.140625 0.921875
v 0.019531 0.140625 0.890625
v 0.080566 0.148437 0.890625
v 0.171875 0.049316 0.921875
v 0.125000 0.130371 0.921875
v 0.125000 0.130371 0.890625
v 0.171875 0.049316 0.890625
vt 0.500000 0.343750
vt 0.484375 0.343750
vt 0.484375 0.281250
vt 0.500000 0.281250
vt 0.015625 0.062500
vt 0.015625 0.078125
vt 0.000000 0.078125
vt 0.000000 0.062500
vt 0.859375 0.093750
vt 0.859375 0.078125
vt 0.875000 0.078125
vt 0.875000 0.093750
vt 0.906250 0.265625
vt 0.921875 0.265625
vt 0.921875 0.281250
vt 0.906250 0.281250
vt 0.421875 0.281250
vt 0.437500 0.281250
vt 0.437500 0.343750
vt 0.421875 0.343750
vt 0.921875 0.406250
vt 0.906250 0.406250
vt 0.906250 0.390625
vt 0.921875 0.390625
vt 0.531250 0.281250
vt 0.531250 0.343750
vt 0.515625 0.343750
vt 0.515625 0.281250
vt 0.453125 0.343750
vt 0.453125 0.281250
vt 0.468750 0.281250
vt 0.468750 0.343750
vt 0.906250 0.093750
vt 0.890625 0.093750
vt 0.890625 0.078125
vt 0.906250 0.078125
vt 0.906250 0.203125
vt 0.921875 0.203125
vt 0.921875 0.218750
vt 0.906250 0.218750
vt 0.734375 0.093750
vt 0.734375 0.078125
vt 0.750000 0.078125
vt 0.750000 0.093750
vt 0.921875 0.359375
vt 0.921875 0.375000
vt 0.906250 0.375000
vt 0.906250 0.359375
vn 0.3452 -0.9385 0.0000
vn -0.5170 0.8560 0.0000
vn 0.2198 0.9755 0.0000
vn -0.1270 0.9919 0.0000
vn -0.5814 -0.8136 0.0000
vn 0.8657 0.5006 0.0000
vn -0.3452 0.9385 0.0000
vn 0.5814 0.8136 0.0000
vn 0.5170 -0.8560 -0.0000
vn -0.2198 -0.9755 0.0000
vn 0.1270 -0.9919 0.0000
vn -0.8657 -0.5006 0.0000
usemtl m_0b0e02ba-b4cf-82c6-9956-bd91082f6498
s 1
f 483/1421/133 484/1422/133 485/1423/133 486/1424/133
f 487/1425/134 488/1426/134 489/1427/134 490/1428/134
f 491/1429/135 492/1430/135 493/1431/135 494/1432/135
f 495/1433/136 496/1434/136 497/1435/136 498/1436/136
f 499/1437/137 500/1438/137 501/1439/137 502/1440/137
f 503/1441/138 504/1442/138 505/1443/138 506/1444/138
f 507/1445/139 508/1446/139 509/1447/139 510/1448/139
f 511/1449/140 512/1450/140 513/1451/140 514/1452/140
f 515/1453/141 516/1454/141 517/1455/141 518/1456/141
f 519/1457/142 520/1458/142 521/1459/142 522/1460/142
f 523/1461/143 524/1462/143 525/1463/143 526/1464/143
f 527/1465/144 528/1466/144 529/1467/144 530/1468/144
o exhaust_two_right
v -0.375000 -0.000000 0.218750
v -0.218750 0.281250 0.281250
v -0.218750 0.281250 0.218750
v -0.375000 -0.000000 0.156250
v -0.156250 0.281250 0.218750
v -0.156250 0.281250 0.281250
v -0.312500 -0.000000 0.218750
v -0.312500 -0.000000 0.156250
v -0.375000 -0.062500 0.156250
v -0.375000 -0.000000 0.218750
v -0.375000 0.000000 -0.062500
v -0.375000 -0.062500 -0.062500
v -0.312500 0.000000 -0.062500
v -0.312500 -0.000000 0.218750
v -0.312500 -0.062500 0.156250
v -0.312500 -0.062500 -0.062500
vt 0.538646 0.640625
vt 0.620584 0.640625
vt 0.617604 0.656250
vt 0.535666 0.656250
vt 0.328125 0.456938
vt 0.312500 0.459918
vt 0.312500 0.377980
vt 0.328125 0.375000
vt 0.578125 0.140625
vt 0.578125 0.125000
vt 0.593750 0.125000
vt 0.593750 0.140625
vt 0.625000 0.140625
vt 0.609375 0.140625
vt 0.609375 0.125000
vt 0.625000 0.125000
vt 0.450943 0.468750
vt 0.443494 0.484375
vt 0.361557 0.484375
vt 0.369006 0.468750
vt 0.296875 0.410613
vt 0.296875 0.492551
vt 0.281250 0.500000
vt 0.281250 0.418061
vt 0.496094 0.359375
vt 0.511719 0.375000
vt 0.441406 0.375000
vt 0.441406 0.359375
vt 0.578125 0.468750
vt 0.500000 0.468750
vt 0.515625 0.453125
vt 0.578125 0.453125
vt 0.000000 0.453125
vt 0.000000 0.375000
vt 0.015625 0.375000
vt 0.015625 0.453125
vt 0.218750 0.359375
vt 0.203125 0.359375
vt 0.203125 0.296875
vt 0.218750 0.296875
vt 0.437500 0.140625
vt 0.421875 0.140625
vt 0.421875 0.125000
vt 0.437500 0.125000
vt 0.359375 0.125000
vt 0.359375 0.140625
vt 0.343750 0.140625
vt 0.343750 0.125000
vn -0.8742 0.4856 0.0000
vn 0.8742 -0.4856 -0.0000
vn 0.0000 1.0000 0.0000
vn 0.0000 -1.0000 -0.0000
vn 0.0000 -0.2169 0.9762
vn 0.0000 0.2169 -0.9762
vn -1.0000 0.0000 0.0000
vn 1.0000 0.0000 0.0000
vn 0.0000 -0.7071 0.7071
vn 0.0000 0.0000 -1.0000
usemtl m_0b0e02ba-b4cf-82c6-9956-bd91082f6498
s 1
f 531/1469/145 532/1470/145 533/1471/145 534/1472/145
f 535/1473/146 536/1474/146 537/1475/146 538/1476/146
f 533/1477/147 532/1478/147 536/1479/147 535/1480/147
f 537/1481/148 531/1482/148 534/1483/148 538/1484/148
f 536/1485/149 532/1486/149 531/1487/149 537/1488/149
f 534/1489/150 533/1490/150 535/1491/150 538/1492/150
f 539/1493/151 540/1494/151 541/1495/151 542/1496/151
f 543/1497/152 544/1498/152 545/1499/152 546/1500/152
f 541/1501/147 540/1502/147 544/1503/147 543/1504/147
f 545/1505/148 539/1506/148 542/1507/148 546/1508/148
f 544/1509/153 540/1510/153 539/1511/153 545/1512/153
f 542/1513/154 541/1514/154 543/1515/154 546/1516/154
o blank_pulley
v -0.085938 0.140625 0.812500
v -0.085938 0.140625 0.937500
v -0.085938 0.109375 0.937500
v -0.085938 0.109375 0.812500
v -0.117188 0.109375 0.937500
v -0.117188 0.140625 0.937500
v -0.117188 0.140625 0.812500
v -0.117188 0.109375 0.812500
v -0.070312 0.112056 0.890625
v -0.088618 0.093750 0.890625
v -0.101562 0.125000 0.890625
v -0.070312 0.112056 0.921875
v -0.088618 0.093750 0.921875
v -0.101562 0.125000 0.921875
v -0.070312 0.137944 0.890625
v -0.070312 0.137944 0.921875
v -0.088618 0.156250 0.890625
v -0.088618 0.156250 0.921875
v -0.114507 0.156250 0.890625
v -0.114507 0.156250 0.921875
v -0.132812 0.137944 0.890625
v -0.132812 0.137944 0.921875
v -0.132812 0.112056 0.890625
v -0.132812 0.112056 0.921875
v -0.114507 0.093750 0.890625
v -0.114507 0.093750 0.921875
vt 0.812500 0.531250
vt 0.781250 0.531250
vt 0.781250 0.515625
vt 0.812500 0.515625
vt 0.812500 0.484375
vt 0.812500 0.500000
vt 0.781250 0.500000
vt 0.781250 0.484375
vt 0.250000 0.187500
vt 0.265625 0.187500
vt 0.265625 0.218750
vt 0.250000 0.218750
vt 0.375000 0.187500
vt 0.375000 0.218750
vt 0.359375 0.218750
vt 0.359375 0.187500
vt 0.890625 0.453125
vt 0.890625 0.468750
vt 0.875000 0.468750
vt 0.875000 0.453125
vt 0.562500 0.125000
vt 0.546875 0.125000
vt 0.546875 0.109375
vt 0.562500 0.109375
vt 0.890625 0.651673
vt 0.886048 0.656250
vt 0.882812 0.648438
vt 0.484375 0.109375
vt 0.500000 0.109375
vt 0.500000 0.125000
vt 0.484375 0.125000
vt 0.386048 0.109375
vt 0.390625 0.113952
vt 0.382812 0.117188
vt 0.890625 0.645202
vt 0.875000 0.609375
vt 0.890625 0.609375
vt 0.890625 0.625000
vt 0.875000 0.625000
vt 0.390625 0.120423
vt 0.886048 0.640625
vt 0.875000 0.484375
vt 0.890625 0.484375
vt 0.890625 0.500000
vt 0.875000 0.500000
vt 0.386048 0.125000
vt 0.879577 0.640625
vt 0.453125 0.109375
vt 0.468750 0.109375
vt 0.468750 0.125000
vt 0.453125 0.125000
vt 0.379577 0.125000
vt 0.875000 0.645202
vt 0.515625 0.109375
vt 0.531250 0.109375
vt 0.531250 0.125000
vt 0.515625 0.125000
vt 0.375000 0.120423
vt 0.875000 0.651673
vt 0.875000 0.578125
vt 0.890625 0.578125
vt 0.890625 0.593750
vt 0.875000 0.593750
vt 0.375000 0.113952
vt 0.879577 0.656250
vt 0.875000 0.515625
vt 0.890625 0.515625
vt 0.890625 0.531250
vt 0.875000 0.531250
vt 0.379577 0.109375
vt 0.875000 0.546875
vt 0.890625 0.546875
vt 0.890625 0.562500
vt 0.875000 0.562500
vn 1.0000 0.0000 0.0000
vn -1.0000 0.0000 0.0000
vn 0.0000 1.0000 0.0000
vn 0.0000 -1.0000 -0.0000
vn 0.0000 0.0000 1.0000
vn 0.0000 0.0000 -1.0000
vn 0.7071 -0.7071 -0.0000
vn 0.7071 0.7071 0.0000
vn -0.7071 0.7071 0.0000
vn -0.7071 -0.7071 -0.0000
usemtl m_0b0e02ba-b4cf-82c6-9956-bd91082f6498
s 1
f 547/1517/155 548/1518/155 549/1519/155 550/1520/155
f 551/1521/156 552/1522/156 553/1523/156 554/1524/156
f 552/1525/157 548/1526/157 547/1527/157 553/1528/157
f 550/1529/158 549/1530/158 551/1531/158 554/1532/158
f 549/1533/159 548/1534/159 552/1535/159 551/1536/159
f 553/1537/160 547/1538/160 550/1539/160 554/1540/160
f 555/1541/160 556/1542/160 557/1543/160
f 556/1544/161 555/1545/161 558/1546/161 559/1547/161
f 559/1548/159 558/1549/159 560/1550/159
f 561/1551/160 555/1541/160 557/1543/160
f 555/1552/155 561/1553/155 562/1554/155 558/1555/155
f 558/1549/159 562/1556/159 560/1550/159
f 563/1557/160 561/1551/160 557/1543/160
f 561/1558/162 563/1559/162 564/1560/162 562/1561/162
f 562/1556/159 564/1562/159 560/1550/159
f 565/1563/160 563/1557/160 557/1543/160
f 563/1564/157 565/1565/157 566/1566/157 564/1567/157
f 564/1562/159 566/1568/159 560/1550/159
f 567/1569/160 565/1563/160 557/1543/160
f 565/1570/163 567/1571/163 568/1572/163 566/1573/163
f 566/1568/159 568/1574/159 560/1550/159
f 569/1575/160 567/1569/160 557/1543/160
f 567/1576/156 569/1577/156 570/1578/156 568/1579/156
f 568/1574/159 570/1580/159 560/1550/159
f 571/1581/160 569/1575/160 557/1543/160
f 569/1582/164 571/1583/164 572/1584/164 570/1585/164
f 570/1580/159 572/1586/159 560/1550/159
f 556/1542/160 571/1581/160 557/1543/160
f 571/1587/158 556/1588/158 559/1589/158 572/1590/158
f 572/1586/159 559/1548/159 560/1550/159
o alternator
v -0.156250 0.156250 0.781250
v -0.156250 0.156250 0.875000
v -0.156250 0.093750 0.875000
v -0.156250 0.093750 0.781250
v -0.281250 0.093750 0.875000
v -0.281250 0.156250 0.875000
v -0.281250 0.156250 0.781250
v -0.281250 0.093750 0.781250
v -0.125000 0.187500 0.828125
v -0.125000 0.187500 0.859375
v -0.125000 0.062500 0.859375
v -0.125000 0.062500 0.828125
v -0.187500 0.062500 0.859375
v -0.187500 0.187500 0.859375
v -0.187500 0.187500 0.828125
v -0.187500 0.062500 0.828125
v -0.156250 0.093750 0.781250
v -0.156250 0.093750 0.875000
v -0.187500 0.062500 0.875000
v -0.187500 0.062500 0.781250
v -0.250000 0.062500 0.875000
v -0.281250 0.093750 0.875000
v -0.281250 0.093750 0.781250
v -0.250000 0.062500 0.781250
v -0.187500 0.187500 0.781250
v -0.187500 0.187500 0.875000
v -0.156250 0.156250 0.875000
v -0.156250 0.156250 0.781250
v -0.281250 0.156250 0.875000
v -0.250000 0.187500 0.875000
v -0.250000 0.187500 0.781250
v -0.281250 0.156250 0.781250
vt 0.812500 0.468750
vt 0.781250 0.468750
vt 0.781250 0.453125
vt 0.812500 0.453125
vt 0.812500 0.328125
vt 0.812500 0.343750
vt 0.781250 0.343750
vt 0.781250 0.328125
vt 0.640625 0.687500
vt 0.671875 0.687500
vt 0.671875 0.718750
vt 0.640625 0.718750
vt 0.359375 0.328125
vt 0.359375 0.359375
vt 0.328125 0.359375
vt 0.328125 0.328125
vt 0.812500 0.296875
vt 0.812500 0.312500
vt 0.781250 0.312500
vt 0.781250 0.296875
vt 0.796875 0.218750
vt 0.765625 0.218750
vt 0.765625 0.203125
vt 0.796875 0.203125
vt 0.625000 0.218750
vt 0.609375 0.218750
vt 0.609375 0.187500
vt 0.625000 0.187500
vt 0.812500 0.968750
vt 0.812500 1.000000
vt 0.796875 1.000000
vt 0.796875 0.968750
vt 0.875000 0.421875
vt 0.890625 0.421875
vt 0.890625 0.437500
vt 0.875000 0.437500
vt 0.890625 0.390625
vt 0.890625 0.406250
vt 0.875000 0.406250
vt 0.875000 0.390625
vt 0.812500 0.921875
vt 0.812500 0.953125
vt 0.796875 0.953125
vt 0.796875 0.921875
vt 0.812500 0.906250
vt 0.796875 0.906250
vt 0.796875 0.875000
vt 0.812500 0.875000
vt 0.828125 0.687500
vt 0.796875 0.687500
vt 0.796875 0.671875
vt 0.828125 0.671875
vt 0.828125 0.640625
vt 0.828125 0.656250
vt 0.796875 0.656250
vt 0.796875 0.640625
vt 0.640625 0.640625
vt 0.671875 0.640625
vt 0.671875 0.671875
vt 0.640625 0.671875
vt 0.812500 0.828125
vt 0.812500 0.859375
vt 0.796875 0.859375
vt 0.796875 0.828125
vt 0.820312 0.734375
vt 0.828125 0.750000
vt 0.796875 0.750000
vt 0.804688 0.734375
vt 0.828125 0.718750
vt 0.796875 0.718750
vt 0.804688 0.703125
vt 0.820312 0.703125
vt 0.828125 0.406250
vt 0.796875 0.406250
vt 0.796875 0.390625
vt 0.828125 0.390625
vt 0.828125 0.359375
vt 0.828125 0.375000
vt 0.796875 0.375000
vt 0.796875 0.359375
vt 0.281250 0.171875
vt 0.296875 0.171875
vt 0.296875 0.203125
vt 0.281250 0.203125
vt 0.406250 0.328125
vt 0.406250 0.359375
vt 0.375000 0.359375
vt 0.375000 0.328125
vt 0.828125 0.578125
vt 0.820312 0.593750
vt 0.804688 0.593750
vt 0.796875 0.578125
vt 0.820312 0.437500
vt 0.804688 0.437500
vt 0.796875 0.421875
vt 0.828125 0.421875
vn 1.0000 0.0000 0.0000
vn -1.0000 0.0000 0.0000
vn 0.0000 1.0000 0.0000
vn 0.0000 -1.0000 -0.0000
vn 0.0000 0.0000 1.0000
vn 0.0000 0.0000 -1.0000
vn 0.7071 -0.7071 -0.0000
vn -0.7071 -0.7071 -0.0000
vn 0.7071 0.7071 0.0000
vn -0.7071 0.7071 0.0000
usemtl m_0b0e02ba-b4cf-82c6-9956-bd91082f6498
s 1
f 573/1591/165 574/1592/165 575/1593/165 576/1594/165
f 577/1595/166 578/1596/166 579/1597/166 580/1598/166
f 578/1599/167 574/1600/167 573/1601/167 579/1602/167
f 576/1603/168 575/1604/168 577/1605/168 580/1606/168
f 575/1607/169 574/1608/169 578/1609/169 577/1610/169
f 579/1611/170 573/1612/170 576/1613/170 580/1614/170
f 581/1615/165 582/1616/165 583/1617/165 584/1618/165
f 585/1619/166 586/1620/166 587/1621/166 588/1622/166
f 586/1623/167 582/1624/167 581/1625/167 587/1626/167
f 584/1627/168 583/1628/168 585/1629/168 588/1630/168
f 583/1631/169 582/1632/169 586/1633/169 585/1634/169
f 587/1635/170 581/1636/170 584/1637/170 588/1638/170
f 589/1639/171 590/1640/171 591/1641/171 592/1642/171
f 593/1643/172 594/1644/172 595/1645/172 596/1646/172
f 594/1647/167 590/1648/167 589/1649/167 595/1650/167
f 592/1651/168 591/1652/168 593/1653/168 596/1654/168
f 591/1655/169 590/1656/169 594/1657/169 593/1658/169
f 595/1659/170 589/1660/170 592/1661/170 596/1662/170
f 597/1663/173 598/1664/173 599/1665/173 600/1666/173
f 601/1667/174 602/1668/174 603/1669/174 604/1670/174
f 602/1671/167 598/1672/167 597/1673/167 603/1674/167
f 600/1675/168 599/1676/168 601/1677/168 604/1678/168
f 599/1679/169 598/1680/169 602/1681/169 601/1682/169
f 603/1683/170 597/1684/170 600/1685/170 604/1686/170
o turbo_right
v -0.187500 0.546875 0.328125
v -0.187500 0.609375 0.265625
v -0.187500 0.609375 0.203125
v -0.187500 0.546875 0.203125
v -0.125000 0.609375 0.203125
v -0.125000 0.609375 0.265625
v -0.125000 0.546875 0.328125
v -0.125000 0.546875 0.203125
v -0.218750 0.343750 0.250000
v -0.218750 0.453125 0.250000
v -0.218750 0.390625 0.187500
v -0.218750 0.343750 0.187500
v -0.156250 0.390625 0.187500
v -0.156250 0.453125 0.250000
v -0.156250 0.343750 0.250000
v -0.156250 0.343750 0.187500
v -0.125000 0.312500 0.062500
v -0.187500 0.375000 0.062500
v -0.187500 0.375000 0.000000
v -0.125000 0.312500 0.000000
v 0.109375 0.375000 0.000000
v 0.171875 0.375000 0.062500
v 0.171875 0.312500 0.062500
v 0.109375 0.312500 0.000000
v 0.109375 0.343750 0.156250
v 0.109375 0.406250 0.156250
v 0.109375 0.375000 0.062500
v 0.109375 0.312500 0.062500
v 0.171875 0.375000 0.062500
v 0.171875 0.406250 0.156250
v 0.171875 0.343750 0.156250
v 0.171875 0.312500 0.062500
v -0.187500 0.375000 0.062500
v -0.187500 0.500000 0.062500
v -0.187500 0.437500 0.000000
v -0.187500 0.375000 0.000000
v -0.125000 0.437500 0.000000
v -0.125000 0.500000 0.062500
v -0.125000 0.375000 0.062500
v -0.125000 0.375000 0.000000
v -0.187500 0.546875 0.203125
v -0.187500 0.609375 0.203125
v -0.187500 0.500000 0.062500
v -0.187500 0.437500 0.062500
v -0.125000 0.500000 0.062500
v -0.125000 0.609375 0.203125
v -0.125000 0.546875 0.203125
v -0.125000 0.437500 0.062500
vt 0.781250 0.390625
vt 0.765625 0.406250
vt 0.750000 0.406250
vt 0.750000 0.390625
vt 0.781250 0.281250
vt 0.765625 0.281250
vt 0.750000 0.265625
vt 0.781250 0.265625
vt 0.843750 0.750000
vt 0.843750 0.734375
vt 0.859375 0.734375
vt 0.859375 0.750000
vt 0.750000 0.250000
vt 0.734375 0.250000
vt 0.734375 0.218750
vt 0.750000 0.218750
vt 0.859375 0.718750
vt 0.843750 0.718750
vt 0.843750 0.703125
vt 0.859375 0.703125
vt 0.296875 0.140625
vt 0.296875 0.156250
vt 0.281250 0.156250
vt 0.281250 0.140625
vt 0.437500 0.203125
vt 0.437500 0.234375
vt 0.421875 0.218750
vt 0.421875 0.203125
vt 0.468750 0.218750
vt 0.453125 0.234375
vt 0.453125 0.203125
vt 0.468750 0.203125
vt 0.750000 0.140625
vt 0.750000 0.156250
vt 0.734375 0.156250
vt 0.734375 0.140625
vt 0.859375 0.375000
vt 0.843750 0.375000
vt 0.843750 0.359375
vt 0.859375 0.359375
vt 0.500000 0.234375
vt 0.484375 0.234375
vt 0.484375 0.203125
vt 0.500000 0.203125
vt 0.859375 0.265625
vt 0.859375 0.281250
vt 0.843750 0.281250
vt 0.843750 0.265625
vt 0.859375 0.578125
vt 0.859375 0.593750
vt 0.843750 0.593750
vt 0.843750 0.578125
vt 0.468750 0.156250
vt 0.453125 0.156250
vt 0.453125 0.140625
vt 0.468750 0.140625
vt 0.486328 0.500000
vt 0.486328 0.484375
vt 0.576172 0.484375
vt 0.560547 0.500000
vt 0.294922 0.390625
vt 0.220703 0.390625
vt 0.220703 0.375000
vt 0.279297 0.375000
vt 0.406250 0.562500
vt 0.312500 0.562500
vt 0.328125 0.546875
vt 0.406250 0.546875
vt 0.404297 0.375000
vt 0.419922 0.390625
vt 0.345703 0.390625
vt 0.345703 0.375000
vt 0.848991 0.546875
vt 0.855978 0.562500
vt 0.838509 0.562500
vt 0.831522 0.546875
vt 0.265625 0.154406
vt 0.265625 0.171875
vt 0.250000 0.164887
vt 0.250000 0.147418
vt 0.859375 0.640625
vt 0.859375 0.656250
vt 0.843750 0.656250
vt 0.843750 0.640625
vt 0.406250 0.156250
vt 0.390625 0.156250
vt 0.390625 0.140625
vt 0.406250 0.140625
vt 0.328125 0.156250
vt 0.312500 0.156250
vt 0.312500 0.140625
vt 0.328125 0.140625
vt 0.859375 0.671875
vt 0.859375 0.687500
vt 0.843750 0.687500
vt 0.843750 0.671875
vt 0.015625 0.203125
vt 0.015625 0.234375
vt 0.000000 0.218750
vt 0.000000 0.203125
vt 0.781250 0.984375
vt 0.765625 1.000000
vt 0.765625 0.968750
vt 0.781250 0.968750
vt 0.562500 0.140625
vt 0.562500 0.156250
vt 0.546875 0.156250
vt 0.546875 0.140625
vt 0.500000 0.156250
vt 0.484375 0.156250
vt 0.484375 0.140625
vt 0.500000 0.140625
vt 0.046875 0.234375
vt 0.031250 0.234375
vt 0.031250 0.203125
vt 0.046875 0.203125
vt 0.531250 0.140625
vt 0.531250 0.156250
vt 0.515625 0.156250
vt 0.515625 0.140625
vt 0.704973 0.359375
vt 0.714565 0.375000
vt 0.670027 0.375000
vt 0.660435 0.359375
vt 0.671875 0.299212
vt 0.671875 0.343750
vt 0.656250 0.334157
vt 0.656250 0.289619
vt 0.015625 0.281250
vt 0.015625 0.328125
vt 0.000000 0.328125
vt 0.000000 0.281250
vt 0.046875 0.328125
vt 0.031250 0.328125
vt 0.031250 0.281250
vt 0.046875 0.281250
vt 0.859375 0.437500
vt 0.843750 0.437500
vt 0.843750 0.421875
vt 0.859375 0.421875
vt 0.859375 0.390625
vt 0.859375 0.406250
vt 0.843750 0.406250
vt 0.843750 0.390625
vn -1.0000 0.0000 0.0000
vn 1.0000 0.0000 0.0000
vn 0.0000 1.0000 0.0000
vn 0.0000 -1.0000 0.0000
vn 0.0000 0.7071 0.7071
vn 0.0000 0.0000 -1.0000
vn 0.0000 0.7071 -0.7071
vn 0.0000 0.0000 1.0000
vn -0.7071 -0.7071 0.0000
vn 0.7071 0.0000 -0.7071
vn 0.0000 0.9487 -0.3162
vn 0.0000 -0.9487 0.3162
vn 0.0000 0.7894 -0.6139
vn 0.0000 -0.7894 0.6139
usemtl m_0b0e02ba-b4cf-82c6-9956-bd91082f6498
s 1
f 605/1687/175 606/1688/175 607/1689/175 608/1690/175
f 609/1691/176 610/1692/176 611/1693/176 612/1694/176
f 607/1695/177 606/1696/177 610/1697/177 609/1698/177
f 611/1699/178 605/1700/178 608/1701/178 612/1702/178
f 610/1703/179 606/1704/179 605/1705/179 611/1706/179
f 608/1707/180 607/1708/180 609/1709/180 612/1710/180
f 613/1711/175 614/1712/175 615/1713/175 616/1714/175
f 617/1715/176 618/1716/176 619/1717/176 620/1718/176
f 615/1719/181 614/1720/181 618/1721/181 617/1722/181
f 619/1723/178 613/1724/178 616/1725/178 620/1726/178
f 618/1727/182 614/1728/182 613/1729/182 619/1730/182
f 616/1731/180 615/1732/180 617/1733/180 620/1734/180
f 621/1735/183 622/1736/183 623/1737/183 624/1738/183
f 625/1739/184 626/1740/184 627/1741/184 628/1742/184
f 623/1743/177 622/1744/177 626/1745/177 625/1746/177
f 627/1747/178 621/1748/178 624/1749/178 628/1750/178
f 626/1751/182 622/1752/182 621/1753/182 627/1754/182
f 624/1755/180 623/1756/180 625/1757/180 628/1758/180
f 629/1759/175 630/1760/175 631/1761/175 632/1762/175
f 633/1763/176 634/1764/176 635/1765/176 636/1766/176
f 631/1767/185 630/1768/185 634/1769/185 633/1770/185
f 635/1771/186 629/1772/186 632/1773/186 636/1774/186
f 634/1775/182 630/1776/182 629/1777/182 635/1778/182
f 632/1779/180 631/1780/180 633/1781/180 636/1782/180
f 637/1783/175 638/1784/175 639/1785/175 640/1786/175
f 641/1787/176 642/1788/176 643/1789/176 644/1790/176
f 639/1791/181 638/1792/181 642/1793/181 641/1794/181
f 643/1795/178 637/1796/178 640/1797/178 644/1798/178
f 642/1799/182 638/1800/182 637/1801/182 643/1802/182
f 640/1803/180 639/1804/180 641/1805/180 644/1806/180
f 645/1807/175 646/1808/175 647/1809/175 648/1810/175
f 649/1811/176 650/1812/176 651/1813/176 652/1814/176
f 647/1815/187 646/1816/187 650/1817/187 649/1818/187
f 651/1819/188 645/1820/188 648/1821/188 652/1822/188
f 650/1823/182 646/1824/182 645/1825/182 651/1826/182
f 648/1827/180 647/1828/180 649/1829/180 652/1830/180
o tensioner_pulley
v 0.109375 0.132812 0.890625
v 0.109375 0.132812 0.937500
v 0.109375 0.101562 0.937500
v 0.109375 0.101562 0.890625
v 0.078125 0.101562 0.937500
v 0.078125 0.132812 0.937500
v 0.078125 0.132812 0.890625
v 0.078125 0.101562 0.890625
v 0.125000 0.104243 0.890625
v 0.106694 0.085937 0.890625
v 0.093750 0.117187 0.890625
v 0.125000 0.104243 0.921875
v 0.106694 0.085937 0.921875
v 0.093750 0.117187 0.921875
v 0.125000 0.130132 0.890625
v 0.125000 0.130132 0.921875
v 0.106694 0.148437 0.890625
v 0.106694 0.148437 0.921875
v 0.080806 0.148437 0.890625
v 0.080806 0.148437 0.921875
v 0.062500 0.130132 0.890625
v 0.062500 0.130132 0.921875
v 0.062500 0.104243 0.890625
v 0.062500 0.104243 0.921875
v 0.080806 0.085937 0.890625
v 0.080806 0.085937 0.921875
vt 0.921875 0.750000
vt 0.906250 0.750000
vt 0.906250 0.734375
vt 0.921875 0.734375
vt 0.296875 0.078125
vt 0.296875 0.093750
vt 0.281250 0.093750
vt 0.281250 0.078125
vt 0.906250 0.703125
vt 0.921875 0.703125
vt 0.921875 0.718750
vt 0.906250 0.718750
vt 0.328125 0.078125
vt 0.328125 0.093750
vt 0.312500 0.093750
vt 0.312500 0.078125
vt 0.921875 0.671875
vt 0.921875 0.687500
vt 0.906250 0.687500
vt 0.906250 0.671875
vt 0.921875 0.656250
vt 0.906250 0.656250
vt 0.906250 0.640625
vt 0.921875 0.640625
vt 0.390625 0.089173
vt 0.386048 0.093750
vt 0.382812 0.085938
vt 0.906250 0.515625
vt 0.921875 0.515625
vt 0.921875 0.531250
vt 0.906250 0.531250
vt 0.917298 0.609375
vt 0.921875 0.613952
vt 0.914062 0.617188
vt 0.390625 0.082702
vt 0.906250 0.578125
vt 0.921875 0.578125
vt 0.921875 0.593750
vt 0.906250 0.593750
vt 0.921875 0.620423
vt 0.386048 0.078125
vt 0.500000 0.078125
vt 0.515625 0.078125
vt 0.515625 0.093750
vt 0.500000 0.093750
vt 0.917298 0.625000
vt 0.379577 0.078125
vt 0.468750 0.078125
vt 0.484375 0.078125
vt 0.484375 0.093750
vt 0.468750 0.093750
vt 0.910827 0.625000
vt 0.375000 0.082702
vt 0.906250 0.484375
vt 0.921875 0.484375
vt 0.921875 0.500000
vt 0.906250 0.500000
vt 0.906250 0.620423
vt 0.375000 0.089173
vt 0.906250 0.546875
vt 0.921875 0.546875
vt 0.921875 0.562500
vt 0.906250 0.562500
vt 0.906250 0.613952
vt 0.379577 0.093750
vt 0.531250 0.078125
vt 0.546875 0.078125
vt 0.546875 0.093750
vt 0.531250 0.093750
vt 0.910827 0.609375
vt 0.437500 0.078125
vt 0.453125 0.078125
vt 0.453125 0.093750
vt 0.437500 0.093750
vn 1.0000 0.0000 0.0000
vn -1.0000 0.0000 0.0000
vn 0.0000 1.0000 0.0000
vn 0.0000 -1.0000 -0.0000
vn 0.0000 0.0000 1.0000
vn 0.0000 0.0000 -1.0000
vn 0.7071 -0.7071 -0.0000
vn 0.7071 0.7071 0.0000
vn -0.7071 0.7071 0.0000
vn -0.7071 -0.7071 -0.0000
usemtl m_0b0e02ba-b4cf-82c6-9956-bd91082f6498
s 1
f 653/1831/189 654/1832/189 655/1833/189 656/1834/189
f 657/1835/190 658/1836/190 659/1837/190 660/1838/190
f 658/1839/191 654/1840/191 653/1841/191 659/1842/191
f 656/1843/192 655/1844/192 657/1845/192 660/1846/192
f 655/1847/193 654/1848/193 658/1849/193 657/1850/193
f 659/1851/194 653/1852/194 656/1853/194 660/1854/194
f 661/1855/194 662/1856/194 663/1857/194
f 662/1858/195 661/1859/195 664/1860/195 665/1861/195
f 665/1862/193 664/1863/193 666/1864/193
f 667/1865/194 661/1855/194 663/1857/194
f 661/1866/189 667/1867/189 668/1868/189 664/1869/189
f 664/1863/193 668/1870/193 666/1864/193
f 669/1871/194 667/1865/194 663/1857/194
f 667/1872/196 669/1873/196 670/1874/196 668/1875/196
f 668/1870/193 670/1876/193 666/1864/193
f 671/1877/194 669/1871/194 663/1857/194
f 669/1878/191 671/1879/191 672/1880/191 670/1881/191
f 670/1876/193 672/1882/193 666/1864/193
f 673/1883/194 671/1877/194 663/1857/194
f 671/1884/197 673/1885/197 674/1886/197 672/1887/197
f 672/1882/193 674/1888/193 666/1864/193
f 675/1889/194 673/1883/194 663/1857/194
f 673/1890/190 675/1891/190 676/1892/190 674/1893/190
f 674/1888/193 676/1894/193 666/1864/193
f 677/1895/194 675/1889/194 663/1857/194
f 675/1896/198 677/1897/198 678/1898/198 676/1899/198
f 676/1894/193 678/1900/193 666/1864/193
f 662/1856/194 677/1895/194 663/1857/194
f 677/1901/192 662/1902/192 665/1903/192 678/1904/192
f 678/1900/193 665/1862/193 666/1864/193
o exhaust_one_right
v -0.343750 0.093750 0.281250
v -0.218750 0.281250 0.281250
v -0.218750 0.281250 0.218750
v -0.343750 0.093750 0.218750
v -0.156250 0.281250 0.218750
v -0.156250 0.281250 0.281250
v -0.281250 0.093750 0.281250
v -0.281250 0.093750 0.218750
v -0.343750 0.031250 0.218750
v -0.343750 0.093750 0.281250
v -0.343750 0.093750 0.000000
v -0.343750 0.031250 0.000000
v -0.281250 0.093750 0.000000
v -0.281250 0.093750 0.281250
v -0.281250 0.031250 0.218750
v -0.281250 0.031250 0.000000
vt 0.453125 0.390625
vt 0.453125 0.453125
vt 0.437500 0.453125
vt 0.437500 0.390625
vt 0.156250 0.359375
vt 0.140625 0.359375
vt 0.140625 0.296875
vt 0.156250 0.296875
vt 0.859375 0.843750
vt 0.859375 0.828125
vt 0.875000 0.828125
vt 0.875000 0.843750
vt 0.875000 0.812500
vt 0.859375 0.812500
vt 0.859375 0.796875
vt 0.875000 0.796875
vt 0.071564 0.343750
vt 0.062897 0.359375
vt 0.006561 0.359375
vt 0.015228 0.343750
vt 0.656250 0.903746
vt 0.656250 0.960083
vt 0.640625 0.968750
vt 0.640625 0.912413
vt 0.683594 0.609375
vt 0.699219 0.625000
vt 0.628906 0.625000
vt 0.628906 0.609375
vt 0.609375 0.625000
vt 0.531250 0.625000
vt 0.546875 0.609375
vt 0.609375 0.609375
vt 0.468750 0.468750
vt 0.468750 0.390625
vt 0.484375 0.390625
vt 0.484375 0.468750
vt 0.187500 0.359375
vt 0.171875 0.359375
vt 0.171875 0.296875
vt 0.187500 0.296875
vt 0.875000 0.781250
vt 0.859375 0.781250
vt 0.859375 0.765625
vt 0.875000 0.765625
vt 0.234375 0.125000
vt 0.234375 0.140625
vt 0.218750 0.140625
vt 0.218750 0.125000
vn -0.8321 0.5547 0.0000
vn 0.8321 -0.5547 -0.0000
vn 0.0000 1.0000 0.0000
vn 0.0000 -1.0000 -0.0000
vn 0.0000 -0.0000 1.0000
vn 0.0000 0.0000 -1.0000
vn -1.0000 0.0000 0.0000
vn 1.0000 -0.0000 0.0000
vn 0.0000 -0.7071 0.7071
usemtl m_0b0e02ba-b4cf-82c6-9956-bd91082f6498
s 1
f 679/1905/199 680/1906/199 681/1907/199 682/1908/199
f 683/1909/200 684/1910/200 685/1911/200 686/1912/200
f 681/1913/201 680/1914/201 684/1915/201 683/1916/201
f 685/1917/202 679/1918/202 682/1919/202 686/1920/202
f 684/1921/203 680/1922/203 679/1923/203 685/1924/203
f 682/1925/204 681/1926/204 683/1927/204 686/1928/204
f 687/1929/205 688/1930/205 689/1931/205 690/1932/205
f 691/1933/206 692/1934/206 693/1935/206 694/1936/206
f 689/1937/201 688/1938/201 692/1939/201 691/1940/201
f 693/1941/202 687/1942/202 690/1943/202 694/1944/202
f 692/1945/207 688/1946/207 687/1947/207 693/1948/207
f 690/1949/204 689/1950/204 691/1951/204 694/1952/204
o valvecover_front
v 0.062500 0.437500 0.625000
v 0.062500 0.437500 0.781250
v 0.093750 0.375000 0.812500
v 0.093750 0.375000 0.625000
v -0.093750 0.375000 0.812500
v -0.062500 0.437500 0.781250
v -0.062500 0.437500 0.625000
v -0.093750 0.375000 0.625000
vt 0.531250 0.265625
vt 0.492188 0.265625
vt 0.484375 0.250000
vt 0.531250 0.250000
vt 0.593750 0.250000
vt 0.585938 0.265625
vt 0.546875 0.265625
vt 0.546875 0.250000
vt 0.234375 0.453125
vt 0.265625 0.453125
vt 0.265625 0.500000
vt 0.234375 0.500000
vt 0.109375 0.515625
vt 0.109375 0.562500
vt 0.062500 0.562500
vt 0.062500 0.515625
vt 0.468750 0.250000
vt 0.460938 0.265625
vt 0.429688 0.265625
vt 0.421875 0.250000
vt 0.773438 0.843750
vt 0.742188 0.843750
vt 0.734375 0.828125
vt 0.781250 0.828125
vn 0.8944 0.4472 0.0000
vn -0.8944 0.4472 0.0000
vn 0.0000 1.0000 0.0000
vn 0.0000 -1.0000 -0.0000
vn 0.0000 0.4472 0.8944
vn 0.0000 0.0000 -1.0000
usemtl m_0b0e02ba-b4cf-82c6-9956-bd91082f6498
s 1
f 695/1953/208 696/1954/208 697/1955/208 698/1956/208
f 699/1957/209 700/1958/209 701/1959/209 702/1960/209
f 700/1961/210 696/1962/210 695/1963/210 701/1964/210
f 698/1965/211 697/1966/211 699/1967/211 702/1968/211
f 697/1969/212 696/1970/212 700/1971/212 699/1972/212
f 701/1973/213 695/1974/213 698/1975/213 702/1976/213
o exhaust_front
v -0.156250 0.281250 0.750000
v -0.156250 0.343750 0.750000
v -0.156250 0.343750 0.687500
v -0.156250 0.281250 0.687500
v -0.093750 0.343750 0.687500
v -0.093750 0.343750 0.750000
v -0.093750 0.281250 0.750000
v -0.093750 0.281250 0.687500
v -0.218750 0.281250 0.687500
v -0.218750 0.343750 0.687500
v -0.218750 0.343750 0.625000
v -0.218750 0.281250 0.625000
v -0.156250 0.343750 0.625000
v -0.156250 0.343750 0.750000
v -0.156250 0.281250 0.750000
v -0.156250 0.281250 0.625000
vt 0.843750 0.062500
vt 0.843750 0.078125
vt 0.828125 0.078125
vt 0.828125 0.062500
vt 0.937500 0.156250
vt 0.921875 0.156250
vt 0.921875 0.140625
vt 0.937500 0.140625
vt 0.921875 0.125000
vt 0.921875 0.109375
vt 0.937500 0.109375
vt 0.937500 0.125000
vt 0.937500 0.093750
vt 0.921875 0.093750
vt 0.921875 0.078125
vt 0.937500 0.078125
vt 0.953125 1.000000
vt 0.937500 1.000000
vt 0.937500 0.984375
vt 0.953125 0.984375
vt 0.140625 0.046875
vt 0.140625 0.062500
vt 0.125000 0.062500
vt 0.125000 0.046875
vt 0.171875 0.046875
vt 0.171875 0.062500
vt 0.156250 0.062500
vt 0.156250 0.046875
vt 0.859375 1.000000
vt 0.828125 1.000000
vt 0.828125 0.984375
vt 0.859375 0.984375
vt 0.828125 0.968750
vt 0.828125 0.953125
vt 0.843750 0.937500
vt 0.843750 0.968750
vt 0.843750 0.921875
vt 0.828125 0.906250
vt 0.828125 0.890625
vt 0.843750 0.890625
vt 0.265625 0.062500
vt 0.250000 0.062500
vt 0.250000 0.046875
vt 0.265625 0.046875
vt 0.203125 0.046875
vt 0.203125 0.062500
vt 0.187500 0.062500
vt 0.187500 0.046875
vn -1.0000 0.0000 0.0000
vn 1.0000 0.0000 0.0000
vn 0.0000 1.0000 0.0000
vn 0.0000 -1.0000 0.0000
vn 0.0000 0.0000 1.0000
vn 0.0000 0.0000 -1.0000
vn -0.7071 0.0000 0.7071
usemtl m_0b0e02ba-b4cf-82c6-9956-bd91082f6498
s 1
f 703/1977/214 704/1978/214 705/1979/214 706/1980/214
f 707/1981/215 708/1982/215 709/1983/215 710/1984/215
f 705/1985/216 704/1986/216 708/1987/216 707/1988/216
f 709/1989/217 703/1990/217 706/1991/217 710/1992/217
f 708/1993/218 704/1994/218 703/1995/218 709/1996/218
f 706/1997/219 705/1998/219 707/1999/219 710/2000/219
f 711/2001/214 712/2002/214 713/2003/214 714/2004/214
f 715/2005/215 716/2006/215 717/2007/215 718/2008/215
f 713/2009/216 712/2010/216 716/2011/216 715/2012/216
f 717/2013/217 711/2014/217 714/2015/217 718/2016/217
f 716/2017/220 712/2018/220 711/2019/220 717/2020/220
f 714/2021/219 713/2022/219 715/2023/219 718/2024/219
o dampener
v 0.031250 0.031250 0.812500
v 0.031250 0.031250 0.937500
v 0.031250 -0.031250 0.937500
v 0.031250 -0.031250 0.812500
v -0.031250 -0.031250 0.937500
v -0.031250 0.031250 0.937500
v -0.031250 0.031250 0.812500
v -0.031250 -0.031250 0.812500
v 0.062500 -0.025888 0.890625
v 0.025888 -0.062500 0.890625
v 0.000000 -0.000000 0.890625
v 0.062500 -0.025888 0.921875
v 0.025888 -0.062500 0.921875
v 0.000000 -0.000000 0.921875
v 0.062500 0.025888 0.890625
v 0.062500 0.025888 0.921875
v 0.025888 0.062500 0.890625
v 0.025888 0.062500 0.921875
v -0.025888 0.062500 0.890625
v -0.025888 0.062500 0.921875
v -0.062500 0.025888 0.890625
v -0.062500 0.025888 0.921875
v -0.062500 -0.025888 0.890625
v -0.062500 -0.025888 0.921875
v -0.025888 -0.062500 0.890625
v -0.025888 -0.062500 0.921875
vt 0.375000 0.250000
vt 0.343750 0.250000
vt 0.343750 0.234375
vt 0.375000 0.234375
vt 0.781250 0.640625
vt 0.781250 0.656250
vt 0.750000 0.656250
vt 0.750000 0.640625
vt 0.281250 0.218750
vt 0.296875 0.218750
vt 0.296875 0.250000
vt 0.281250 0.250000
vt 0.406250 0.218750
vt 0.406250 0.250000
vt 0.390625 0.250000
vt 0.390625 0.218750
vt 0.046875 0.437500
vt 0.046875 0.453125
vt 0.031250 0.453125
vt 0.031250 0.437500
vt 0.375000 0.171875
vt 0.359375 0.171875
vt 0.359375 0.156250
vt 0.375000 0.156250
vt 0.250000 0.428347
vt 0.240847 0.437500
vt 0.234375 0.421875
vt 0.703125 0.156250
vt 0.718750 0.156250
vt 0.718750 0.171875
vt 0.703125 0.171875
vt 0.115847 0.328125
vt 0.125000 0.337278
vt 0.109375 0.343750
vt 0.250000 0.415403
vt 0.640625 0.156250
vt 0.656250 0.156250
vt 0.656250 0.171875
vt 0.640625 0.171875
vt 0.125000 0.350222
vt 0.240847 0.406250
vt 0.796875 0.156250
vt 0.812500 0.156250
vt 0.812500 0.171875
vt 0.796875 0.171875
vt 0.115847 0.359375
vt 0.227903 0.406250
vt 0.828125 0.296875
vt 0.843750 0.296875
vt 0.843750 0.312500
vt 0.828125 0.312500
vt 0.102903 0.359375
vt 0.218750 0.415403
vt 0.125000 0.140625
vt 0.140625 0.140625
vt 0.140625 0.156250
vt 0.125000 0.156250
vt 0.093750 0.350222
vt 0.218750 0.428347
vt 0.828125 0.328125
vt 0.843750 0.328125
vt 0.843750 0.343750
vt 0.828125 0.343750
vt 0.093750 0.337278
vt 0.227903 0.437500
vt 0.828125 0.156250
vt 0.843750 0.156250
vt 0.843750 0.171875
vt 0.828125 0.171875
vt 0.102903 0.328125
vt 0.671875 0.156250
vt 0.687500 0.156250
vt 0.687500 0.171875
vt 0.671875 0.171875
vn 1.0000 0.0000 0.0000
vn -1.0000 0.0000 0.0000
vn 0.0000 1.0000 0.0000
vn 0.0000 -1.0000 -0.0000
vn 0.0000 0.0000 1.0000
vn 0.0000 0.0000 -1.0000
vn 0.7071 -0.7071 -0.0000
vn 0.7071 0.7071 0.0000
vn -0.7071 0.7071 0.0000
vn -0.7071 -0.7071 -0.0000
usemtl m_0b0e02ba-b4cf-82c6-9956-bd91082f6498
s 1
f 719/2025/221 720/2026/221 721/2027/221 722/2028/221
f 723/2029/222 724/2030/222 725/2031/222 726/2032/222
f 724/2033/223 720/2034/223 719/2035/223 725/2036/223
f 722/2037/224 721/2038/224 723/2039/224 726/2040/224
f 721/2041/225 720/2042/225 724/2043/225 723/2044/225
f 725/2045/226 719/2046/226 722/2047/226 726/2048/226
f 727/2049/226 728/2050/226 729/2051/226
f 728/2052/227 727/2053/227 730/2054/227 731/2055/227
f 731/2056/225 730/2057/225 732/2058/225
f 733/2059/226 727/2049/226 729/2051/226
f 727/2060/221 733/2061/221 734/2062/221 730/2063/221
f 730/2057/225 734/2064/225 732/2058/225
f 735/2065/226 733/2059/226 729/2051/226
f 733/2066/228 735/2067/228 736/2068/228 734/2069/228
f 734/2064/225 736/2070/225 732/2058/225
f 737/2071/226 735/2065/226 729/2051/226
f 735/2072/223 737/2073/223 738/2074/223 736/2075/223
f 736/2070/225 738/2076/225 732/2058/225
f 739/2077/226 737/2071/226 729/2051/226
f 737/2078/229 739/2079/229 740/2080/229 738/2081/229
f 738/2076/225 740/2082/225 732/2058/225
f 741/2083/226 739/2077/226 729/2051/226
f 739/2084/222 741/2085/222 742/2086/222 740/2087/222
f 740/2082/225 742/2088/225 732/2058/225
f 743/2089/226 741/2083/226 729/2051/226
f 741/2090/230 743/2091/230 744/2092/230 742/2093/230
f 742/2088/225 744/2094/225 732/2058/225
f 728/2050/226 743/2089/226 729/2051/226
f 743/2095/224 728/2096/224 731/2097/224 744/2098/224
f 744/2094/225 731/2056/225 732/2058/225
o valvecover_element1
v 0.062500 0.437500 0.250000
v 0.062500 0.437500 0.437500
v 0.093750 0.375000 0.437500
v 0.093750 0.375000 0.250000
v -0.093750 0.375000 0.437500
v -0.062500 0.437500 0.437500
v -0.062500 0.437500 0.250000
v -0.093750 0.375000 0.250000
v 0.062500 0.437500 0.437500
v 0.062500 0.437500 0.625000
v 0.093750 0.375000 0.625000
v 0.093750 0.375000 0.437500
v -0.093750 0.375000 0.625000
v -0.062500 0.437500 0.625000
v -0.062500 0.437500 0.437500
v -0.093750 0.375000 0.437500
vt 0.765625 0.625000
vt 0.718750 0.625000
vt 0.718750 0.609375
vt 0.765625 0.609375
vt 0.765625 0.546875
vt 0.765625 0.562500
vt 0.718750 0.562500
vt 0.718750 0.546875
vt 0.062500 0.453125
vt 0.093750 0.453125
vt 0.093750 0.500000
vt 0.062500 0.500000
vt 0.359375 0.578125
vt 0.359375 0.625000
vt 0.312500 0.625000
vt 0.312500 0.578125
vt 0.234375 0.265625
vt 0.226562 0.281250
vt 0.195312 0.281250
vt 0.187500 0.265625
vt 0.289062 0.281250
vt 0.257812 0.281250
vt 0.250000 0.265625
vt 0.296875 0.265625
vt 0.765625 0.625000
vt 0.718750 0.625000
vt 0.718750 0.609375
vt 0.765625 0.609375
vt 0.765625 0.546875
vt 0.765625 0.562500
vt 0.718750 0.562500
vt 0.718750 0.546875
vt 0.062500 0.453125
vt 0.093750 0.453125
vt 0.093750 0.500000
vt 0.062500 0.500000
vt 0.359375 0.578125
vt 0.359375 0.625000
vt 0.312500 0.625000
vt 0.312500 0.578125
vt 0.234375 0.265625
vt 0.226562 0.281250
vt 0.195312 0.281250
vt 0.187500 0.265625
vt 0.289062 0.281250
vt 0.257812 0.281250
vt 0.250000 0.265625
vt 0.296875 0.265625
vn 0.8944 0.4472 0.0000
vn -0.8944 0.4472 0.0000
vn 0.0000 1.0000 0.0000
vn 0.0000 -1.0000 -0.0000
vn 0.0000 0.0000 1.0000
vn 0.0000 0.0000 -1.0000
usemtl m_0b0e02ba-b4cf-82c6-9956-bd91082f6498
s 1
f 745/2099/231 746/2100/231 747/2101/231 748/2102/231
f 749/2103/232 750/2104/232 751/2105/232 752/2106/232
f 750/2107/233 746/2108/233 745/2109/233 751/2110/233
f 748/2111/234 747/2112/234 749/2113/234 752/2114/234
f 747/2115/235 746/2116/235 750/2117/235 749/2118/235
f 751/2119/236 745/2120/236 748/2121/236 752/2122/236
f 753/2123/231 754/2124/231 755/2125/231 756/2126/231
f 757/2127/232 758/2128/232 759/2129/232 760/2130/232
f 758/2131/233 754/2132/233 753/2133/233 759/2134/233
f 756/2135/234 755/2136/234 757/2137/234 760/2138/234
f 755/2139/235 754/2140/235 758/2141/235 757/2142/235
f 759/2143/236 753/2144/236 756/2145/236 760/2146/236
o exhaust_root
v -0.156250 0.281250 0.187500
v -0.156250 0.343750 0.187500
v -0.156250 0.343750 0.125000
v -0.156250 0.281250 0.125000
v -0.093750 0.343750 0.125000
v -0.093750 0.343750 0.187500
v -0.093750 0.281250 0.187500
v -0.093750 0.281250 0.125000
v -0.218750 0.281250 0.250000
v -0.218750 0.343750 0.250000
v -0.218750 0.343750 0.187500
v -0.218750 0.281250 0.187500
v -0.156250 0.343750 0.125000
v -0.156250 0.343750 0.250000
v -0.156250 0.281250 0.250000
v -0.156250 0.281250 0.125000
vt 0.859375 0.203125
vt 0.859375 0.218750
vt 0.843750 0.218750
vt 0.843750 0.203125
vt 0.015625 0.140625
vt 0.000000 0.140625
vt 0.000000 0.125000
vt 0.015625 0.125000
vt 0.031250 0.140625
vt 0.031250 0.125000
vt 0.046875 0.125000
vt 0.046875 0.140625
vt 0.875000 0.968750
vt 0.859375 0.968750
vt 0.859375 0.953125
vt 0.875000 0.953125
vt 0.078125 0.140625
vt 0.062500 0.140625
vt 0.062500 0.125000
vt 0.078125 0.125000
vt 0.875000 0.921875
vt 0.875000 0.937500
vt 0.859375 0.937500
vt 0.859375 0.921875
vt 0.109375 0.125000
vt 0.109375 0.140625
vt 0.093750 0.140625
vt 0.093750 0.125000
vt 0.796875 0.812500
vt 0.765625 0.812500
vt 0.765625 0.796875
vt 0.796875 0.796875
vt 0.515625 0.218750
vt 0.515625 0.203125
vt 0.531250 0.203125
vt 0.531250 0.234375
vt 0.562500 0.234375
vt 0.546875 0.234375
vt 0.546875 0.218750
vt 0.562500 0.203125
vt 0.875000 0.906250
vt 0.859375 0.906250
vt 0.859375 0.890625
vt 0.875000 0.890625
vt 0.875000 0.859375
vt 0.875000 0.875000
vt 0.859375 0.875000
vt 0.859375 0.859375
vn -1.0000 -0.0000 0.0000
vn 1.0000 0.0000 0.0000
vn 0.0000 1.0000 0.0000
vn 0.0000 -1.0000 0.0000
vn 0.0000 -0.0000 1.0000
vn 0.0000 0.0000 -1.0000
vn -0.7071 0.0000 -0.7071
usemtl m_0b0e02ba-b4cf-82c6-9956-bd91082f6498
s 1
f 761/2147/237 762/2148/237 763/2149/237 764/2150/237
f 765/2151/238 766/2152/238 767/2153/238 768/2154/238
f 763/2155/239 762/2156/239 766/2157/239 765/2158/239
f 767/2159/240 761/2160/240 764/2161/240 768/2162/240
f 766/2163/241 762/2164/241 761/2165/241 767/2166/241
f 764/2167/242 763/2168/242 765/2169/242 768/2170/242
f 769/2171/237 770/2172/237 771/2173/237 772/2174/237
f 773/2175/238 774/2176/238 775/2177/238 776/2178/238
f 771/2179/239 770/2180/239 774/2181/239 773/2182/239
f 775/2183/240 769/2184/240 772/2185/240 776/2186/240
f 774/2187/241 770/2188/241 769/2189/241 775/2190/241
f 772/2191/243 771/2192/243 773/2193/243 776/2194/243
