# Blender 4.4.0
# www.blender.org
mtllib ford_mustang_s197_gt.mtl
o &backup
v 0.476659 0.540749 -1.220666
v 0.615556 0.537798 -1.189687
v 0.617008 0.600553 -1.176506
v 0.484510 0.601938 -1.205494
v 0.528643 0.558627 -1.169485
v 0.568537 0.557726 -1.160032
v 0.568980 0.576874 -1.156010
v 0.528551 0.577297 -1.164855
v -0.476659 0.540749 -1.220666
v -0.615556 0.537798 -1.189687
v -0.617008 0.600553 -1.176506
v -0.484510 0.601938 -1.205494
v -0.528643 0.558627 -1.169485
v -0.568537 0.557726 -1.160032
v -0.568980 0.576874 -1.156010
v -0.528551 0.577297 -1.164855
vn 0.6909 0.1100 -0.7145
vn 0.1158 0.8970 -0.4266
vn -0.4639 0.1924 -0.8648
vn 0.1253 -0.7823 -0.6102
vn 0.2203 0.2156 -0.9513
vn -0.6909 0.1100 -0.7145
vn -0.1158 0.8970 -0.4266
vn 0.4639 0.1924 -0.8648
vn -0.1253 -0.7823 -0.6102
vn -0.2203 0.2156 -0.9513
vt 0.427880 0.894150
vt 0.427550 0.896670
vt 0.425730 0.895650
vt 0.425730 0.894890
vt 0.422230 0.894040
vt 0.424150 0.894860
vt 0.422130 0.896610
vt 0.424100 0.895640
vt 0.424130 0.895650
vt 0.422310 0.896670
vt 0.421980 0.894150
vt 0.424130 0.894890
vt 0.427630 0.894040
vt 0.425710 0.894860
vt 0.427680 0.896610
vt 0.425760 0.895640
s 0
usemtl mat1
f 1/1/1 4/2/1 8/3/1 5/4/1
f 2/5/2 1/1/2 5/4/2 6/6/2
f 3/7/3 2/5/3 6/6/3 7/8/3
f 4/2/4 3/7/4 7/8/4 8/3/4
f 7/8/5 6/6/5 5/4/5 8/3/5
f 16/9/6 12/10/6 9/11/6 13/12/6
f 13/12/7 9/11/7 10/13/7 14/14/7
f 14/14/8 10/13/8 11/15/8 15/16/8
f 15/16/9 11/15/9 12/10/9 16/9/9
f 13/12/10 14/14/10 15/16/10 16/9/10
o &brakeT
v 0.000000 0.906864 -1.150410
v 0.000000 0.856022 -1.175746
v 0.151240 0.853155 -1.163746
v 0.160534 0.879363 -1.149861
v 0.149442 0.901898 -1.139616
v -0.151240 0.853155 -1.163746
v -0.160534 0.879363 -1.149861
v -0.149442 0.901898 -1.139616
v 0.000000 0.892638 -1.138866
v 0.000000 0.859197 -1.155531
v 0.116813 0.857325 -1.147666
v 0.124020 0.874564 -1.138533
v 0.115419 0.889386 -1.131794
v -0.116813 0.857325 -1.147666
v -0.124020 0.874564 -1.138533
v -0.115419 0.889386 -1.131794
vn 0.0301 0.9849 -0.1708
vn -0.3088 0.5342 -0.7870
vn 0.0673 0.4450 -0.8930
vn -0.3108 0.2527 -0.9163
vn 0.0341 -0.6144 -0.7883
vn 0.3088 0.5342 -0.7870
vn -0.0301 0.9849 -0.1708
vn -0.0673 0.4450 -0.8930
vn -0.0341 -0.6144 -0.7883
vn 0.3108 0.2527 -0.9163
vt 0.442440 0.887370
vt 0.446750 0.887450
vt 0.446750 0.887540
vt 0.443420 0.887490
vt 0.442170 0.888110
vt 0.443220 0.887980
vt 0.442490 0.888760
vt 0.443460 0.888400
vt 0.446750 0.888900
vt 0.446750 0.888490
vt 0.451060 0.887370
vt 0.451330 0.888110
vt 0.450290 0.887980
vt 0.450080 0.887490
vt 0.451010 0.888760
vt 0.450040 0.888400
s 0
usemtl mat1
f 19/17/11 18/18/11 26/19/11 27/20/11
f 20/21/12 19/17/12 27/20/12 28/22/12
f 28/22/13 27/20/13 26/19/13
f 21/23/14 20/21/14 28/22/14 29/24/14
f 17/25/15 21/23/15 29/24/15 25/26/15
f 26/19/13 25/26/13 29/24/13 28/22/13
f 22/27/16 23/28/16 31/29/16 30/30/16
f 18/18/17 22/27/17 30/30/17 26/19/17
f 30/30/18 31/29/18 26/19/18
f 24/31/19 17/25/19 25/26/19 32/32/19
f 23/28/20 24/31/20 32/32/20 31/29/20
f 32/32/18 25/26/18 26/19/18 31/29/18
o &head
v 0.830670 0.311518 3.948202
v 0.887717 0.330054 3.948202
v 0.922973 0.378580 3.948202
v 0.922973 0.438562 3.948202
v 0.887717 0.487088 3.948202
v 0.830670 0.505624 3.948202
v 0.773624 0.487088 3.948202
v 0.738367 0.438562 3.948202
v 0.738367 0.378580 3.948202
v 0.773624 0.330054 3.948202
v 0.830670 0.399535 3.900789
v 0.835981 0.401261 3.900789
v 0.839264 0.405779 3.900789
v 0.839264 0.411363 3.900789
v 0.835981 0.415881 3.900789
v 0.830670 0.417606 3.900789
v 0.825359 0.415881 3.900789
v 0.822077 0.411363 3.900789
v 0.822077 0.405779 3.900789
v 0.825359 0.401261 3.900789
v 0.830670 0.408571 3.900789
v 0.848163 0.391160 3.901343
v 0.848163 0.425982 3.901343
v 0.813178 0.425982 3.901343
v 0.813178 0.391160 3.901343
v 0.838163 0.401113 3.920765
v 0.838163 0.416028 3.920765
v 0.823178 0.416028 3.920765
v 0.823178 0.401113 3.920765
v -0.830670 0.311518 3.948202
v -0.887717 0.330054 3.948202
v -0.922973 0.378580 3.948202
v -0.922973 0.438562 3.948202
v -0.887717 0.487088 3.948202
v -0.830670 0.505624 3.948202
v -0.773624 0.487088 3.948202
v -0.738367 0.438562 3.948202
v -0.738367 0.378580 3.948202
v -0.773624 0.330054 3.948202
v -0.830670 0.399535 3.900789
v -0.835981 0.401261 3.900789
v -0.839264 0.405779 3.900789
v -0.839264 0.411363 3.900789
v -0.835981 0.415881 3.900789
v -0.830670 0.417606 3.900789
v -0.825359 0.415881 3.900789
v -0.822077 0.411363 3.900789
v -0.822077 0.405779 3.900789
v -0.825359 0.401261 3.900789
v -0.830670 0.408571 3.900789
v -0.848163 0.391160 3.901343
v -0.848163 0.425982 3.901343
v -0.813178 0.425982 3.901343
v -0.813178 0.391160 3.901343
v -0.838163 0.401113 3.920765
v -0.838163 0.416028 3.920765
v -0.823178 0.416028 3.920765
v -0.823178 0.401113 3.920765
vn -0.1523 0.4687 0.8701
vn -0.3987 0.2897 0.8701
vn -0.4928 -0.0000 0.8701
vn -0.3987 -0.2897 0.8701
vn -0.1523 -0.4687 0.8701
vn 0.1523 -0.4687 0.8701
vn 0.3987 -0.2897 0.8701
vn 0.4928 -0.0000 0.8701
vn 0.3987 0.2897 0.8701
vn 0.1523 0.4687 0.8701
vn 0.0001 -0.0000 1.0000
vn -0.0001 -0.0000 1.0000
vn -0.0000 -0.0000 1.0000
vn -0.0000 0.8899 0.4561
vn 0.8891 -0.0000 0.4578
vn -0.0000 -0.8899 0.4561
vn -0.8891 -0.0000 0.4578
vn -0.0002 -0.0000 1.0000
vt 0.424830 0.888290
vt 0.421080 0.889540
vt 0.424570 0.894330
vt 0.424830 0.894200
vt 0.418690 0.892800
vt 0.424320 0.894640
vt 0.418690 0.896840
vt 0.424320 0.895020
vt 0.421080 0.900100
vt 0.424570 0.895310
vt 0.424830 0.901350
vt 0.424830 0.895430
vt 0.428710 0.900100
vt 0.425190 0.895310
vt 0.431090 0.896840
vt 0.425460 0.895020
vt 0.431090 0.892800
vt 0.425460 0.894640
vt 0.428710 0.889540
vt 0.425190 0.894330
vt 0.424830 0.894800
vt 0.423120 0.895790
vt 0.423740 0.895790
vt 0.423120 0.894810
vt 0.423740 0.894810
s 0
usemtl mat1
f 33/33/21 34/34/21 44/35/21 43/36/21
f 34/34/22 35/37/22 45/38/22 44/35/22
f 35/37/23 36/39/23 46/40/23 45/38/23
f 36/39/24 37/41/24 47/42/24 46/40/24
f 37/41/25 38/43/25 48/44/25 47/42/25
f 38/43/26 39/45/26 49/46/26 48/44/26
f 39/45/27 40/47/27 50/48/27 49/46/27
f 40/47/28 41/49/28 51/50/28 50/48/28
f 41/49/29 42/51/29 52/52/29 51/50/29
f 42/51/30 33/33/30 43/36/30 52/52/30
f 53/53/31 52/52/31 43/36/31
f 53/53/32 51/50/32 52/52/32
f 53/53/33 50/48/33 51/50/33
f 53/53/32 49/46/32 50/48/32
f 53/53/31 48/44/31 49/46/31
f 53/53/32 47/42/32 48/44/32
f 53/53/31 46/40/31 47/42/31
f 53/53/33 45/38/33 46/40/33
f 53/53/31 44/35/31 45/38/31
f 53/53/32 43/36/32 44/35/32
f 55/54/34 56/55/34 60/55/34 59/54/34
f 54/56/35 55/54/35 59/54/35 58/56/35
f 57/57/36 54/56/36 58/56/36 61/57/36
f 56/55/37 57/57/37 61/57/37 60/55/37
f 61/57/33 58/56/33 59/54/33 60/55/33
f 73/35/30 63/34/30 62/33/30 72/36/30
f 74/38/29 64/37/29 63/34/29 73/35/29
f 75/40/28 65/39/28 64/37/28 74/38/28
f 76/42/27 66/41/27 65/39/27 75/40/27
f 77/44/26 67/43/26 66/41/26 76/42/26
f 78/46/25 68/45/25 67/43/25 77/44/25
f 79/48/24 69/47/24 68/45/24 78/46/24
f 80/50/23 70/49/23 69/47/23 79/48/23
f 81/52/22 71/51/22 70/49/22 80/50/22
f 72/36/21 62/33/21 71/51/21 81/52/21
f 81/52/38 82/53/38 72/36/38
f 80/50/33 82/53/33 81/52/33
f 79/48/33 82/53/33 80/50/33
f 78/46/33 82/53/33 79/48/33
f 77/44/32 82/53/32 78/46/32
f 76/42/33 82/53/33 77/44/33
f 75/40/33 82/53/33 76/42/33
f 74/38/33 82/53/33 75/40/33
f 73/35/33 82/53/33 74/38/33
f 72/36/31 82/53/31 73/35/31
f 89/55/34 85/55/34 84/54/34 88/54/34
f 88/54/37 84/54/37 83/56/37 87/56/37
f 87/56/36 83/56/36 86/57/36 90/57/36
f 90/57/35 86/57/35 85/55/35 89/55/35
f 88/54/33 87/56/33 90/57/33 89/55/33
o &headIn
v 0.430690 0.335577 4.195698
v 0.484155 0.352949 4.195698
v 0.517198 0.398428 4.195698
v 0.517198 0.454645 4.195698
v 0.484155 0.500124 4.195698
v 0.430690 0.517496 4.195698
v 0.377225 0.500124 4.195698
v 0.344182 0.454645 4.195698
v 0.344182 0.398428 4.195698
v 0.377225 0.352949 4.195698
v 0.430690 0.417319 4.164044
v 0.436108 0.419079 4.164044
v 0.439457 0.423688 4.164044
v 0.439457 0.429385 4.164044
v 0.436108 0.433994 4.164044
v 0.430690 0.435754 4.164044
v 0.425272 0.433994 4.164044
v 0.421923 0.429385 4.164044
v 0.421923 0.423688 4.164044
v 0.425272 0.419079 4.164044
v 0.430690 0.426536 4.164044
v 0.448472 0.409152 4.163560
v 0.448472 0.443974 4.163560
v 0.413311 0.443974 4.163560
v 0.413311 0.409152 4.163560
v 0.438422 0.419105 4.182981
v 0.438422 0.434020 4.182981
v 0.423362 0.434020 4.182981
v 0.423362 0.419105 4.182981
v -0.430690 0.335577 4.195698
v -0.484155 0.352949 4.195698
v -0.517198 0.398428 4.195698
v -0.517198 0.454645 4.195698
v -0.484155 0.500124 4.195698
v -0.430690 0.517496 4.195698
v -0.377225 0.500124 4.195698
v -0.344182 0.454645 4.195698
v -0.344182 0.398428 4.195698
v -0.377225 0.352949 4.195698
v -0.430690 0.417319 4.164044
v -0.436108 0.419079 4.164044
v -0.439457 0.423688 4.164044
v -0.439457 0.429385 4.164044
v -0.436108 0.433994 4.164044
v -0.430690 0.435754 4.164044
v -0.425272 0.433994 4.164044
v -0.421923 0.429385 4.164044
v -0.421923 0.423688 4.164044
v -0.425272 0.419079 4.164044
v -0.430690 0.426536 4.164044
v -0.448472 0.409152 4.163560
v -0.448472 0.443974 4.163560
v -0.413311 0.443974 4.163560
v -0.413311 0.409152 4.163560
v -0.438422 0.419105 4.182981
v -0.438422 0.434020 4.182981
v -0.423362 0.434020 4.182981
v -0.423362 0.419105 4.182981
vn -0.1165 0.3587 0.9262
vn -0.3051 0.2217 0.9262
vn -0.3771 -0.0000 0.9262
vn -0.3051 -0.2217 0.9262
vn -0.1165 -0.3587 0.9262
vn 0.1165 -0.3587 0.9262
vn 0.3051 -0.2217 0.9262
vn 0.3771 -0.0000 0.9262
vn 0.3051 0.2217 0.9262
vn 0.1165 0.3587 0.9262
vn 0.0001 -0.0000 1.0000
vn -0.0000 -0.0000 1.0000
vn -0.0001 -0.0000 1.0000
vn -0.0000 0.8899 0.4561
vn 0.8881 -0.0000 0.4596
vn -0.0000 -0.8899 0.4561
vn -0.8881 -0.0000 0.4596
vt 0.424980 0.888720
vt 0.421460 0.889910
vt 0.424590 0.894330
vt 0.424980 0.894230
vt 0.419200 0.892950
vt 0.424470 0.894640
vt 0.419200 0.896740
vt 0.424470 0.895050
vt 0.421460 0.899780
vt 0.424590 0.895330
vt 0.424980 0.900940
vt 0.424980 0.895420
vt 0.428610 0.899780
vt 0.425340 0.895330
vt 0.430730 0.896740
vt 0.425600 0.895050
vt 0.430730 0.892950
vt 0.425600 0.894640
vt 0.428610 0.889910
vt 0.425340 0.894330
vt 0.424980 0.894830
vt 0.423120 0.895790
vt 0.423740 0.895790
vt 0.423120 0.894810
vt 0.423740 0.894810
s 0
usemtl mat1
f 91/58/39 92/59/39 102/60/39 101/61/39
f 92/59/40 93/62/40 103/63/40 102/60/40
f 93/62/41 94/64/41 104/65/41 103/63/41
f 94/64/42 95/66/42 105/67/42 104/65/42
f 95/66/43 96/68/43 106/69/43 105/67/43
f 96/68/44 97/70/44 107/71/44 106/69/44
f 97/70/45 98/72/45 108/73/45 107/71/45
f 98/72/46 99/74/46 109/75/46 108/73/46
f 99/74/47 100/76/47 110/77/47 109/75/47
f 100/76/48 91/58/48 101/61/48 110/77/48
f 111/78/49 104/65/49 105/67/49
f 111/78/50 103/63/50 104/65/50
f 111/78/49 102/60/49 103/63/49
f 111/78/50 101/61/50 102/60/50
f 111/78/50 110/77/50 101/61/50
f 111/78/51 109/75/51 110/77/51
f 111/78/50 108/73/50 109/75/50
f 111/78/51 107/71/51 108/73/51
f 111/78/50 106/69/50 107/71/50
f 111/78/50 105/67/50 106/69/50
f 113/79/52 114/80/52 118/80/52 117/79/52
f 112/81/53 113/79/53 117/79/53 116/81/53
f 115/82/54 112/81/54 116/81/54 119/82/54
f 114/80/55 115/82/55 119/82/55 118/80/55
f 119/82/50 116/81/50 117/79/50 118/80/50
f 131/60/48 121/59/48 120/58/48 130/61/48
f 132/63/47 122/62/47 121/59/47 131/60/47
f 133/65/46 123/64/46 122/62/46 132/63/46
f 134/67/45 124/66/45 123/64/45 133/65/45
f 135/69/44 125/68/44 124/66/44 134/67/44
f 136/71/43 126/70/43 125/68/43 135/69/43
f 137/73/42 127/72/42 126/70/42 136/71/42
f 138/75/41 128/74/41 127/72/41 137/73/41
f 139/77/40 129/76/40 128/74/40 138/75/40
f 130/61/39 120/58/39 129/76/39 139/77/39
f 133/65/51 140/78/51 134/67/51
f 132/63/50 140/78/50 133/65/50
f 131/60/50 140/78/50 132/63/50
f 130/61/50 140/78/50 131/60/50
f 139/77/50 140/78/50 130/61/50
f 138/75/50 140/78/50 139/77/50
f 137/73/50 140/78/50 138/75/50
f 136/71/50 140/78/50 137/73/50
f 135/69/49 140/78/49 136/71/49
f 134/67/50 140/78/50 135/69/50
f 147/80/52 143/80/52 142/79/52 146/79/52
f 146/79/55 142/79/55 141/81/55 145/81/55
f 145/81/54 141/81/54 144/82/54 148/82/54
f 148/82/53 144/82/53 143/80/53 147/80/53
f 146/79/50 145/81/50 148/82/50 147/80/50
o &runrear
v 0.507701 0.783024 -1.160602
v 0.621053 0.777744 -1.139300
v 0.634326 0.777150 -1.136801
v 0.758135 0.771383 -1.113533
v 0.759121 0.599290 -1.149083
v 0.628774 0.600682 -1.173910
v 0.617008 0.600553 -1.176506
v 0.484510 0.601938 -1.205494
v 0.526243 0.731658 -1.098320
v 0.582509 0.729172 -1.088289
v 0.662024 0.728575 -1.071767
v 0.722396 0.725763 -1.060421
v 0.722877 0.641846 -1.077756
v 0.659316 0.642525 -1.089862
v 0.580604 0.645733 -1.105809
v 0.521101 0.646385 -1.119459
v -0.507701 0.783024 -1.160602
v -0.621053 0.777744 -1.139300
v -0.634326 0.777150 -1.136801
v -0.758135 0.771383 -1.113533
v -0.759121 0.599290 -1.149083
v -0.628774 0.600682 -1.173910
v -0.617008 0.600553 -1.176506
v -0.484510 0.601938 -1.205494
v -0.526243 0.731658 -1.098320
v -0.582509 0.729172 -1.088289
v -0.662024 0.728575 -1.071767
v -0.722396 0.725763 -1.060421
v -0.722877 0.641846 -1.077756
v -0.659316 0.642525 -1.089862
v -0.580604 0.645733 -1.105809
v -0.521101 0.646385 -1.119459
vn -0.8625 0.0976 -0.4965
vn 0.0797 -0.7821 -0.6181
vn 0.9311 0.0468 -0.3616
vn 0.0993 0.8759 -0.4721
vn 0.1876 0.1981 -0.9621
vn -0.8461 0.1280 -0.5175
vn 0.0856 -0.7546 -0.6506
vn 0.9371 -0.0132 -0.3489
vn 0.1186 0.8619 -0.4930
vn 0.2014 0.2108 -0.9566
vn 0.8625 0.0976 -0.4965
vn -0.0797 -0.7821 -0.6181
vn -0.9311 0.0468 -0.3616
vn -0.0993 0.8759 -0.4721
vn -0.1876 0.1981 -0.9621
vn 0.8461 0.1280 -0.5175
vn -0.0856 -0.7546 -0.6506
vn -0.9371 -0.0132 -0.3489
vn -0.1186 0.8619 -0.4930
vn -0.2014 0.2108 -0.9566
vt 0.444320 0.890730
vt 0.444260 0.884680
vt 0.445550 0.886180
vt 0.445550 0.889120
vt 0.448680 0.890930
vt 0.447680 0.889220
vt 0.448860 0.884740
vt 0.447780 0.886200
vt 0.444430 0.890960
vt 0.444590 0.884730
vt 0.445870 0.886310
vt 0.445770 0.889240
vt 0.448410 0.891140
vt 0.447740 0.889340
vt 0.449200 0.884770
vt 0.447950 0.886330
s 0
usemtl mat1
f 152/83/56 153/84/56 161/85/56 160/86/56
f 151/87/57 152/83/57 160/86/57 159/88/57
f 154/89/58 151/87/58 159/88/58 162/90/58
f 153/84/59 154/89/59 162/90/59 161/85/59
f 162/90/60 159/88/60 160/86/60 161/85/60
f 150/91/61 155/92/61 163/93/61 158/94/61
f 149/95/62 150/91/62 158/94/62 157/96/62
f 156/97/63 149/95/63 157/96/63 164/98/63
f 155/92/64 156/97/64 164/98/64 163/93/64
f 164/98/65 157/96/65 158/94/65 163/93/65
f 177/85/66 169/84/66 168/83/66 176/86/66
f 176/86/67 168/83/67 167/87/67 175/88/67
f 175/88/68 167/87/68 170/89/68 178/90/68
f 178/90/69 170/89/69 169/84/69 177/85/69
f 176/86/70 175/88/70 178/90/70 177/85/70
f 179/93/71 171/92/71 166/91/71 174/94/71
f 174/94/72 166/91/72 165/95/72 173/96/72
f 173/96/73 165/95/73 172/97/73 180/98/73
f 180/98/74 172/97/74 171/92/74 179/93/74
f 174/94/75 173/96/75 180/98/75 179/93/75
o &runturnl
v 0.855615 0.762573 -1.090347
v 0.897212 0.726911 -1.090082
v 0.884500 0.749825 -1.085608
v 0.771652 0.770428 -1.110640
v 0.882826 0.597904 -1.116994
v 0.771283 0.599714 -1.146563
v 0.899651 0.598093 -1.116412
v 0.902604 0.597201 -1.115435
v 0.842822 0.719327 -1.034969
v 0.862344 0.701777 -1.034844
v 0.856446 0.713006 -1.032652
v 0.803642 0.723202 -1.045008
v 0.855939 0.638754 -1.047900
v 0.803471 0.639542 -1.062612
v 0.863945 0.638188 -1.047619
v 0.865773 0.638211 -1.047269
vn 0.0734 -0.7931 -0.6046
vn 0.9175 0.0801 -0.3897
vn 0.1395 0.8740 -0.4655
vn 0.2649 0.1964 -0.9440
vn 0.0304 0.8680 -0.4957
vn 0.0463 0.1656 -0.9851
vn -0.8597 0.0599 -0.5072
vn -0.7460 -0.2896 -0.5997
vn -0.2271 -0.7403 -0.6327
vn 0.2669 0.8846 -0.3825
vn 0.1949 0.2102 -0.9581
vt 0.448840 0.890700
vt 0.445920 0.890430
vt 0.446330 0.888900
vt 0.447720 0.889050
vt 0.448840 0.884700
vt 0.447720 0.886100
vt 0.444920 0.884630
vt 0.445870 0.886080
vt 0.444360 0.884640
vt 0.445590 0.886050
vt 0.444430 0.889170
vt 0.444250 0.884610
vt 0.445540 0.886050
vt 0.445660 0.888290
vt 0.444870 0.889980
vt 0.445870 0.888670
s 0
usemtl mat1
f 184/99/76 181/100/76 189/101/76 192/102/76
f 186/103/77 184/99/77 192/102/77 194/104/77
f 185/105/78 186/103/78 194/104/78 193/106/78
f 194/104/79 192/102/79 189/101/79 193/106/79
f 187/107/80 185/105/80 193/106/80 195/108/80
f 193/106/81 189/101/81 195/108/81
f 182/109/82 188/110/82 196/111/82 190/112/82
f 183/113/83 182/109/83 190/112/83 191/114/83
f 181/100/84 183/113/84 191/114/84 189/101/84
f 188/110/85 187/107/85 195/108/85 196/111/85
f 195/108/86 189/101/86 191/114/86 190/112/86 196/111/86
o &runturnr
v -0.855615 0.762573 -1.090347
v -0.897212 0.726911 -1.090082
v -0.884500 0.749825 -1.085608
v -0.771652 0.770428 -1.110640
v -0.882826 0.597904 -1.116994
v -0.771283 0.599714 -1.146563
v -0.899651 0.598093 -1.116412
v -0.902604 0.597201 -1.115435
v -0.842822 0.719327 -1.034969
v -0.862344 0.701777 -1.034844
v -0.856446 0.713006 -1.032652
v -0.803642 0.723202 -1.045008
v -0.855939 0.638754 -1.047900
v -0.803471 0.639542 -1.062612
v -0.863945 0.638188 -1.047619
v -0.865773 0.638211 -1.047269
vn -0.0734 -0.7931 -0.6046
vn -0.9175 0.0801 -0.3897
vn -0.1395 0.8740 -0.4655
vn -0.2649 0.1964 -0.9440
vn -0.0304 0.8680 -0.4957
vn -0.0463 0.1656 -0.9851
vn 0.8597 0.0599 -0.5072
vn 0.7460 -0.2896 -0.5997
vn 0.2271 -0.7403 -0.6328
vn -0.2669 0.8846 -0.3825
vn -0.1949 0.2102 -0.9580
vt 0.446330 0.888900
vt 0.445920 0.890430
vt 0.448840 0.890700
vt 0.447720 0.889050
vt 0.448840 0.884700
vt 0.447720 0.886100
vt 0.444920 0.884630
vt 0.445870 0.886080
vt 0.444360 0.884640
vt 0.445590 0.886050
vt 0.445540 0.886050
vt 0.444250 0.884610
vt 0.444430 0.889170
vt 0.445660 0.888290
vt 0.444870 0.889980
vt 0.445870 0.888670
s 0
usemtl mat1
f 205/115/87 197/116/87 200/117/87 208/118/87
f 208/118/88 200/117/88 202/119/88 210/120/88
f 210/120/89 202/119/89 201/121/89 209/122/89
f 205/115/90 208/118/90 210/120/90 209/122/90
f 209/122/91 201/121/91 203/123/91 211/124/91
f 205/115/92 209/122/92 211/124/92
f 212/125/93 204/126/93 198/127/93 206/128/93
f 206/128/94 198/127/94 199/129/94 207/130/94
f 207/130/95 199/129/95 197/116/95 205/115/95
f 211/124/96 203/123/96 204/126/96 212/125/96
f 206/128/97 207/130/97 205/115/97 211/124/97 212/125/97
o &turnL
v 0.733732 0.165936 4.164466
v 0.863466 0.165337 4.059165
v 0.957731 0.166543 3.960707
v 0.735926 0.203916 4.170488
v 0.862539 0.208965 4.066494
v 0.955723 0.210726 3.968684
v 0.969365 0.202667 3.931948
v 0.968621 0.179712 3.931720
v 0.817400 0.183417 4.017433
v 0.834904 0.183230 4.005012
v 0.847463 0.183425 3.993541
v 0.817697 0.193478 4.018142
v 0.834782 0.193921 4.005876
v 0.847192 0.194250 3.994479
v 0.848961 0.192204 3.990314
v 0.848860 0.186579 3.990290
vn 0.8708 -0.1122 0.4786
vn 0.1654 -0.9734 0.1584
vn 0.1792 0.9594 0.2178
vn 0.5800 -0.0664 0.8119
vn 0.2065 0.9550 0.2129
vn 0.1837 -0.9700 0.1591
vn 0.6752 -0.0493 0.7360
vn 0.2235 -0.9233 0.3123
vn 0.4379 -0.0209 0.8988
vn 0.2889 0.8052 0.5178
vn 0.9203 -0.0133 0.3909
vt 0.450730 0.897480
vt 0.450810 0.896090
vt 0.447760 0.896730
vt 0.447750 0.897090
vt 0.446110 0.897660
vt 0.447130 0.897110
vt 0.446080 0.896070
vt 0.447120 0.896720
vt 0.442640 0.896110
vt 0.446660 0.896730
vt 0.442710 0.897720
vt 0.446670 0.897120
vt 0.442220 0.897430
vt 0.446610 0.897050
vt 0.442240 0.896590
vt 0.446610 0.896840
vt 0.289650 0.945500
s 0
usemtl mat1
f 216/131/98 213/132/98 221/133/98 224/134/98
f 217/135/99 216/131/99 224/134/99 225/136/99
f 213/132/100 214/137/100 222/138/100 221/133/100
f 222/138/101 225/136/101 224/134/101 221/133/101
f 214/137/102 215/139/102 223/140/102 222/138/102
f 218/141/103 217/135/103 225/136/103 226/142/103
f 225/136/104 222/138/104 223/140/104 226/142/104
f 219/143/105 218/141/105 226/142/105 227/144/105
f 220/145/106 219/143/106 227/144/106 228/146/106
f 215/139/107 220/145/107 228/146/107 223/140/107
f 228/147/108 227/147/108 226/147/108 223/147/108
o &turnR
v -0.733732 0.165936 4.164466
v -0.863466 0.165337 4.059165
v -0.957731 0.166543 3.960707
v -0.735926 0.203916 4.170488
v -0.862539 0.208965 4.066494
v -0.955723 0.210726 3.968684
v -0.969365 0.202667 3.931948
v -0.968621 0.179712 3.931720
v -0.817400 0.183417 4.017433
v -0.834904 0.183230 4.005012
v -0.847463 0.183425 3.993541
v -0.817697 0.193478 4.018142
v -0.834782 0.193921 4.005876
v -0.847192 0.194250 3.994479
v -0.848961 0.192204 3.990314
v -0.848860 0.186579 3.990290
vn -0.8708 -0.1122 0.4786
vn -0.1654 -0.9734 0.1584
vn -0.1792 0.9594 0.2178
vn -0.5800 -0.0664 0.8119
vn -0.2065 0.9550 0.2129
vn -0.1837 -0.9700 0.1591
vn -0.6752 -0.0493 0.7360
vn -0.2235 -0.9233 0.3123
vn -0.4379 -0.0209 0.8988
vn -0.2889 0.8052 0.5178
vn -0.9203 -0.0134 0.3909
vt 0.447760 0.896730
vt 0.450810 0.896090
vt 0.450730 0.897480
vt 0.447750 0.897090
vt 0.446110 0.897660
vt 0.447130 0.897110
vt 0.447120 0.896720
vt 0.446080 0.896070
vt 0.446660 0.896730
vt 0.442640 0.896110
vt 0.442710 0.897720
vt 0.446670 0.897120
vt 0.442220 0.897430
vt 0.446610 0.897050
vt 0.442240 0.896590
vt 0.446610 0.896840
vt 0.289650 0.945500
s 0
usemtl mat1
f 237/148/109 229/149/109 232/150/109 240/151/109
f 240/151/110 232/150/110 233/152/110 241/153/110
f 238/154/111 230/155/111 229/149/111 237/148/111
f 240/151/112 241/153/112 238/154/112 237/148/112
f 239/156/113 231/157/113 230/155/113 238/154/113
f 241/153/114 233/152/114 234/158/114 242/159/114
f 239/156/115 238/154/115 241/153/115 242/159/115
f 242/159/116 234/158/116 235/160/116 243/161/116
f 243/161/117 235/160/117 236/162/117 244/163/117
f 244/163/118 236/162/118 231/157/118 239/156/118
f 242/164/119 243/164/119 244/164/119 239/164/119
o body
v 0.725510 1.205976 0.428559
v 0.743798 1.193282 1.722532
v 0.000000 1.235463 1.766950
v 0.000000 1.259189 0.385077
v 0.685652 1.280919 0.923664
v 0.000000 1.333026 0.916585
v 0.703095 1.269694 1.447199
v 0.000000 1.311873 1.479639
v 0.697786 1.252250 0.673979
v 0.000000 1.304201 0.656369
v 0.420510 1.242560 0.407729
v 0.407555 1.284774 0.662291
v 0.409326 1.311961 0.921894
v 0.409326 1.294084 1.463127
v 0.419944 1.216564 1.746922
v 0.818585 1.127713 0.411401
v 0.816327 1.146339 1.704092
v 0.786817 1.218623 0.926925
v 0.796718 1.206428 1.435797
v 0.800248 1.182037 0.701869
v 0.845532 0.991729 2.097271
v 0.898595 0.978128 2.030358
v 0.937353 0.766049 2.469994
v 0.994982 0.748369 2.340625
v 0.984365 0.723504 2.832599
v 0.973721 0.696897 3.123723
v 0.955954 0.657470 3.459860
v 0.933349 0.584299 3.816400
v 0.919447 0.534701 3.965438
v 1.093413 0.592375 2.386354
v 1.082795 0.571057 2.832210
v 1.025819 0.502636 3.657476
v 0.976623 0.460971 3.918875
v 1.005075 0.615497 3.430891
v 1.015037 0.570757 3.550904
v 1.034372 0.624510 3.127796
v 1.003972 0.638873 3.295469
v 1.074459 0.562783 2.982348
v 1.030623 0.410572 3.737311
v 1.036225 0.306367 3.806085
v 1.021345 0.293588 3.876640
v 1.092064 0.371625 2.380651
v 1.081684 0.196498 2.366477
v 1.081447 0.191358 2.696838
v 1.083216 0.467366 2.858153
v 1.086912 0.353635 2.762680
v 1.088484 0.164667 2.755917
v 1.091159 0.168201 2.360636
v 1.063996 0.033481 2.723635
v 1.069273 0.038750 2.328221
v 1.003433 -0.056609 2.711039
v 1.006399 -0.052074 2.301192
v 0.916606 0.511112 3.989445
v 0.957175 0.455440 3.947583
v 0.999259 0.301000 3.903248
v 0.697988 0.310632 4.073842
v 0.569840 0.310276 4.145495
v 0.916946 0.505763 3.953039
v 0.579280 0.524816 4.178312
v 0.659642 0.522988 4.127966
v 0.957516 0.453063 3.933348
v 0.994838 0.306637 3.891418
v 0.586619 0.327018 4.141668
v 0.593222 0.361136 4.145928
v 0.675768 0.333621 4.092786
v 0.548061 0.307806 4.113483
v 0.567086 0.526406 4.114389
v 0.564257 0.328395 4.106174
v 0.581423 0.362514 4.110435
v 1.084592 0.306314 3.730269
v 1.092079 0.377358 3.674908
v 1.099182 0.443132 3.603319
v 1.108499 0.541579 3.406426
v 1.104990 0.506744 3.506386
v 1.113038 0.545382 3.152834
v 1.110777 0.561268 3.286775
v 1.110708 0.502201 3.036873
v 1.111361 0.421929 2.920251
v 1.102967 0.318938 2.832406
v 1.037235 -0.067558 2.711107
v 1.040201 -0.063023 2.301260
v 1.001253 -0.121921 2.703810
v 1.004220 -0.117386 2.299190
v 0.947915 -0.159224 2.697917
v 0.950882 -0.157366 2.297201
v 1.059720 0.032758 2.777718
v 1.043590 -0.067861 2.770712
v 1.015309 -0.125503 2.769207
v 0.974113 -0.170805 2.768345
v 1.091652 0.152624 2.805723
v 1.088095 0.304420 3.680402
v 1.094939 0.349003 3.644312
v 1.101432 0.412693 3.577435
v 1.109949 0.501860 3.395918
v 1.106741 0.470015 3.485085
v 1.114099 0.503983 3.165573
v 1.112033 0.516721 3.282338
v 1.111968 0.468953 3.061547
v 1.112566 0.393586 2.947966
v 1.104892 0.292743 2.866228
v 0.974788 0.833577 0.768914
v 1.093412 0.662129 0.756687
v 1.091150 0.426644 0.806378
v 1.079508 0.249942 0.849800
v 1.100079 0.206646 0.859798
v 1.073325 0.064957 0.909470
v 1.012182 -0.033660 0.949082
v 1.037405 -0.042766 0.951412
v 1.004220 -0.110605 0.949776
v 0.942402 -0.150585 0.949775
v 0.976575 0.836812 0.569450
v 1.093414 0.665753 0.597782
v 1.091150 0.436190 0.677561
v 1.078425 0.294866 0.736105
v 1.100079 0.264868 0.714440
v 1.063128 0.067837 0.743666
v 1.012182 -0.032446 0.729948
v 1.035691 -0.041553 0.732277
v 0.997942 -0.109391 0.730641
v 0.937248 -0.149372 0.730641
v 1.102770 0.431031 0.653432
v 0.977807 0.838258 0.454217
v 1.086297 0.671870 0.403382
v 1.094305 0.259875 0.556085
v 1.050790 0.067843 0.601976
v 1.004170 -0.026701 0.516303
v 1.029726 -0.037814 0.521222
v 0.995190 -0.101085 0.514765
v 0.929974 -0.148324 0.468126
v 1.104686 0.428138 0.483043
v 0.962938 0.851686 -0.002832
v 1.067288 0.699785 0.010078
v 1.097009 0.564795 0.364385
v 1.080584 0.665871 0.184232
v 0.953884 0.847922 0.462497
v 0.917582 0.868846 -0.011096
v 0.768406 1.067652 -0.076884
v 0.796431 0.897851 -0.558731
v 0.000000 0.940020 -0.661630
v 0.451572 0.925343 -0.632540
v 0.843291 1.002539 -0.056267
v 0.866901 0.887455 -0.308989
v 0.956354 0.858392 -0.307456
v 0.774397 0.895254 -1.058596
v 0.898597 0.870592 -1.028899
v 1.059134 0.683139 -0.294542
v 0.990822 0.707575 -1.066745
v 0.953803 0.805645 -1.042780
v 1.001477 0.792091 -0.302571
v 1.022298 0.779327 0.003317
v 1.069903 0.534055 -0.423226
v 1.070253 0.629355 -0.292231
v 1.001290 0.565192 -1.101894
v 1.059578 0.396993 -0.536379
v 0.996108 0.453211 -1.098766
v 0.989214 0.526325 -1.128759
v 1.067628 0.678361 -0.160170
v 0.772575 0.791042 -1.112144
v 0.866774 0.780463 -1.091307
v 0.917433 0.733478 -1.089147
v 0.899247 0.765409 -1.085697
v 0.923277 0.567198 -1.130161
v 0.908989 0.541158 -1.143180
v 0.768451 0.780502 -1.104360
v 0.863055 0.769291 -1.081554
v 0.906427 0.729697 -1.081324
v 0.890697 0.757380 -1.076643
v 0.915872 0.567197 -1.113026
v 0.900002 0.542933 -1.117850
v 1.098362 0.237616 0.465326
v 1.046269 0.072247 0.510605
v 1.119832 0.383222 0.376107
v 1.132134 0.557819 0.011328
v 1.129816 0.468365 0.276020
v 1.131698 0.531314 0.151644
v 1.118031 0.459042 -0.330443
v 1.124126 0.512283 -0.238013
v 1.107732 0.375369 -0.429590
v 1.129065 0.550682 -0.118133
v 1.029726 -0.038451 0.480365
v 0.995191 -0.101722 0.473909
v 1.002121 -0.026530 0.479118
v 1.097423 0.227487 0.422472
v 1.045445 0.073665 0.468579
v 1.117601 0.356149 0.342092
v 1.132578 0.518862 0.009838
v 1.126675 0.437236 0.250626
v 1.132193 0.491885 0.139193
v 1.120190 0.426170 -0.307668
v 1.125545 0.475975 -0.218434
v 1.111144 0.350079 -0.388048
v 1.129880 0.510562 -0.112599
v 0.938657 0.879410 0.456746
v 0.838558 1.089465 0.474291
v 0.915228 0.931859 0.520333
v 0.938784 0.880504 0.481375
v 0.900889 0.898887 -0.021246
v 0.887524 0.915921 -0.055190
v 0.854020 0.977901 -0.069357
v 0.423098 1.209368 0.281556
v 0.000000 1.228625 0.267482
v 0.699166 1.074503 -0.087897
v 0.671924 1.178614 0.295749
v 0.691711 1.169951 0.273135
v 0.449173 0.946393 -0.572367
v 0.697364 0.973540 -0.382662
v 0.652137 0.946481 -0.481597
v 0.556029 0.939838 -0.543784
v 0.000000 0.959710 -0.605972
v -0.725510 1.205976 0.428559
v -0.743798 1.193282 1.722532
v 0.000000 1.235463 1.766950
v 0.000000 1.259189 0.385077
v -0.685652 1.280919 0.923664
v 0.000000 1.333026 0.916585
v -0.703095 1.269694 1.447199
v 0.000000 1.311873 1.479639
v -0.697786 1.252250 0.673979
v 0.000000 1.304201 0.656369
v -0.420510 1.242560 0.407729
v -0.407555 1.284774 0.662291
v -0.409326 1.311961 0.921894
v -0.409326 1.294084 1.463127
v -0.419944 1.216564 1.746922
v -0.818585 1.127713 0.411401
v -0.816327 1.146339 1.704092
v -0.786817 1.218623 0.926925
v -0.796718 1.206428 1.435797
v -0.800248 1.182037 0.701869
v -0.845532 0.991729 2.097271
v -0.898595 0.978128 2.030358
v -0.937353 0.766049 2.469994
v -0.994982 0.748369 2.340625
v -0.984365 0.723504 2.832599
v -0.973721 0.696897 3.123723
v -0.955954 0.657470 3.459860
v -0.933349 0.584299 3.816400
v -0.919447 0.534701 3.965438
v -1.093413 0.592375 2.386354
v -1.082795 0.571057 2.832210
v -1.025819 0.502636 3.657476
v -0.976623 0.460971 3.918875
v -1.005075 0.615497 3.430891
v -1.015037 0.570757 3.550904
v -1.034372 0.624510 3.127796
v -1.003972 0.638873 3.295469
v -1.074459 0.562783 2.982348
v -1.030623 0.410572 3.737311
v -1.036225 0.306367 3.806085
v -1.021345 0.293588 3.876640
v -1.092064 0.371625 2.380651
v -1.081684 0.196498 2.366477
v -1.081447 0.191358 2.696838
v -1.083216 0.467366 2.858153
v -1.086912 0.353635 2.762680
v -1.088484 0.164667 2.755917
v -1.091159 0.168201 2.360636
v -1.063996 0.033481 2.723635
v -1.069273 0.038750 2.328221
v -1.003433 -0.056609 2.711039
v -1.006399 -0.052074 2.301192
v -0.916606 0.511112 3.989445
v -0.957175 0.455440 3.947583
v -0.999259 0.301000 3.903248
v -0.697988 0.310632 4.073842
v -0.569840 0.310276 4.145495
v -0.916946 0.505763 3.953039
v -0.579280 0.524816 4.178312
v -0.659642 0.522988 4.127966
v -0.957516 0.453063 3.933348
v -0.994838 0.306637 3.891418
v -0.586619 0.327018 4.141668
v -0.593222 0.361136 4.145928
v -0.675768 0.333621 4.092786
v -0.548061 0.307806 4.113483
v -0.567086 0.526406 4.114389
v -0.564257 0.328395 4.106174
v -0.581423 0.362514 4.110435
v -1.084592 0.306314 3.730269
v -1.092079 0.377358 3.674908
v -1.099182 0.443132 3.603319
v -1.108499 0.541579 3.406426
v -1.104990 0.506744 3.506386
v -1.113038 0.545382 3.152834
v -1.110777 0.561268 3.286775
v -1.110708 0.502201 3.036873
v -1.111361 0.421929 2.920251
v -1.102967 0.318938 2.832406
v -1.037235 -0.067558 2.711107
v -1.040201 -0.063023 2.301260
v -1.001253 -0.121921 2.703810
v -1.004220 -0.117386 2.299190
v -0.947915 -0.159224 2.697917
v -0.950882 -0.157366 2.297201
v -1.059720 0.032758 2.777718
v -1.043590 -0.067861 2.770712
v -1.015309 -0.125503 2.769207
v -0.974113 -0.170805 2.768345
v -1.091652 0.152624 2.805723
v -1.088095 0.304420 3.680402
v -1.094939 0.349003 3.644312
v -1.101432 0.412693 3.577435
v -1.109949 0.501860 3.395918
v -1.106741 0.470015 3.485085
v -1.114099 0.503983 3.165573
v -1.112033 0.516721 3.282338
v -1.111968 0.468953 3.061547
v -1.112566 0.393586 2.947966
v -1.104892 0.292743 2.866228
v -0.974788 0.833577 0.768914
v -1.093412 0.662129 0.756687
v -1.091150 0.426644 0.806378
v -1.079508 0.249942 0.849800
v -1.100079 0.206646 0.859798
v -1.073325 0.064957 0.909470
v -1.012182 -0.033660 0.949082
v -1.037405 -0.042766 0.951412
v -1.004220 -0.110605 0.949776
v -0.942402 -0.150585 0.949775
v -0.976575 0.836812 0.569450
v -1.093414 0.665753 0.597782
v -1.091150 0.436190 0.677561
v -1.078425 0.294866 0.736105
v -1.100079 0.264868 0.714440
v -1.063128 0.067837 0.743666
v -1.012182 -0.032446 0.729948
v -1.035691 -0.041553 0.732277
v -0.997942 -0.109391 0.730641
v -0.937248 -0.149372 0.730641
v -1.102770 0.431031 0.653432
v -0.977807 0.838258 0.454217
v -1.086297 0.671870 0.403382
v -1.094305 0.259875 0.556085
v -1.050790 0.067843 0.601976
v -1.004170 -0.026701 0.516303
v -1.029726 -0.037814 0.521222
v -0.995190 -0.101085 0.514765
v -0.929974 -0.148324 0.468126
v -1.104686 0.428138 0.483043
v -0.962938 0.851686 -0.002832
v -1.067288 0.699785 0.010078
v -1.097009 0.564795 0.364385
v -1.080584 0.665871 0.184232
v -0.953884 0.847922 0.462497
v -0.917582 0.868846 -0.011096
v -0.768406 1.067652 -0.076884
v -0.796431 0.897851 -0.558731
v 0.000000 0.940020 -0.661630
v -0.451572 0.925343 -0.632540
v -0.843291 1.002539 -0.056267
v -0.866901 0.887455 -0.308989
v -0.956354 0.858392 -0.307456
v -0.774397 0.895254 -1.058596
v -0.898597 0.870592 -1.028899
v -1.059134 0.683139 -0.294542
v -0.990822 0.707575 -1.066745
v -0.953803 0.805645 -1.042780
v -1.001477 0.792091 -0.302571
v -1.022298 0.779327 0.003317
v -1.069903 0.534055 -0.423226
v -1.070253 0.629355 -0.292231
v -1.001290 0.565192 -1.101894
v -1.059578 0.396993 -0.536379
v -0.996108 0.453211 -1.098766
v -0.989214 0.526325 -1.128759
v -1.067628 0.678361 -0.160170
v -0.772575 0.791042 -1.112144
v -0.866774 0.780463 -1.091307
v -0.917433 0.733478 -1.089147
v -0.899247 0.765409 -1.085697
v -0.923277 0.567198 -1.130161
v -0.908989 0.541158 -1.143180
v -0.768451 0.780502 -1.104360
v -0.863055 0.769291 -1.081554
v -0.906427 0.729697 -1.081324
v -0.890697 0.757380 -1.076643
v -0.915872 0.567197 -1.113026
v -0.900002 0.542933 -1.117850
v -1.098362 0.237616 0.465326
v -1.046269 0.072247 0.510605
v -1.119832 0.383222 0.376107
v -1.132134 0.557819 0.011328
v -1.129816 0.468365 0.276020
v -1.131698 0.531314 0.151644
v -1.118031 0.459042 -0.330443
v -1.124126 0.512283 -0.238013
v -1.107732 0.375369 -0.429590
v -1.129065 0.550682 -0.118133
v -1.029726 -0.038451 0.480365
v -0.995191 -0.101722 0.473909
v -1.002121 -0.026530 0.479118
v -1.097423 0.227487 0.422472
v -1.045445 0.073665 0.468579
v -1.117601 0.356149 0.342092
v -1.132578 0.518862 0.009838
v -1.126675 0.437236 0.250626
v -1.132193 0.491885 0.139193
v -1.120190 0.426170 -0.307668
v -1.125545 0.475975 -0.218434
v -1.111144 0.350079 -0.388048
v -1.129880 0.510562 -0.112599
v -0.938657 0.879410 0.456746
v -0.838558 1.089465 0.474291
v -0.915228 0.931859 0.520333
v -0.938784 0.880504 0.481375
v -0.900889 0.898887 -0.021246
v -0.887524 0.915921 -0.055190
v -0.854020 0.977901 -0.069357
v -0.423098 1.209368 0.281556
v 0.000000 1.228625 0.267482
v -0.699166 1.074503 -0.087897
v -0.671924 1.178614 0.295749
v -0.691711 1.169951 0.273135
v -0.449173 0.946393 -0.572367
v -0.697364 0.973540 -0.382662
v -0.652137 0.946481 -0.481597
v -0.556029 0.939838 -0.543784
v 0.000000 0.959710 -0.605972
v 1.036225 0.306367 3.806085
v 1.021345 0.293588 3.876640
v 0.999259 0.301000 3.903248
v 1.033517 0.224138 3.837783
v 1.018636 0.224189 3.900200
v 1.020223 0.264858 3.899476
v 0.968940 0.286459 3.972647
v 0.985166 0.222351 3.985700
v 0.986753 0.264857 3.984976
v 0.866318 0.286459 4.083286
v 0.884942 0.222352 4.093981
v 0.885472 0.264858 4.097226
v 0.693782 0.218638 4.231740
v 0.735326 0.264195 4.216709
v 0.722534 0.285875 4.196772
v 0.584727 0.222264 4.292532
v 0.584572 0.264102 4.299827
v 0.580932 0.285693 4.277518
v 0.324879 0.222590 4.352537
v 0.323947 0.264062 4.361771
v 0.318783 0.285891 4.338896
v 0.000000 0.264048 4.403246
v 0.000000 0.222633 4.394866
v 0.000000 0.286004 4.379587
v 0.829104 0.311652 3.997766
v 0.697988 0.310632 4.073842
v 0.569840 0.310276 4.145495
v 0.295238 0.314094 4.196458
v 0.000000 0.311197 4.230989
v 0.926628 0.307076 3.935993
v 0.994838 0.306637 3.891418
v 0.548061 0.307806 4.113483
v 0.293899 0.315977 4.107660
v 0.000000 0.313245 4.108292
v 0.953625 -0.044968 3.954606
v 0.866466 -0.045090 4.037066
v 0.693781 -0.049367 4.147877
v 0.584727 -0.045741 4.211748
v 0.324878 -0.045415 4.283130
v 0.000000 -0.045371 4.325460
v 0.324879 0.104665 4.330514
v 0.000000 0.110300 4.365774
v 0.584727 0.096213 4.263560
v 0.659750 -0.048235 4.171696
v 0.625498 0.071559 4.237871
v 0.565207 -0.017113 4.090666
v 0.314644 -0.017025 4.159536
v 0.000000 -0.017388 4.201317
v 0.314764 0.118690 4.183486
v 0.000000 0.123931 4.226742
v 0.565345 0.110495 4.118511
v 0.615075 -0.020021 4.053452
v 0.588603 0.085421 4.123857
v 0.689890 0.145891 4.224008
v 0.889859 0.139547 4.083918
v 0.991988 0.139096 3.978858
v 1.060610 0.147510 3.801333
v 1.010013 -0.045298 3.819817
v 0.584729 0.213684 4.283422
v 0.324881 0.210958 4.345867
v 0.000000 0.211002 4.378769
v 0.734712 0.163615 4.170270
v 0.866637 0.163061 4.063203
v 0.963187 0.164564 3.962381
v 0.993989 0.169062 3.878559
v 0.736939 0.204545 4.176383
v 0.865684 0.210073 4.070654
v 0.961149 0.212179 3.970478
v 1.001650 0.211244 3.865139
v 1.074303 0.221066 3.773936
v 1.084592 0.306314 3.730269
v 0.962178 -0.052908 3.960394
v 0.874446 -0.052246 4.045818
v 0.693781 -0.052575 4.157161
v 0.584726 -0.055998 4.217492
v 0.324878 -0.055672 4.279055
v 0.000000 -0.055628 4.321385
v 0.659750 -0.057243 4.176104
v 1.018566 -0.053237 3.825604
v 0.926702 -0.111521 3.936098
v 0.848607 -0.110859 4.010084
v 0.693781 -0.111188 4.109987
v 0.659750 -0.115856 4.123215
v 0.983090 -0.111851 3.822140
v 0.584727 -0.091518 4.155633
v 0.324879 -0.091192 4.217194
v 0.000000 -0.091148 4.259524
v 1.066171 0.139886 3.751523
v 1.019919 -0.038418 3.774867
v 1.078689 0.209946 3.727108
v 1.088095 0.304420 3.680402
v 1.014562 -0.053563 3.777077
v 0.996158 -0.107143 3.776201
v -1.036225 0.306367 3.806085
v -1.021345 0.293588 3.876640
v -0.999259 0.301000 3.903248
v -1.033517 0.224138 3.837783
v -1.018636 0.224189 3.900200
v -1.020223 0.264858 3.899476
v -0.968940 0.286459 3.972647
v -0.985166 0.222351 3.985700
v -0.986753 0.264857 3.984976
v -0.866318 0.286459 4.083286
v -0.884942 0.222352 4.093981
v -0.885472 0.264858 4.097226
v -0.693782 0.218638 4.231740
v -0.735326 0.264195 4.216709
v -0.722534 0.285875 4.196772
v -0.584727 0.222264 4.292532
v -0.584572 0.264102 4.299827
v -0.580932 0.285693 4.277518
v -0.324879 0.222590 4.352537
v -0.323947 0.264062 4.361771
v -0.318783 0.285891 4.338896
v -0.829104 0.311652 3.997766
v -0.697988 0.310632 4.073842
v -0.569840 0.310276 4.145495
v -0.295238 0.314094 4.196458
v -0.926628 0.307076 3.935993
v -0.994838 0.306637 3.891418
v -0.548061 0.307806 4.113483
v -0.293899 0.315977 4.107660
v -0.953625 -0.044968 3.954606
v -0.866466 -0.045090 4.037066
v -0.693781 -0.049367 4.147877
v -0.584727 -0.045741 4.211748
v -0.324878 -0.045415 4.283130
v -0.324879 0.104665 4.330514
v -0.584727 0.096213 4.263560
v -0.659750 -0.048235 4.171696
v -0.625498 0.071559 4.237871
v -0.565207 -0.017113 4.090666
v -0.314644 -0.017025 4.159536
v -0.314764 0.118690 4.183486
v -0.565345 0.110495 4.118511
v -0.615075 -0.020021 4.053452
v -0.588603 0.085421 4.123857
v -0.689890 0.145891 4.224008
v -0.889859 0.139547 4.083918
v -0.991988 0.139096 3.978858
v -1.060610 0.147510 3.801333
v -1.010013 -0.045298 3.819817
v -0.584729 0.213684 4.283422
v -0.324881 0.210958 4.345867
v -0.734712 0.163615 4.170270
v -0.866637 0.163061 4.063203
v -0.963187 0.164564 3.962381
v -0.993989 0.169062 3.878559
v -0.736939 0.204545 4.176383
v -0.865684 0.210073 4.070654
v -0.961149 0.212179 3.970478
v -1.001650 0.211244 3.865139
v -1.074303 0.221066 3.773936
v -1.084592 0.306314 3.730269
v -0.962178 -0.052908 3.960394
v -0.874446 -0.052246 4.045818
v -0.693781 -0.052575 4.157161
v -0.584726 -0.055998 4.217492
v -0.324878 -0.055672 4.279055
v -0.659750 -0.057243 4.176104
v -1.018566 -0.053237 3.825604
v -0.926702 -0.111521 3.936098
v -0.848607 -0.110859 4.010084
v -0.693781 -0.111188 4.109987
v -0.659750 -0.115856 4.123215
v -0.983090 -0.111851 3.822140
v -0.584727 -0.091518 4.155633
v -0.324879 -0.091192 4.217194
v -1.066171 0.139886 3.751523
v -1.019919 -0.038418 3.774867
v -1.078689 0.209946 3.727108
v -1.088095 0.304420 3.680402
v -1.014562 -0.053563 3.777077
v -0.996158 -0.107143 3.776201
v -0.323160 -0.040401 4.233589
v -0.317909 -0.043842 4.118827
v -0.336078 -0.040529 4.229428
v -0.341786 -0.043875 4.119119
v -0.323309 0.121078 4.290293
v -0.336226 0.120950 4.286130
v -0.342060 0.117604 4.186575
v -0.318184 0.117637 4.186282
v 0.323954 -0.040401 4.233589
v 0.317909 -0.043842 4.118827
v 0.335301 -0.040529 4.229428
v 0.341786 -0.043875 4.119119
v 0.324085 0.121078 4.290293
v 0.335432 0.120950 4.286130
v 0.342060 0.117604 4.186575
v 0.318184 0.117637 4.186282
v 0.005944 -0.040401 4.278179
v 0.011544 -0.043842 4.163416
v -0.006284 -0.040529 4.274018
v -0.012333 -0.043875 4.163708
v 0.005804 0.121078 4.334883
v -0.006425 0.120950 4.330719
v -0.012607 0.117604 4.231165
v 0.011269 0.117637 4.230870
v 1.059578 0.396993 -0.536379
v 0.996108 0.453211 -1.098766
v 0.989214 0.526325 -1.128759
v 0.964955 0.482228 -1.190738
v 0.908989 0.541158 -1.143180
v 0.870671 0.522279 -1.169871
v 0.922738 0.461864 -1.231666
v 0.635461 0.517788 -1.226076
v 0.650803 0.449386 -1.312141
v 0.419814 0.517678 -1.264996
v 0.431287 0.448112 -1.352099
v 0.000000 0.516634 -1.296357
v 0.000000 0.448197 -1.382108
v 1.026010 0.165837 -0.624960
v 0.965014 0.203723 -1.075689
v 0.932536 0.211257 -1.164406
v 0.897669 0.214979 -1.212495
v 0.640749 0.217475 -1.296875
v 0.422568 0.216852 -1.335532
v 0.970837 0.052160 -0.649550
v 0.915612 0.090860 -1.059543
v 0.890396 0.097580 -1.134834
v 0.855529 0.102116 -1.175192
v 0.586318 0.103798 -1.259011
v 0.413603 0.106819 -1.287896
v 0.000000 0.109444 -1.314589
v 0.832936 0.102257 -1.182226
v 0.780620 0.151608 -1.233697
v 0.700914 0.169124 -1.266963
v 0.642371 0.155826 -1.274556
v 0.984577 0.040296 -0.657725
v 0.924705 0.077997 -1.058754
v 0.899526 0.085613 -1.139423
v 0.863181 0.088873 -1.181517
v 0.614248 0.090694 -1.266888
v 0.417557 0.098330 -1.304966
v 0.000000 0.099555 -1.331659
v 0.793301 0.090741 -1.217676
v 0.757672 0.122583 -1.249930
v 0.700914 0.140099 -1.274750
v 0.661685 0.126801 -1.282342
v 0.928199 -0.035140 -0.663837
v 0.885191 0.010628 -1.051419
v 0.867948 0.017684 -1.100152
v 0.842853 0.020384 -1.128240
v 0.793301 0.025613 -1.158797
v 0.630073 0.087708 -1.260990
v 0.777476 0.087746 -1.220476
v 0.748145 0.116795 -1.247029
v 0.701420 0.128379 -1.269722
v 0.669125 0.117432 -1.273712
v 0.614249 0.024333 -1.210637
v 0.417557 0.065690 -1.281160
v 0.474882 0.029743 -1.243181
v 0.456799 0.050413 -1.263533
v 0.000000 0.064766 -1.306286
v 0.416507 0.022014 -1.195243
v 0.000000 0.023146 -1.221835
v 0.416591 0.061470 -1.230014
v 0.473353 0.025593 -1.192187
v 0.455271 0.046263 -1.212539
v 0.000000 0.060466 -1.255058
v 0.235015 0.216022 -1.344517
v 0.000000 0.410641 -1.377867
v 0.214837 0.408546 -1.364218
v 0.235826 0.391514 -1.361494
v 0.000000 0.160554 -1.334535
v 0.193506 0.168917 -1.328193
v 0.000000 0.227074 -1.310279
v 0.214772 0.227965 -1.310192
v 0.000000 0.403722 -1.310446
v 0.196054 0.401797 -1.310341
v 0.215410 0.386066 -1.310321
v 0.000000 0.186080 -1.310127
v 0.176681 0.193763 -1.310078
v 0.900002 0.542933 -1.117850
v 0.857323 0.532491 -1.134858
v 0.629090 0.532668 -1.173447
v 0.463102 0.529321 -1.203227
v 0.000000 0.528276 -1.239421
v 1.107732 0.375369 -0.429590
v 1.059954 0.163619 -0.538629
v 0.993540 0.040914 -0.561268
v 0.995821 0.030493 -0.565284
v 0.941381 -0.048922 -0.567027
v 1.111144 0.350079 -0.388048
v 1.069176 0.155701 -0.491808
v 1.010839 0.034103 -0.515229
v 1.012843 0.024949 -0.518756
v 0.965023 -0.055184 -0.526513
v -1.059578 0.396993 -0.536379
v -0.996108 0.453211 -1.098766
v -0.989214 0.526325 -1.128759
v -0.964955 0.482228 -1.190738
v -0.908989 0.541158 -1.143180
v -0.870671 0.522279 -1.169871
v -0.922738 0.461864 -1.231666
v -0.635461 0.517788 -1.226076
v -0.650803 0.449386 -1.312141
v -0.419814 0.517678 -1.264996
v -0.431287 0.448112 -1.352099
v 0.000000 0.516634 -1.296357
v 0.000000 0.448197 -1.382108
v -1.026010 0.165837 -0.624960
v -0.965014 0.203723 -1.075689
v -0.932536 0.211257 -1.164406
v -0.897669 0.214979 -1.212495
v -0.640749 0.217475 -1.296875
v -0.422568 0.216852 -1.335532
v -0.970837 0.052160 -0.649550
v -0.915612 0.090860 -1.059543
v -0.890396 0.097580 -1.134834
v -0.855529 0.102116 -1.175192
v -0.586318 0.103798 -1.259011
v -0.413603 0.106819 -1.287896
v 0.000000 0.109444 -1.314589
v -0.832936 0.102257 -1.182226
v -0.780620 0.151608 -1.233697
v -0.700914 0.169124 -1.266963
v -0.642371 0.155826 -1.274556
v -0.984577 0.040296 -0.657725
v -0.924705 0.077997 -1.058754
v -0.899526 0.085613 -1.139423
v -0.863181 0.088873 -1.181517
v -0.614248 0.090694 -1.266888
v -0.417557 0.098330 -1.304966
v 0.000000 0.099555 -1.331659
v -0.793301 0.090741 -1.217676
v -0.757672 0.122583 -1.249930
v -0.700914 0.140099 -1.274750
v -0.661685 0.126801 -1.282342
v -0.928199 -0.035140 -0.663837
v -0.885191 0.010628 -1.051419
v -0.867948 0.017684 -1.100152
v -0.842853 0.020384 -1.128240
v -0.793301 0.025613 -1.158797
v -0.630073 0.087708 -1.260990
v -0.777476 0.087746 -1.220476
v -0.748145 0.116795 -1.247029
v -0.701420 0.128379 -1.269722
v -0.669125 0.117432 -1.273712
v -0.614249 0.024333 -1.210637
v -0.417557 0.065690 -1.281160
v -0.474882 0.029743 -1.243181
v -0.456799 0.050413 -1.263533
v 0.000000 0.064766 -1.306286
v -0.416507 0.022014 -1.195243
v 0.000000 0.023146 -1.221835
v -0.416591 0.061470 -1.230014
v -0.473353 0.025593 -1.192187
v -0.455271 0.046263 -1.212539
v 0.000000 0.060466 -1.255058
v -0.235015 0.216022 -1.344517
v 0.000000 0.410641 -1.377867
v -0.214837 0.408546 -1.364218
v -0.235826 0.391514 -1.361494
v 0.000000 0.160554 -1.334535
v -0.193506 0.168917 -1.328193
v 0.000000 0.227074 -1.310279
v -0.214772 0.227965 -1.310192
v 0.000000 0.403722 -1.310446
v -0.196054 0.401797 -1.310341
v -0.215410 0.386066 -1.310321
v 0.000000 0.186080 -1.310127
v -0.176681 0.193763 -1.310078
v -0.900002 0.542933 -1.117850
v -0.857323 0.532491 -1.134858
v -0.629090 0.532668 -1.173447
v -0.463102 0.529321 -1.203227
v 0.000000 0.528276 -1.239421
v -1.107732 0.375369 -0.429590
v -1.059954 0.163619 -0.538629
v -0.993540 0.040914 -0.561268
v -0.995821 0.030493 -0.565284
v -0.941381 -0.048922 -0.567027
v -1.111144 0.350079 -0.388048
v -1.069176 0.155701 -0.491808
v -1.010839 0.034103 -0.515229
v -1.012843 0.024949 -0.518756
v -0.965023 -0.055184 -0.526513
vn 0.0485 0.9856 -0.1623
vn 0.1226 0.9789 -0.1633
vn 0.0507 0.9929 -0.1072
vn 0.1134 0.9879 -0.1060
vn 0.0541 0.9644 0.2589
vn 0.0910 0.9622 0.2566
vn 0.6053 0.7902 -0.0963
vn 0.5525 0.8292 -0.0842
vn 0.5647 0.8131 0.1415
vn 0.5596 0.7846 0.2669
vn 0.6751 0.6860 0.2714
vn 0.4034 0.9134 0.0549
vn 0.8390 0.5422 0.0457
vn 0.8376 0.4917 0.2381
vn 0.7616 0.6428 0.0830
vn 0.6873 0.7165 0.1197
vn 0.8377 0.5407 0.0763
vn 0.8232 0.5655 0.0502
vn 0.7093 0.6796 0.1870
vn 0.8369 0.4957 0.2322
vn 0.9473 0.2367 0.2160
vn 0.9525 0.1990 0.2305
vn 0.9982 0.0182 0.0564
vn 0.9988 -0.0483 0.0060
vn 0.9998 0.0015 0.0182
vn 0.9997 0.0101 0.0243
vn 0.9557 0.2941 0.0074
vn 0.9842 -0.1771 0.0079
vn 0.8259 -0.5638 0.0016
vn 0.8202 0.2777 0.5002
vn 0.7994 0.0547 0.5984
vn -0.7737 -0.6278 0.0854
vn -0.9521 -0.2838 0.1135
vn 0.4752 -0.2553 0.8420
vn 0.4824 -0.1999 0.8528
vn 0.5172 -0.1182 0.8477
vn -0.9670 -0.1090 0.2301
vn -0.8688 0.2492 0.4278
vn -0.6254 0.6712 0.3981
vn 0.7701 0.3632 0.5245
vn 0.6458 0.7635 -0.0066
vn 0.5933 0.7933 0.1367
vn 0.7993 0.5887 -0.1208
vn 0.6198 0.7436 0.2508
vn 0.6930 0.6128 0.3798
vn 0.9204 0.3321 -0.2063
vn 0.9610 0.1662 -0.2212
vn 0.9854 0.0143 -0.1699
vn 0.7403 0.4598 0.4905
vn 0.3081 0.9513 0.0128
vn 0.8339 -0.5519 -0.0001
vn 0.5868 -0.8097 -0.0021
vn 0.1696 0.5185 -0.8381
vn 0.9830 -0.1502 -0.1056
vn 0.8620 -0.4823 -0.1557
vn 0.6443 -0.7152 -0.2708
vn 0.8248 -0.5625 0.0577
vn 0.9942 -0.0471 0.0963
vn 0.9995 0.0283 0.0140
vn 0.9993 0.0280 0.0228
vn 0.9995 0.0178 -0.0266
vn 0.9988 0.0236 0.0438
vn 0.9977 0.0126 0.0667
vn 0.9995 0.0283 -0.0137
vn 0.9974 -0.0210 -0.0693
vn 0.9949 -0.0540 -0.0853
vn 0.9956 -0.0039 0.0941
vn 0.9764 -0.2156 -0.0161
vn 0.3212 0.9469 0.0139
vn 0.8703 -0.4924 -0.0058
vn 0.5704 -0.8213 -0.0059
vn 0.8236 0.5669 0.0150
vn 0.9962 -0.0838 -0.0233
vn 1.0000 -0.0099 -0.0004
vn 0.8642 0.4687 0.1830
vn 0.9771 -0.2004 -0.0714
vn 0.8693 -0.4935 -0.0283
vn 0.3498 0.9368 0.0038
vn 0.8862 -0.4629 -0.0187
vn 0.5465 -0.8373 -0.0189
vn 0.8515 0.1524 0.5017
vn 0.9038 0.1325 0.4069
vn 0.8316 0.5554 -0.0022
vn 0.9756 -0.2125 -0.0554
vn 0.3800 0.9250 0.0082
vn 0.8761 -0.4811 -0.0315
vn 0.5762 -0.8168 -0.0280
vn 0.9990 -0.0433 -0.0107
vn 0.9984 0.0540 -0.0138
vn 0.9748 0.2207 -0.0315
vn 0.9956 0.0867 0.0354
vn 0.9935 0.1099 -0.0289
vn 0.3610 0.9324 0.0146
vn 0.7235 0.6593 -0.2048
vn 0.6430 0.7494 -0.1583
vn 0.5419 0.8404 0.0047
vn 0.0974 0.9949 0.0256
vn 0.0479 0.9982 0.0353
vn 0.3237 0.9461 0.0090
vn 0.8707 0.4918 -0.0072
vn 0.7992 0.6009 -0.0167
vn 0.9942 -0.0147 -0.1068
vn 0.9372 -0.0530 -0.3446
vn 0.2563 0.9665 -0.0114
vn 0.1979 0.9801 -0.0138
vn 0.7921 0.6087 -0.0464
vn 0.9061 0.4189 -0.0590
vn 0.9855 0.1457 -0.0864
vn 0.9907 0.0965 -0.0957
vn 0.8810 0.4708 -0.0465
vn 0.8844 0.4651 -0.0394
vn 0.9783 0.1999 -0.0547
vn 0.2778 0.4185 -0.8647
vn 0.2699 0.4585 -0.8467
vn 0.3322 0.4498 -0.8291
vn 0.3953 0.3472 -0.8504
vn 0.3477 0.2419 -0.9058
vn 0.3685 0.9295 0.0184
vn 0.3792 0.9252 0.0157
vn -0.7597 0.5679 -0.3170
vn 0.1001 -0.6468 -0.7560
vn -0.1548 -0.6391 -0.7534
vn -0.5625 -0.2110 -0.7994
vn -0.8079 0.0912 -0.5822
vn 0.9672 -0.2530 0.0223
vn 0.9929 -0.0433 0.1112
vn 0.9230 0.3830 0.0358
vn 0.9805 0.1326 0.1448
vn 0.9513 0.2881 0.1098
vn 0.9153 0.2314 -0.3295
vn 0.9214 0.3108 -0.2332
vn 0.9075 0.4173 -0.0480
vn 0.9158 0.3768 -0.1391
vn 0.8774 -0.4797 0.0075
vn 0.5806 -0.8141 0.0127
vn 0.9517 -0.3069 0.0117
vn 0.9905 -0.1352 0.0246
vn 0.9999 0.0110 0.0052
vn 0.9947 -0.1023 0.0102
vn 0.9990 -0.0428 0.0100
vn 0.9952 -0.0117 -0.0968
vn 0.9976 0.0097 -0.0684
vn 0.9996 0.0147 -0.0238
vn 0.9989 0.0142 -0.0456
vn 0.9170 -0.3967 -0.0412
vn 0.3991 0.9168 -0.0160
vn 0.0515 0.0643 -0.9966
vn 0.8918 0.4496 -0.0503
vn 0.8845 0.4502 -0.1224
vn 0.9017 0.4317 -0.0238
vn 0.8982 0.4381 -0.0348
vn 0.8963 0.4416 -0.0402
vn 0.8977 0.4389 -0.0395
vn 0.0521 0.9663 -0.2522
vn 0.0523 0.9424 -0.3304
vn 0.1437 0.9359 -0.3215
vn 0.1435 0.9359 -0.3216
vn 0.1435 0.9359 -0.3217
vn 0.1324 0.9591 -0.2503
vn 0.1328 0.9588 -0.2511
vn 0.1338 0.9587 -0.2509
vn 0.8185 0.5744 0.0057
vn 0.8931 -0.4431 -0.0778
vn 0.9133 -0.4041 -0.0510
vn 0.0776 -0.0752 0.9941
vn -0.0485 0.9856 -0.1623
vn -0.1226 0.9789 -0.1633
vn -0.0507 0.9929 -0.1072
vn -0.1134 0.9879 -0.1060
vn -0.0541 0.9644 0.2589
vn -0.0910 0.9622 0.2566
vn -0.6053 0.7902 -0.0963
vn -0.5525 0.8292 -0.0842
vn -0.5647 0.8131 0.1415
vn -0.5596 0.7846 0.2669
vn -0.6751 0.6860 0.2714
vn -0.4034 0.9134 0.0549
vn -0.8390 0.5422 0.0457
vn -0.8376 0.4917 0.2381
vn -0.7616 0.6428 0.0830
vn -0.6873 0.7165 0.1197
vn -0.8377 0.5407 0.0763
vn -0.8232 0.5655 0.0502
vn -0.7093 0.6796 0.1870
vn -0.8369 0.4957 0.2322
vn -0.9473 0.2367 0.2160
vn -0.9525 0.1990 0.2305
vn -0.9982 0.0182 0.0564
vn -0.9988 -0.0483 0.0060
vn -0.9998 0.0015 0.0182
vn -0.9997 0.0101 0.0243
vn -0.9557 0.2941 0.0074
vn -0.9842 -0.1771 0.0079
vn -0.8259 -0.5638 0.0016
vn -0.8202 0.2777 0.5002
vn -0.7994 0.0547 0.5984
vn 0.7737 -0.6278 0.0854
vn 0.9521 -0.2838 0.1135
vn -0.4752 -0.2553 0.8420
vn -0.4824 -0.1999 0.8528
vn -0.5172 -0.1182 0.8477
vn 0.9670 -0.1090 0.2301
vn 0.8688 0.2492 0.4278
vn 0.6254 0.6712 0.3981
vn -0.7701 0.3632 0.5245
vn -0.6458 0.7635 -0.0066
vn -0.5933 0.7933 0.1367
vn -0.7993 0.5887 -0.1208
vn -0.6198 0.7436 0.2508
vn -0.6930 0.6128 0.3798
vn -0.9204 0.3321 -0.2063
vn -0.9610 0.1662 -0.2212
vn -0.9854 0.0143 -0.1699
vn -0.7403 0.4598 0.4905
vn -0.3081 0.9513 0.0128
vn -0.8339 -0.5519 -0.0001
vn -0.5868 -0.8097 -0.0021
vn -0.1696 0.5185 -0.8381
vn -0.9830 -0.1502 -0.1056
vn -0.8620 -0.4823 -0.1557
vn -0.6443 -0.7152 -0.2708
vn -0.8248 -0.5625 0.0577
vn -0.9942 -0.0471 0.0963
vn -0.9995 0.0283 0.0140
vn -0.9993 0.0280 0.0228
vn -0.9995 0.0178 -0.0266
vn -0.9988 0.0236 0.0438
vn -0.9977 0.0126 0.0667
vn -0.9995 0.0283 -0.0137
vn -0.9974 -0.0210 -0.0693
vn -0.9949 -0.0540 -0.0853
vn -0.9956 -0.0039 0.0941
vn -0.9764 -0.2156 -0.0161
vn -0.3212 0.9469 0.0139
vn -0.8703 -0.4924 -0.0058
vn -0.5704 -0.8213 -0.0059
vn -0.8236 0.5669 0.0150
vn -0.9962 -0.0838 -0.0233
vn -1.0000 -0.0099 -0.0004
vn -0.8642 0.4687 0.1830
vn -0.9771 -0.2004 -0.0714
vn -0.8693 -0.4935 -0.0283
vn -0.3498 0.9368 0.0038
vn -0.8862 -0.4629 -0.0187
vn -0.5465 -0.8373 -0.0189
vn -0.8515 0.1524 0.5017
vn -0.9038 0.1325 0.4069
vn -0.8316 0.5554 -0.0022
vn -0.9756 -0.2125 -0.0554
vn -0.3800 0.9250 0.0082
vn -0.8761 -0.4811 -0.0315
vn -0.5762 -0.8168 -0.0280
vn -0.9990 -0.0433 -0.0107
vn -0.9984 0.0540 -0.0138
vn -0.9748 0.2207 -0.0315
vn -0.9956 0.0867 0.0354
vn -0.9935 0.1099 -0.0289
vn -0.3610 0.9324 0.0146
vn -0.7235 0.6593 -0.2048
vn -0.6430 0.7494 -0.1583
vn -0.5419 0.8404 0.0047
vn -0.0974 0.9949 0.0256
vn -0.0479 0.9982 0.0353
vn -0.3237 0.9461 0.0090
vn -0.8707 0.4918 -0.0072
vn -0.7992 0.6009 -0.0167
vn -0.9942 -0.0147 -0.1068
vn -0.9372 -0.0530 -0.3446
vn -0.2563 0.9665 -0.0114
vn -0.1979 0.9801 -0.0138
vn -0.7921 0.6087 -0.0464
vn -0.9061 0.4189 -0.0590
vn -0.9855 0.1457 -0.0864
vn -0.9907 0.0965 -0.0957
vn -0.8810 0.4708 -0.0465
vn -0.8844 0.4651 -0.0394
vn -0.9783 0.1999 -0.0547
vn -0.2778 0.4185 -0.8647
vn -0.2699 0.4585 -0.8467
vn -0.3322 0.4498 -0.8291
vn -0.3953 0.3472 -0.8504
vn -0.3477 0.2419 -0.9058
vn -0.3685 0.9295 0.0184
vn -0.3792 0.9252 0.0157
vn 0.7597 0.5679 -0.3170
vn -0.1001 -0.6468 -0.7560
vn 0.1548 -0.6391 -0.7534
vn 0.5625 -0.2110 -0.7994
vn 0.8079 0.0912 -0.5822
vn -0.9672 -0.2530 0.0223
vn -0.9929 -0.0433 0.1112
vn -0.9230 0.3830 0.0358
vn -0.9805 0.1326 0.1448
vn -0.9513 0.2881 0.1098
vn -0.9153 0.2314 -0.3295
vn -0.9214 0.3108 -0.2332
vn -0.9075 0.4173 -0.0480
vn -0.9158 0.3768 -0.1391
vn -0.8774 -0.4797 0.0075
vn -0.5806 -0.8141 0.0127
vn -0.9517 -0.3069 0.0117
vn -0.9905 -0.1352 0.0246
vn -0.9999 0.0110 0.0052
vn -0.9947 -0.1023 0.0102
vn -0.9990 -0.0428 0.0100
vn -0.9952 -0.0117 -0.0968
vn -0.9976 0.0097 -0.0684
vn -0.9996 0.0147 -0.0238
vn -0.9989 0.0142 -0.0456
vn -0.9170 -0.3967 -0.0412
vn -0.3991 0.9168 -0.0160
vn -0.0515 0.0643 -0.9966
vn -0.8918 0.4496 -0.0503
vn -0.8845 0.4502 -0.1224
vn -0.9017 0.4317 -0.0238
vn -0.8982 0.4381 -0.0348
vn -0.8963 0.4416 -0.0402
vn -0.8977 0.4389 -0.0395
vn -0.0521 0.9663 -0.2522
vn -0.0523 0.9424 -0.3304
vn -0.1437 0.9359 -0.3215
vn -0.1435 0.9359 -0.3216
vn -0.1435 0.9359 -0.3217
vn -0.1324 0.9591 -0.2503
vn -0.1328 0.9588 -0.2511
vn -0.1338 0.9587 -0.2509
vn -0.8185 0.5744 0.0057
vn -0.8931 -0.4431 -0.0778
vn -0.9133 -0.4041 -0.0510
vn -0.0776 -0.0752 0.9941
vn 0.9798 0.0183 0.1991
vn 0.9626 0.1446 0.2292
vn 0.7598 0.3861 0.5231
vn 0.9309 -0.0292 0.3641
vn 0.7487 0.5562 0.3606
vn 0.7377 -0.0384 0.6740
vn 0.5110 0.7214 0.4674
vn 0.5937 -0.1786 0.7846
vn 0.4219 0.7311 0.5362
vn 0.4775 -0.1495 0.8658
vn 0.3388 0.7200 0.6057
vn 0.2240 -0.1869 0.9565
vn 0.1578 0.7272 0.6680
vn 0.1254 -0.2049 0.9707
vn 0.0867 0.7303 0.6776
vn 0.1287 0.9723 0.1949
vn 0.0975 0.9796 0.1759
vn 0.0457 0.9820 0.1831
vn 0.0175 0.9837 0.1791
vn 0.2111 0.9525 0.2197
vn 0.2075 0.9353 0.2866
vn 0.2322 0.9089 0.3463
vn 0.0219 0.9997 -0.0090
vn -0.0084 0.9998 0.0186
vn 0.0285 0.9749 0.2207
vn -0.0286 -0.9950 -0.0952
vn 0.0611 0.9737 0.2195
vn -0.0559 -0.9943 -0.0907
vn 0.1581 0.9694 0.1878
vn -0.6039 -0.7958 0.0447
vn -0.8897 -0.3869 0.2424
vn 0.5258 -0.2965 0.7973
vn 0.5342 -0.2851 0.7958
vn 0.6818 -0.2470 0.6886
vn 0.9077 -0.2197 0.3576
vn 0.1853 -0.6047 0.7746
vn 0.0824 -0.6971 0.7123
vn 0.3371 -0.6853 0.6455
vn 0.2373 -0.1510 0.9596
vn 0.1022 -0.1350 0.9856
vn 0.4178 -0.1388 0.8979
vn 0.4287 -0.2073 0.8794
vn 0.4102 0.7422 0.5301
vn 0.4387 0.7905 0.4274
vn 0.5510 0.7965 0.2490
vn 0.7749 -0.1174 0.6210
vn 0.3195 -0.8650 0.3870
vn 0.2680 -0.9325 0.2422
vn 0.3569 -0.9245 0.1340
vn 0.4514 -0.8857 0.1083
vn 0.7273 -0.0140 0.6861
vn 0.8429 0.0429 0.5364
vn 0.8320 0.1727 0.5272
vn 0.1202 -0.3665 0.9226
vn 0.2472 0.0786 0.9658
vn 0.4413 0.4183 0.7939
vn 0.3548 0.6976 0.6224
vn 0.2408 0.8837 0.4013
vn 0.3938 0.8239 0.4076
vn 0.5702 0.7867 0.2366
vn 0.4093 -0.5924 0.6940
vn 0.4341 -0.5820 0.6876
vn 0.5569 -0.5904 0.5842
vn 0.7634 -0.5444 0.3476
vn 0.3702 -0.6223 0.6897
vn 0.0646 -0.8654 0.4969
vn 0.1161 -0.8613 0.4946
vn -0.0660 -0.8653 0.4969
vn 0.9596 -0.2326 0.1585
vn 0.9829 -0.1335 0.1271
vn 0.9939 -0.0638 0.0897
vn 0.8985 -0.4340 0.0661
vn 0.9841 0.1617 0.0735
vn -0.9798 0.0183 0.1991
vn -0.9626 0.1446 0.2292
vn -0.7598 0.3861 0.5231
vn -0.9309 -0.0292 0.3641
vn -0.7487 0.5562 0.3606
vn -0.7377 -0.0384 0.6740
vn -0.5110 0.7214 0.4674
vn -0.5937 -0.1786 0.7846
vn -0.4219 0.7311 0.5362
vn -0.4775 -0.1495 0.8658
vn -0.3388 0.7200 0.6057
vn -0.2240 -0.1869 0.9565
vn -0.1578 0.7272 0.6680
vn -0.1254 -0.2049 0.9707
vn -0.0867 0.7303 0.6776
vn -0.1287 0.9723 0.1949
vn -0.0975 0.9796 0.1759
vn -0.0457 0.9820 0.1831
vn -0.0175 0.9837 0.1791
vn -0.2111 0.9525 0.2197
vn -0.2075 0.9353 0.2866
vn -0.2322 0.9089 0.3463
vn -0.0219 0.9997 -0.0090
vn 0.0084 0.9998 0.0186
vn -0.0285 0.9749 0.2207
vn 0.0286 -0.9950 -0.0952
vn -0.0611 0.9737 0.2195
vn 0.0559 -0.9943 -0.0907
vn -0.1581 0.9694 0.1878
vn 0.6039 -0.7958 0.0447
vn 0.8897 -0.3869 0.2424
vn -0.5258 -0.2965 0.7973
vn -0.5342 -0.2851 0.7958
vn -0.6818 -0.2470 0.6886
vn -0.9077 -0.2197 0.3576
vn -0.1853 -0.6047 0.7746
vn -0.0824 -0.6971 0.7123
vn -0.3371 -0.6853 0.6455
vn -0.2373 -0.1510 0.9596
vn -0.1022 -0.1350 0.9856
vn -0.4178 -0.1388 0.8979
vn -0.4287 -0.2073 0.8794
vn -0.4102 0.7422 0.5301
vn -0.4387 0.7905 0.4274
vn -0.5510 0.7965 0.2490
vn -0.7749 -0.1174 0.6210
vn -0.3195 -0.8650 0.3870
vn -0.2680 -0.9325 0.2422
vn -0.3569 -0.9245 0.1340
vn -0.4514 -0.8857 0.1083
vn -0.7273 -0.0140 0.6861
vn -0.8429 0.0429 0.5364
vn -0.8320 0.1727 0.5272
vn -0.1202 -0.3665 0.9226
vn -0.2472 0.0786 0.9658
vn -0.4413 0.4183 0.7939
vn -0.3548 0.6976 0.6224
vn -0.2408 0.8837 0.4013
vn -0.3938 0.8239 0.4076
vn -0.5702 0.7867 0.2366
vn -0.4093 -0.5924 0.6940
vn -0.4341 -0.5820 0.6876
vn -0.5569 -0.5904 0.5842
vn -0.7634 -0.5444 0.3476
vn -0.3702 -0.6223 0.6897
vn -0.0646 -0.8654 0.4969
vn -0.1161 -0.8613 0.4946
vn 0.0660 -0.8653 0.4969
vn -0.9596 -0.2326 0.1585
vn -0.9829 -0.1335 0.1271
vn -0.9939 -0.0638 0.0897
vn -0.8985 -0.4340 0.0661
vn -0.9841 0.1617 0.0735
vn -0.2879 -0.3175 0.9035
vn -0.9982 -0.0227 0.0556
vn -0.0118 0.3854 -0.9227
vn 0.9987 -0.0171 0.0479
vn 0.3238 -0.3137 0.8926
vn 0.9977 -0.0255 0.0632
vn 0.0118 0.3854 -0.9227
vn -0.9983 -0.0199 0.0551
vn -0.3028 -0.3160 0.8991
vn -0.9980 -0.0239 0.0589
vn -0.0119 0.3854 -0.9227
vn 0.9985 -0.0184 0.0511
vn 0.9413 -0.0483 -0.3341
vn 0.2036 0.7247 -0.6584
vn 0.1997 0.7794 -0.5938
vn 0.1394 0.7772 -0.6136
vn 0.1079 0.7856 -0.6092
vn 0.0439 0.7822 -0.6215
vn 0.9847 -0.1145 -0.1316
vn 0.9234 -0.1464 -0.3548
vn 0.7613 -0.1401 -0.6331
vn 0.2979 -0.0902 -0.9503
vn 0.1766 -0.0746 -0.9815
vn 0.8988 -0.4090 -0.1578
vn 0.8485 -0.4103 -0.3341
vn 0.6895 -0.4288 -0.5837
vn 0.1544 -0.3906 -0.9075
vn 0.3619 -0.4300 -0.8271
vn 0.3090 -0.2293 -0.9230
vn 0.7283 0.6841 -0.0389
vn 0.7761 0.5995 -0.1957
vn 0.6215 0.6207 -0.4781
vn 0.1947 -0.3294 -0.9239
vn 0.0538 -0.3387 -0.9394
vn 0.1242 0.8233 -0.5539
vn 0.0343 0.8817 -0.4706
vn 0.6585 -0.0603 -0.7501
vn 0.4263 0.1968 -0.8829
vn 0.0723 0.2808 -0.9570
vn -0.3005 0.0175 -0.9536
vn 0.3195 0.6875 -0.6521
vn 0.8182 -0.5508 -0.1650
vn 0.7896 -0.5246 -0.3183
vn 0.5776 -0.5973 -0.5564
vn 0.3485 -0.6332 -0.6912
vn 0.1933 -0.5671 -0.8007
vn 0.2409 -0.5007 -0.8314
vn 0.2874 -0.4420 -0.8497
vn 0.1852 -0.5822 -0.7917
vn 0.2500 -0.6493 -0.7182
vn 0.1421 -0.6140 -0.7764
vn 0.0499 -0.5885 -0.8069
vn -0.7109 -0.6989 -0.0782
vn -0.3295 -0.9403 -0.0851
vn 0.0801 -0.6605 -0.7466
vn 0.0073 -0.9965 -0.0829
vn 0.0462 -0.6623 -0.7478
vn 0.1602 -0.6383 -0.7530
vn 0.0524 -0.3909 -0.9190
vn 0.0538 -0.3856 -0.9211
vn 0.0602 -0.0834 -0.9947
vn 0.0669 -0.0862 -0.9940
vn 0.0692 -0.0738 -0.9949
vn -0.0146 0.6421 -0.7664
vn -0.5749 0.4209 -0.7017
vn 0.0004 -0.0038 -1.0000
vn -0.9035 -0.0180 -0.4283
vn 0.0004 -0.0008 -1.0000
vn -0.5875 -0.7491 -0.3062
vn -0.0059 -0.9936 -0.1129
vn 0.0005 -0.0009 -1.0000
vn -0.2005 0.9441 -0.2618
vn 0.0453 0.9630 -0.2655
vn 0.0337 0.9712 -0.2360
vn 0.0127 0.9803 -0.1970
vn 0.9205 0.0053 -0.3907
vn 0.8689 -0.3847 -0.3115
vn 0.7890 0.6095 -0.0772
vn 0.8049 -0.5672 -0.1746
vn 0.9756 -0.1191 -0.1842
vn 0.8693 -0.3855 -0.3094
vn 0.9039 0.3110 -0.2936
vn 0.7733 -0.4704 -0.4251
vn -0.9413 -0.0483 -0.3341
vn -0.2036 0.7247 -0.6584
vn -0.1997 0.7794 -0.5938
vn -0.1394 0.7772 -0.6136
vn -0.1079 0.7856 -0.6092
vn -0.0439 0.7822 -0.6215
vn -0.9847 -0.1145 -0.1316
vn -0.9234 -0.1464 -0.3548
vn -0.7613 -0.1401 -0.6331
vn -0.2979 -0.0902 -0.9503
vn -0.1766 -0.0746 -0.9815
vn -0.8988 -0.4090 -0.1578
vn -0.8485 -0.4103 -0.3341
vn -0.6895 -0.4288 -0.5837
vn -0.1544 -0.3906 -0.9075
vn -0.3619 -0.4300 -0.8271
vn -0.3090 -0.2293 -0.9230
vn -0.7283 0.6841 -0.0389
vn -0.7761 0.5995 -0.1957
vn -0.6215 0.6207 -0.4781
vn -0.1946 -0.3294 -0.9239
vn -0.0538 -0.3387 -0.9394
vn -0.1242 0.8233 -0.5539
vn -0.0343 0.8817 -0.4706
vn -0.6585 -0.0603 -0.7501
vn -0.4263 0.1968 -0.8829
vn -0.0723 0.2808 -0.9570
vn 0.3005 0.0175 -0.9536
vn -0.3195 0.6875 -0.6521
vn -0.8182 -0.5508 -0.1650
vn -0.7896 -0.5246 -0.3183
vn -0.5776 -0.5973 -0.5564
vn -0.3485 -0.6332 -0.6912
vn -0.1933 -0.5671 -0.8007
vn -0.2409 -0.5007 -0.8314
vn -0.2874 -0.4420 -0.8497
vn -0.1852 -0.5822 -0.7917
vn -0.2500 -0.6493 -0.7182
vn -0.1421 -0.6140 -0.7764
vn -0.0499 -0.5885 -0.8069
vn 0.7109 -0.6989 -0.0782
vn 0.3295 -0.9403 -0.0851
vn -0.0801 -0.6605 -0.7466
vn -0.0073 -0.9965 -0.0829
vn -0.0462 -0.6623 -0.7478
vn -0.1602 -0.6383 -0.7530
vn -0.0524 -0.3909 -0.9190
vn -0.0538 -0.3856 -0.9211
vn -0.0602 -0.0834 -0.9947
vn -0.0669 -0.0862 -0.9940
vn -0.0692 -0.0738 -0.9949
vn 0.0146 0.6421 -0.7664
vn 0.5749 0.4209 -0.7017
vn -0.0004 -0.0038 -1.0000
vn 0.9035 -0.0180 -0.4283
vn -0.0004 -0.0008 -1.0000
vn 0.5875 -0.7491 -0.3062
vn 0.0059 -0.9936 -0.1129
vn -0.0005 -0.0009 -1.0000
vn 0.2005 0.9441 -0.2618
vn -0.0453 0.9630 -0.2655
vn -0.0337 0.9712 -0.2360
vn -0.0127 0.9803 -0.1970
vn -0.9205 0.0053 -0.3907
vn -0.8689 -0.3847 -0.3115
vn -0.7890 0.6095 -0.0772
vn -0.8049 -0.5672 -0.1746
vn -0.9756 -0.1191 -0.1842
vn -0.8693 -0.3855 -0.3094
vn -0.9039 0.3110 -0.2936
vn -0.7733 -0.4704 -0.4251
vt 0.622810 0.312780
vt 0.622270 0.275760
vt 0.645390 0.274590
vt 0.647450 0.312780
vt 0.621210 0.249400
vt 0.643500 0.246880
vt 0.599170 0.312780
vt 0.598690 0.275600
vt 0.598530 0.250500
vt 0.521930 0.312780
vt 0.523750 0.274640
vt 0.549530 0.275600
vt 0.548030 0.312780
vt 0.525970 0.245220
vt 0.550980 0.248920
vt 0.621230 0.752510
vt 0.618690 0.746130
vt 0.645090 0.741200
vt 0.643530 0.748310
vt 0.598540 0.755120
vt 0.598240 0.749460
vt 0.525940 0.747160
vt 0.527620 0.742890
vt 0.552000 0.748350
vt 0.550960 0.754100
vt 0.491890 0.728840
vt 0.497970 0.727600
vt 0.458020 0.708330
vt 0.469770 0.706730
vt 0.425140 0.223370
vt 0.469820 0.222410
vt 0.458070 0.227640
vt 0.425070 0.704470
vt 0.425100 0.690610
vt 0.465620 0.692550
vt 0.322120 0.687310
vt 0.326350 0.680610
vt 0.350110 0.684390
vt 0.335660 0.691820
vt 0.383000 0.696770
vt 0.398240 0.695470
vt 0.398610 0.702050
vt 0.368060 0.698460
vt 0.370700 0.694650
vt 0.411460 0.689860
vt 0.359790 0.690580
vt 0.342850 0.676030
vt 0.330190 0.665400
vt 0.336600 0.666560
vt 0.422740 0.681190
vt 0.437400 0.656110
vt 0.467420 0.656570
vt 0.466140 0.672490
vt 0.431420 0.670850
vt 0.432030 0.653680
vt 0.467950 0.654000
vt 0.434970 0.641760
vt 0.470900 0.642240
vt 0.436110 0.633570
vt 0.473360 0.633990
vt 0.276340 0.228480
vt 0.274190 0.228740
vt 0.269100 0.225030
vt 0.269610 0.223260
vt 0.254990 0.221190
vt 0.254310 0.219170
vt 0.273700 0.228710
vt 0.268880 0.225000
vt 0.255500 0.221590
vt 0.257370 0.258900
vt 0.255840 0.260430
vt 0.255870 0.248720
vt 0.257970 0.250750
vt 0.260480 0.258290
vt 0.275270 0.252220
vt 0.275440 0.259570
vt 0.275590 0.260680
vt 0.260610 0.259370
vt 0.257490 0.260940
vt 0.255610 0.262420
vt 0.343490 0.666550
vt 0.348520 0.673010
vt 0.383790 0.689720
vt 0.395960 0.688280
vt 0.372920 0.687930
vt 0.406500 0.684350
vt 0.363840 0.684770
vt 0.355030 0.678990
vt 0.417100 0.677060
vt 0.425080 0.667700
vt 0.436110 0.632580
vt 0.473350 0.632990
vt 0.436770 0.627640
vt 0.473540 0.628050
vt 0.437300 0.624250
vt 0.473720 0.624420
vt 0.430050 0.641690
vt 0.430690 0.632550
vt 0.430830 0.627310
vt 0.430900 0.623200
vt 0.348020 0.666380
vt 0.351300 0.670430
vt 0.384200 0.685670
vt 0.394810 0.684520
vt 0.373870 0.684320
vt 0.404260 0.681330
vt 0.365770 0.681430
vt 0.357380 0.676220
vt 0.414580 0.674480
vt 0.422010 0.665320
vt 0.427510 0.652590
vt 0.596020 0.634830
vt 0.596230 0.635660
vt 0.596170 0.628670
vt 0.596170 0.625030
vt 0.613710 0.698890
vt 0.628150 0.699220
vt 0.630730 0.714760
vt 0.612600 0.714470
vt 0.605250 0.661430
vt 0.615580 0.665510
vt 0.620900 0.678360
vt 0.609200 0.677490
vt 0.604340 0.657500
vt 0.617550 0.662790
vt 0.599830 0.644620
vt 0.614900 0.644880
vt 0.616140 0.635770
vt 0.615930 0.634940
vt 0.616080 0.628780
vt 0.616080 0.625140
vt 0.623090 0.677890
vt 0.645820 0.699770
vt 0.641200 0.714890
vt 0.627770 0.644880
vt 0.631940 0.662330
vt 0.635110 0.635280
vt 0.635560 0.636290
vt 0.635700 0.629530
vt 0.639930 0.625240
vt 0.638580 0.677620
vt 0.665730 0.699230
vt 0.681560 0.702310
vt 0.649360 0.690040
vt 0.682730 0.716110
vt 0.683480 0.717670
vt 0.640450 0.715770
vt 0.689460 0.735740
vt 0.687590 0.729820
vt 0.710550 0.719360
vt 0.733250 0.720310
vt 0.710410 0.716720
vt 0.682170 0.709540
vt 0.709970 0.710700
vt 0.720940 0.687250
vt 0.731220 0.674790
vt 0.782320 0.679900
vt 0.782610 0.690080
vt 0.785050 0.686550
vt 0.733180 0.240440
vt 0.710490 0.234040
vt 0.710350 0.225920
vt 0.775880 0.231160
vt 0.778580 0.242440
vt 0.777240 0.711930
vt 0.775970 0.717830
vt 0.709240 0.700800
vt 0.779410 0.703020
vt 0.709030 0.695910
vt 0.697030 0.700360
vt 0.911410 0.222110
vt 0.910060 0.229440
vt 0.907680 0.228130
vt 0.907860 0.221000
vt 0.879950 0.230390
vt 0.888190 0.233300
vt 0.887220 0.241900
vt 0.877700 0.241740
vt 0.885890 0.225340
vt 0.889570 0.230330
vt 0.894850 0.221960
vt 0.892480 0.228670
vt 0.909890 0.230260
vt 0.907680 0.228810
vt 0.889210 0.233640
vt 0.888190 0.242280
vt 0.890300 0.231110
vt 0.892830 0.229670
vt 0.636070 0.645280
vt 0.640190 0.660310
vt 0.648300 0.673540
vt 0.668690 0.687000
vt 0.681450 0.689410
vt 0.657390 0.681280
vt 0.712500 0.680430
vt 0.721510 0.672830
vt 0.704100 0.685270
vt 0.693210 0.688760
vt 0.639410 0.629470
vt 0.638820 0.635220
vt 0.639890 0.645410
vt 0.644080 0.659390
vt 0.651390 0.671080
vt 0.669830 0.683420
vt 0.681580 0.685870
vt 0.659700 0.678450
vt 0.710430 0.677450
vt 0.717740 0.670530
vt 0.702320 0.681970
vt 0.692710 0.685110
vt 0.638940 0.636310
vt 0.640970 0.718630
vt 0.684410 0.720400
vt 0.687490 0.721950
vt 0.688780 0.727580
vt 0.639370 0.737720
vt 0.635190 0.723400
vt 0.638730 0.718730
vt 0.353350 0.836940
vt 0.352970 0.837040
vt 0.352900 0.836990
vt 0.353300 0.836880
vt 0.356050 0.836030
vt 0.356240 0.835960
vt 0.356340 0.836010
vt 0.356160 0.836080
vt 0.355440 0.836120
vt 0.354490 0.836440
vt 0.354460 0.836420
vt 0.356010 0.835880
vt 0.355760 0.836030
vt 0.355960 0.836010
vt 0.353260 0.836780
vt 0.352830 0.836870
vt 0.353330 0.836750
vt 0.645390 0.350980
vt 0.622270 0.349800
vt 0.643500 0.378680
vt 0.621210 0.376160
vt 0.598690 0.349960
vt 0.598530 0.375060
vt 0.549530 0.349960
vt 0.523750 0.350930
vt 0.550980 0.376650
vt 0.525970 0.380340
vt 0.453440 0.553670
vt 0.479840 0.558610
vt 0.477300 0.564990
vt 0.455000 0.560780
vt 0.500290 0.561930
vt 0.499990 0.567590
vt 0.546530 0.560820
vt 0.570910 0.555360
vt 0.572590 0.559630
vt 0.547570 0.566570
vt 0.600560 0.540080
vt 0.606640 0.541310
vt 0.628760 0.519200
vt 0.640510 0.520800
vt 0.469820 0.403160
vt 0.425140 0.402190
vt 0.458070 0.397920
vt 0.632910 0.505020
vt 0.673430 0.503080
vt 0.673460 0.516940
vt 0.748420 0.496870
vt 0.772180 0.493080
vt 0.776410 0.499780
vt 0.762860 0.504290
vt 0.700290 0.507940
vt 0.715530 0.509250
vt 0.699920 0.514520
vt 0.727830 0.507120
vt 0.730460 0.510940
vt 0.687070 0.502330
vt 0.738740 0.503060
vt 0.755680 0.488500
vt 0.761930 0.479030
vt 0.768340 0.477870
vt 0.675790 0.493660
vt 0.632390 0.484960
vt 0.631100 0.469050
vt 0.661130 0.468580
vt 0.667110 0.483330
vt 0.666490 0.466150
vt 0.630570 0.466470
vt 0.663560 0.454230
vt 0.627630 0.454710
vt 0.662420 0.446050
vt 0.625170 0.446460
vt 0.269100 0.399970
vt 0.274190 0.396260
vt 0.276340 0.396520
vt 0.269610 0.401740
vt 0.254990 0.403810
vt 0.254310 0.405830
vt 0.268880 0.400000
vt 0.273700 0.396290
vt 0.255500 0.403410
vt 0.255870 0.376280
vt 0.255840 0.364570
vt 0.257370 0.366110
vt 0.257970 0.374250
vt 0.260480 0.366710
vt 0.275440 0.365440
vt 0.275270 0.372780
vt 0.275590 0.364320
vt 0.260610 0.365630
vt 0.257490 0.364060
vt 0.255610 0.362580
vt 0.750010 0.485480
vt 0.755040 0.479030
vt 0.702560 0.500750
vt 0.714740 0.502190
vt 0.725610 0.500410
vt 0.692030 0.496830
vt 0.734690 0.497240
vt 0.743500 0.491460
vt 0.681430 0.489530
vt 0.673450 0.480170
vt 0.625180 0.445460
vt 0.662420 0.445050
vt 0.624990 0.440520
vt 0.661760 0.440110
vt 0.624810 0.436890
vt 0.661220 0.436720
vt 0.668480 0.454170
vt 0.667840 0.445020
vt 0.667700 0.439780
vt 0.667620 0.435670
vt 0.747230 0.482900
vt 0.750510 0.478850
vt 0.703720 0.496990
vt 0.714330 0.498150
vt 0.724650 0.496800
vt 0.694270 0.493810
vt 0.732760 0.493900
vt 0.741150 0.488690
vt 0.683950 0.486960
vt 0.676520 0.477790
vt 0.671020 0.465060
vt 0.502300 0.448130
vt 0.502510 0.447300
vt 0.502360 0.441140
vt 0.502360 0.437510
vt 0.467800 0.527230
vt 0.470380 0.511690
vt 0.484820 0.511360
vt 0.485930 0.526940
vt 0.477630 0.490830
vt 0.482950 0.477990
vt 0.493280 0.473900
vt 0.489330 0.489960
vt 0.480980 0.475260
vt 0.494190 0.469970
vt 0.483630 0.457350
vt 0.498700 0.457090
vt 0.482390 0.448240
vt 0.482600 0.447410
vt 0.482450 0.441250
vt 0.482450 0.437620
vt 0.475430 0.490360
vt 0.457330 0.527370
vt 0.452710 0.512250
vt 0.466590 0.474810
vt 0.470760 0.457350
vt 0.462970 0.448760
vt 0.463420 0.447750
vt 0.462830 0.442000
vt 0.458590 0.437710
vt 0.459950 0.490100
vt 0.416970 0.514780
vt 0.432800 0.511700
vt 0.449170 0.502510
vt 0.458080 0.528240
vt 0.415050 0.530150
vt 0.415800 0.528590
vt 0.387970 0.531840
vt 0.410940 0.542290
vt 0.409070 0.548210
vt 0.365280 0.532780
vt 0.388110 0.529200
vt 0.416360 0.522010
vt 0.388560 0.523170
vt 0.316200 0.492370
vt 0.367310 0.487270
vt 0.377590 0.499720
vt 0.315920 0.502550
vt 0.313480 0.499020
vt 0.710350 0.399650
vt 0.710490 0.391520
vt 0.733180 0.385120
vt 0.775880 0.394400
vt 0.778580 0.383120
vt 0.322550 0.530300
vt 0.321290 0.524400
vt 0.319110 0.515490
vt 0.389290 0.513270
vt 0.389500 0.508380
vt 0.401500 0.512840
vt 0.907680 0.396870
vt 0.910060 0.395560
vt 0.911410 0.402890
vt 0.907860 0.404000
vt 0.887220 0.383100
vt 0.888190 0.391710
vt 0.879950 0.394610
vt 0.877700 0.383270
vt 0.889570 0.394670
vt 0.885890 0.399660
vt 0.892480 0.396340
vt 0.894850 0.403040
vt 0.907680 0.396190
vt 0.909890 0.394740
vt 0.888190 0.382720
vt 0.889210 0.391370
vt 0.890300 0.393890
vt 0.892830 0.395330
vt 0.458340 0.472780
vt 0.462450 0.457760
vt 0.450230 0.486010
vt 0.417080 0.501880
vt 0.429830 0.499470
vt 0.441140 0.493750
vt 0.377020 0.485300
vt 0.386030 0.492900
vt 0.394420 0.497740
vt 0.405320 0.501230
vt 0.459710 0.447700
vt 0.459120 0.441950
vt 0.454450 0.471860
vt 0.458640 0.457880
vt 0.447140 0.483550
vt 0.416950 0.498340
vt 0.428700 0.495890
vt 0.438830 0.490920
vt 0.380790 0.483000
vt 0.388090 0.489920
vt 0.396200 0.494440
vt 0.405820 0.497590
vt 0.459590 0.448780
vt 0.457560 0.531110
vt 0.414120 0.532880
vt 0.411040 0.534420
vt 0.409750 0.540060
vt 0.459150 0.550190
vt 0.463340 0.535870
vt 0.459800 0.531200
vt 0.345740 0.831440
vt 0.345660 0.831490
vt 0.345290 0.831390
vt 0.345330 0.831330
vt 0.342300 0.830460
vt 0.342390 0.830420
vt 0.342580 0.830480
vt 0.342470 0.830530
vt 0.344180 0.830870
vt 0.344140 0.830900
vt 0.343190 0.830570
vt 0.342630 0.830330
vt 0.342880 0.830480
vt 0.342670 0.830460
vt 0.345380 0.831230
vt 0.345800 0.831320
vt 0.345300 0.831200
vt 0.328110 0.662790
vt 0.328050 0.659090
vt 0.333720 0.659090
vt 0.251690 0.219270
vt 0.251690 0.222330
vt 0.247800 0.222480
vt 0.247970 0.219420
vt 0.253660 0.223960
vt 0.251690 0.231590
vt 0.247800 0.231640
vt 0.253660 0.233340
vt 0.251630 0.245310
vt 0.247460 0.249100
vt 0.253610 0.246480
vt 0.251620 0.259080
vt 0.247790 0.259070
vt 0.253590 0.259420
vt 0.251610 0.282900
vt 0.247820 0.282810
vt 0.253610 0.283370
vt 0.251610 0.312500
vt 0.247830 0.312500
vt 0.253620 0.312500
vt 0.255960 0.236740
vt 0.256180 0.285520
vt 0.255920 0.312500
vt 0.255540 0.227830
vt 0.256360 0.285640
vt 0.256110 0.312500
vt 0.223340 0.312500
vt 0.223330 0.282810
vt 0.225930 0.283750
vt 0.225890 0.312500
vt 0.237050 0.282810
vt 0.237560 0.312500
vt 0.238810 0.312500
vt 0.238330 0.283740
vt 0.223300 0.259070
vt 0.225920 0.260850
vt 0.236270 0.259070
vt 0.237580 0.260840
vt 0.223080 0.252210
vt 0.225650 0.256300
vt 0.234020 0.255340
vt 0.235290 0.258710
vt 0.222970 0.249100
vt 0.240810 0.249460
vt 0.223360 0.233320
vt 0.240230 0.231190
vt 0.223370 0.225360
vt 0.240190 0.221850
vt 0.323100 0.634630
vt 0.335350 0.634600
vt 0.337030 0.652120
vt 0.320900 0.651360
vt 0.246760 0.282810
vt 0.247010 0.259070
vt 0.246760 0.312500
vt 0.242380 0.233310
vt 0.242430 0.245360
vt 0.242520 0.224490
vt 0.330020 0.654080
vt 0.322400 0.653670
vt 0.246170 0.245160
vt 0.246680 0.233400
vt 0.246870 0.224670
vt 0.246790 0.220970
vt 0.331230 0.657910
vt 0.339520 0.658810
vt 0.222400 0.312500
vt 0.222400 0.282810
vt 0.222370 0.259070
vt 0.222250 0.252210
vt 0.222680 0.249100
vt 0.222710 0.232590
vt 0.222650 0.224580
vt 0.322580 0.633910
vt 0.334830 0.633880
vt 0.216900 0.252210
vt 0.217320 0.249100
vt 0.217350 0.234960
vt 0.217290 0.227820
vt 0.324790 0.628580
vt 0.335140 0.628550
vt 0.219150 0.312500
vt 0.219150 0.282810
vt 0.219120 0.259070
vt 0.339440 0.635230
vt 0.341560 0.651430
vt 0.343780 0.657800
vt 0.339320 0.628980
vt 0.339240 0.633850
vt 0.764810 0.471560
vt 0.770480 0.471560
vt 0.770410 0.475260
vt 0.251690 0.405730
vt 0.247800 0.402530
vt 0.251690 0.402670
vt 0.247970 0.405580
vt 0.253660 0.401040
vt 0.247800 0.393370
vt 0.251690 0.393410
vt 0.253660 0.391660
vt 0.247460 0.375900
vt 0.251630 0.379690
vt 0.253610 0.378530
vt 0.247790 0.365930
vt 0.251620 0.365920
vt 0.253590 0.365590
vt 0.247820 0.342190
vt 0.251610 0.342100
vt 0.253610 0.341630
vt 0.255960 0.388260
vt 0.256180 0.339480
vt 0.255540 0.397180
vt 0.256360 0.339360
vt 0.225930 0.341250
vt 0.223330 0.342190
vt 0.237050 0.342190
vt 0.238330 0.341260
vt 0.225920 0.364150
vt 0.223300 0.365930
vt 0.236270 0.365930
vt 0.237580 0.364160
vt 0.225650 0.368710
vt 0.223080 0.372790
vt 0.234020 0.369660
vt 0.235290 0.366290
vt 0.222970 0.375900
vt 0.240810 0.375540
vt 0.223360 0.391680
vt 0.240230 0.393820
vt 0.223370 0.399640
vt 0.240190 0.403150
vt 0.761500 0.464590
vt 0.763180 0.447070
vt 0.775420 0.447100
vt 0.777630 0.463830
vt 0.247010 0.365930
vt 0.246760 0.342190
vt 0.242430 0.379640
vt 0.242380 0.391690
vt 0.242520 0.400520
vt 0.776130 0.466140
vt 0.768510 0.466550
vt 0.246170 0.379840
vt 0.246680 0.391610
vt 0.246870 0.400330
vt 0.246790 0.404030
vt 0.767290 0.470390
vt 0.759010 0.471280
vt 0.222400 0.342190
vt 0.222370 0.365930
vt 0.222250 0.372790
vt 0.222680 0.375900
vt 0.222710 0.392410
vt 0.222650 0.400420
vt 0.763700 0.446350
vt 0.775950 0.446380
vt 0.217320 0.375900
vt 0.216900 0.372790
vt 0.217350 0.390050
vt 0.217290 0.397180
vt 0.763390 0.441030
vt 0.773740 0.441060
vt 0.219150 0.342190
vt 0.219120 0.365930
vt 0.756970 0.463900
vt 0.759090 0.447700
vt 0.754750 0.470270
vt 0.759290 0.446320
vt 0.759210 0.441450
vt 0.223780 0.343210
vt 0.223790 0.342030
vt 0.238550 0.342040
vt 0.238540 0.343230
vt 0.223470 0.343730
vt 0.238230 0.343760
vt 0.223480 0.341550
vt 0.238230 0.341580
vt 0.238550 0.282890
vt 0.223790 0.282900
vt 0.223780 0.281860
vt 0.238540 0.281850
vt 0.223470 0.281270
vt 0.238230 0.281240
vt 0.223480 0.283450
vt 0.238230 0.283430
vt 0.223780 0.313080
vt 0.223790 0.311960
vt 0.238550 0.311970
vt 0.238540 0.313090
vt 0.223470 0.313630
vt 0.238230 0.313650
vt 0.223480 0.311450
vt 0.238230 0.311470
vt 0.790680 0.682540
vt 0.915440 0.224320
vt 0.911780 0.232940
vt 0.917300 0.228180
vt 0.918440 0.253030
vt 0.912190 0.254430
vt 0.918560 0.273090
vt 0.912200 0.274140
vt 0.918550 0.312500
vt 0.912300 0.312500
vt 0.739270 0.653790
vt 0.780230 0.657230
vt 0.788290 0.657920
vt 0.940200 0.227290
vt 0.939860 0.230470
vt 0.939640 0.253950
vt 0.939690 0.273890
vt 0.741500 0.643460
vt 0.778760 0.646970
vt 0.785600 0.647590
vt 0.950590 0.231140
vt 0.950180 0.234320
vt 0.950020 0.258920
vt 0.949750 0.274710
vt 0.950160 0.236390
vt 0.945650 0.241170
vt 0.944050 0.248450
vt 0.742250 0.642380
vt 0.778690 0.645810
vt 0.786020 0.646500
vt 0.951680 0.230300
vt 0.951390 0.233620
vt 0.945270 0.253800
vt 0.951220 0.256370
vt 0.950520 0.274340
vt 0.950410 0.312500
vt 0.949510 0.312500
vt 0.951220 0.240010
vt 0.948310 0.243270
vt 0.946710 0.248450
vt 0.947920 0.252040
vt 0.742800 0.635520
vt 0.778020 0.639680
vt 0.782450 0.640330
vt 0.957890 0.233190
vt 0.957650 0.235480
vt 0.957170 0.240010
vt 0.951490 0.241460
vt 0.948840 0.244140
vt 0.947780 0.248410
vt 0.948780 0.251360
vt 0.951490 0.254930
vt 0.954900 0.270760
vt 0.953510 0.274340
vt 0.957280 0.256370
vt 0.956790 0.269110
vt 0.953590 0.312500
vt 0.957170 0.269250
vt 0.955280 0.270900
vt 0.953890 0.274430
vt 0.957500 0.274440
vt 0.953980 0.312500
vt 0.957390 0.312500
vt 0.944070 0.294820
vt 0.939770 0.291030
vt 0.944840 0.312500
vt 0.923730 0.290950
vt 0.922180 0.292870
vt 0.921980 0.312500
vt 0.942500 0.312500
vt 0.941800 0.296360
vt 0.938680 0.292880
vt 0.938760 0.312500
vt 0.924230 0.292820
vt 0.922790 0.294590
vt 0.922620 0.312500
vt 0.910850 0.234160
vt 0.910830 0.255020
vt 0.911140 0.270180
vt 0.911230 0.312500
vt 0.731420 0.653590
vt 0.733480 0.642440
vt 0.733840 0.641490
vt 0.734000 0.634270
vt 0.727170 0.652870
vt 0.729300 0.641820
vt 0.729620 0.640990
vt 0.730320 0.633700
vt 0.307850 0.495010
vt 0.911780 0.392060
vt 0.915440 0.400680
vt 0.917300 0.396820
vt 0.912190 0.370570
vt 0.918440 0.371970
vt 0.912200 0.350860
vt 0.918560 0.351910
vt 0.318300 0.469700
vt 0.359260 0.466260
vt 0.310240 0.470390
vt 0.939860 0.394530
vt 0.940200 0.397720
vt 0.939640 0.371050
vt 0.939690 0.351120
vt 0.319770 0.459450
vt 0.357030 0.455930
vt 0.312930 0.460060
vt 0.950180 0.390680
vt 0.950590 0.393860
vt 0.949750 0.350300
vt 0.950020 0.366080
vt 0.950160 0.388610
vt 0.945650 0.383830
vt 0.944050 0.376550
vt 0.319840 0.458280
vt 0.356280 0.454850
vt 0.312510 0.458970
vt 0.951390 0.391380
vt 0.951680 0.394700
vt 0.945270 0.371200
vt 0.950520 0.350660
vt 0.951220 0.368630
vt 0.948310 0.381740
vt 0.951220 0.384990
vt 0.946710 0.376550
vt 0.947920 0.372970
vt 0.320510 0.452160
vt 0.355730 0.448000
vt 0.316080 0.452800
vt 0.957650 0.389520
vt 0.957890 0.391810
vt 0.957170 0.384990
vt 0.948840 0.380870
vt 0.951490 0.383550
vt 0.947780 0.376600
vt 0.948780 0.373650
vt 0.951490 0.370080
vt 0.957280 0.368630
vt 0.953510 0.350660
vt 0.954900 0.354240
vt 0.956790 0.355900
vt 0.957170 0.355760
vt 0.955280 0.354100
vt 0.953890 0.350570
vt 0.957500 0.350560
vt 0.939770 0.333980
vt 0.944070 0.330180
vt 0.923730 0.334050
vt 0.922180 0.332130
vt 0.941800 0.328650
vt 0.938680 0.332130
vt 0.924230 0.332190
vt 0.922790 0.330420
vt 0.910850 0.390840
vt 0.910830 0.369990
vt 0.911140 0.354820
vt 0.367110 0.466060
vt 0.365050 0.454910
vt 0.364680 0.453960
vt 0.364530 0.446740
vt 0.371360 0.465340
vt 0.369230 0.454290
vt 0.368910 0.453460
vt 0.368210 0.446170
s 0
usemtl mat1
f 254/165/120 256/166/120 255/167/120 248/168/120
f 256/166/121 253/169/121 245/170/121 255/167/121
f 250/171/122 257/172/122 256/166/122 254/165/122
f 257/172/123 249/173/123 253/169/123 256/166/123
f 247/174/124 259/175/124 258/176/124 252/177/124
f 259/175/125 246/178/125 251/179/125 258/176/125
f 253/180/126 264/181/126 260/182/126 245/183/126
f 249/184/127 262/185/127 264/181/127 253/180/127
f 246/186/128 261/187/128 263/188/128 251/189/128
f 246/186/129 265/190/129 266/191/129 261/187/129
f 265/190/130 267/192/130 268/193/130 266/191/130
f 269/194/131 268/195/131 267/196/131
f 269/197/132 275/198/132 274/199/132 268/193/132
f 273/200/133 277/201/133 276/202/133 272/203/133
f 281/204/134 280/205/134 270/206/134
f 270/206/135 271/207/135 278/208/135 281/204/135
f 282/209/136 275/198/136 269/197/136
f 269/197/137 270/206/137 280/205/137 282/209/137
f 279/210/138 278/208/138 271/207/138 272/203/138
f 272/203/139 276/202/139 279/210/139
f 283/211/140 276/202/140 277/201/140
f 285/212/141 284/213/141 283/211/141 277/201/141
f 289/214/142 275/198/142 282/209/142
f 288/215/143 287/216/143 286/217/143 290/218/143
f 289/214/144 290/218/144 286/217/144 274/199/144
f 274/199/145 275/198/145 289/214/145
f 287/216/146 288/215/146 291/219/146 292/220/146
f 292/220/147 291/219/147 293/221/147 294/222/147
f 294/222/148 293/221/148 295/223/148 296/224/148
f 273/225/149 297/226/149 298/227/149 277/228/149
f 277/228/150 298/227/150 299/229/150 285/230/150
f 297/226/151 302/231/151 305/232/151 298/227/151
f 298/227/152 305/232/152 306/233/152 299/229/152
f 307/234/153 301/235/153 300/236/153 309/237/153
f 308/238/154 307/234/154 309/237/154
f 309/237/155 304/239/155 303/240/155 308/238/155
f 308/238/156 303/240/156 311/241/156 313/242/156
f 307/234/157 308/238/157 313/242/157 312/243/157
f 301/235/158 307/234/158 312/243/158 310/244/158
f 314/245/159 315/246/159 283/211/159 284/213/159
f 281/204/160 320/247/160 319/248/160 280/205/160
f 278/208/161 317/249/161 320/247/161 281/204/161
f 280/205/162 319/248/162 321/250/162 282/209/162
f 279/210/163 318/251/163 317/249/163 278/208/163
f 276/202/164 316/252/164 318/251/164 279/210/164
f 282/209/165 321/250/165 322/253/165 289/214/165
f 289/214/166 322/253/166 323/254/166 290/218/166
f 291/219/167 288/215/167 290/218/167 323/254/167
f 276/202/168 283/211/168 315/246/168 316/252/168
f 295/223/169 324/255/169 325/256/169 296/224/169
f 324/255/170 326/257/170 327/258/170 325/256/170
f 326/257/171 328/259/171 329/260/171 327/258/171
f 330/261/172 324/255/172 295/223/172
f 324/255/173 330/261/173 331/262/173
f 331/262/174 332/263/174 326/257/174 324/255/174
f 333/264/175 328/259/175 326/257/175 332/263/175
f 295/223/176 293/221/176 330/261/176
f 314/245/177 335/265/177 336/266/177 315/246/177
f 320/247/178 341/267/178 340/268/178 319/248/178
f 317/249/179 338/269/179 341/267/179 320/247/179
f 319/248/180 340/268/180 342/270/180 321/250/180
f 318/251/181 339/271/181 338/269/181 317/249/181
f 316/252/182 337/272/182 339/271/182 318/251/182
f 321/250/183 342/270/183 343/273/183 322/253/183
f 322/253/184 343/273/184 344/274/184 323/254/184
f 323/254/185 344/274/185 334/275/185 291/219/185
f 315/246/186 336/266/186 337/272/186 316/252/186
f 330/261/187 293/221/187 291/219/187 334/275/187
f 325/256/188 352/276/188 351/277/188 296/224/188
f 327/258/189 353/278/189 352/276/189 325/256/189
f 329/260/190 354/279/190 353/278/190 327/258/190
f 346/280/191 356/281/191 355/282/191 345/283/191
f 348/284/192 358/285/192 357/286/192 347/287/192
f 347/287/193 357/286/193 356/281/193 346/280/193
f 349/288/194 359/289/194 358/285/194 348/284/194
f 350/290/195 360/291/195 359/289/195 349/288/195
f 351/277/196 361/292/196 360/291/196 350/290/196
f 352/276/197 362/293/197 361/292/197 351/277/197
f 353/278/198 363/294/198 362/293/198 352/276/198
f 354/279/199 364/295/199 363/294/199 353/278/199
f 365/296/200 357/286/200 358/285/200 359/289/200
f 356/281/201 357/286/201 365/296/201
f 356/281/202 367/297/202 366/298/202 355/282/202
f 360/291/203 369/299/203 368/300/203 359/289/203
f 362/293/204 371/301/204 370/302/204 361/292/204
f 363/294/205 372/303/205 371/301/205 362/293/205
f 364/295/206 373/304/206 372/303/206 363/294/206
f 359/289/207 368/300/207 374/305/207 365/296/207
f 365/296/208 374/305/208 367/297/208 356/281/208
f 378/306/209 376/307/209 367/297/209
f 367/297/210 374/305/210 377/308/210
f 377/308/211 378/306/211 367/297/211
f 375/309/212 380/310/212 379/311/212 366/298/212
f 381/312/213 385/313/213 386/314/213 382/315/213
f 385/313/214 381/312/214 245/183/214 260/182/214
f 263/188/215 262/185/215 249/184/215 251/189/215
f 249/173/216 257/172/216 258/176/216 251/179/216
f 257/172/217 250/171/217 252/177/217 258/176/217
f 387/316/218 386/314/218 380/310/218 375/309/218
f 367/297/219 376/307/219 394/317/219
f 393/318/220 387/316/220 375/309/220 394/317/220
f 395/319/221 398/320/221 399/321/221 397/322/221
f 400/323/222 397/322/222 399/321/222
f 382/324/223 386/325/223 387/326/223 389/327/223
f 389/327/224 388/328/224 382/324/224
f 392/329/225 389/330/225 387/316/225 393/318/225
f 393/318/226 390/331/226 391/332/226 392/329/226
f 395/319/227 391/332/227 390/331/227 396/333/227
f 397/322/228 391/332/228 395/319/228
f 393/318/229 394/317/229 376/307/229 401/334/229
f 401/334/230 390/331/230 393/318/230
f 396/333/231 390/331/231 401/334/231
f 400/335/232 407/336/232 406/337/232 397/338/232
f 389/339/233 403/340/233 402/341/233 388/342/233
f 392/343/234 405/344/234 403/340/234 389/339/234
f 391/345/235 404/346/235 405/344/235 392/343/235
f 397/338/236 406/337/236 404/346/236 391/345/236
f 345/283/237 355/282/237 379/311/237
f 366/298/238 379/311/238 355/282/238
f 407/336/239 413/347/239 412/348/239 406/337/239
f 403/340/240 409/349/240 408/350/240 402/341/240
f 405/344/241 411/351/241 409/349/241 403/340/241
f 404/346/242 410/352/242 411/351/242 405/344/242
f 406/337/243 412/348/243 410/352/243 404/346/243
f 369/299/244 415/353/244 414/354/244 368/300/244
f 368/300/245 414/354/245 416/355/245 374/305/245
f 378/306/246 419/356/246 417/357/246 376/307/246
f 374/305/247 416/355/247 418/358/247 377/308/247
f 377/308/248 418/358/248 419/356/248 378/306/248
f 395/319/249 420/359/249 422/360/249 398/320/249
f 396/333/250 421/361/250 420/359/250 395/319/250
f 376/307/251 417/357/251 423/362/251 401/334/251
f 401/334/252 423/362/252 421/361/252 396/333/252
f 372/303/253 425/363/253 424/364/253 371/301/253
f 373/304/254 425/363/254 372/303/254
f 415/353/255 428/365/255 427/366/255 414/354/255
f 414/354/256 427/366/256 429/367/256 416/355/256
f 419/356/257 432/368/257 430/369/257 417/357/257
f 416/355/258 429/367/258 431/370/258 418/358/258
f 418/358/259 431/370/259 432/368/259 419/356/259
f 420/359/260 433/371/260 435/372/260 422/360/260
f 421/361/261 434/373/261 433/371/261 420/359/261
f 417/357/262 430/369/262 436/374/262 423/362/262
f 423/362/263 436/374/263 434/373/263 421/361/263
f 370/302/264 426/375/264 428/365/264 415/353/264
f 424/364/265 426/375/265 370/302/265 371/301/265
f 424/364/266 425/363/266 373/304/266 426/375/266
f 437/376/267 379/311/267 380/310/267 441/377/267
f 442/378/268 441/377/268 380/310/268 386/314/268
f 443/379/268 442/378/268 386/314/268
f 386/314/268 385/313/268 443/379/268
f 438/380/269 260/182/269 264/181/269
f 439/381/270 438/380/270 264/181/270 345/283/270
f 440/382/271 439/381/271 345/283/271
f 345/283/272 379/311/272 437/376/272 440/382/272
f 445/383/273 248/384/273 255/385/273 444/386/273
f 449/387/274 384/388/274 383/389/274 453/390/274
f 450/391/275 446/392/275 381/393/275 382/394/275
f 451/395/276 450/391/276 382/394/276
f 452/396/277 451/395/277 382/394/277
f 382/394/277 384/388/277 449/387/277 452/396/277
f 447/397/278 444/386/278 255/385/278 245/398/278
f 448/399/279 447/397/279 245/398/279
f 245/398/280 381/393/280 446/392/280 448/399/280
f 394/317/281 375/309/281 366/298/281 367/297/281
f 369/299/282 360/291/282 361/292/282
f 370/302/283 415/353/283 369/299/283 361/292/283
f 332/263/284 331/262/284 330/261/284 333/264/284
f 464/400/285 465/401/285 463/165/285 457/168/285
f 454/402/286 462/403/286 465/401/286 464/400/286
f 465/401/287 466/404/287 459/171/287 463/165/287
f 462/403/288 458/405/288 466/404/288 465/401/288
f 467/406/289 468/407/289 456/174/289 461/177/289
f 460/408/290 455/409/290 468/407/290 467/406/290
f 469/410/291 473/411/291 462/412/291 454/413/291
f 473/411/292 471/414/292 458/415/292 462/412/292
f 472/416/293 470/417/293 455/418/293 460/419/293
f 475/420/294 474/421/294 455/418/294 470/417/294
f 477/422/295 476/423/295 474/421/295 475/420/295
f 477/424/296 478/425/296 476/426/296
f 483/427/297 484/428/297 478/429/297 477/422/297
f 485/430/298 486/431/298 482/432/298 481/433/298
f 489/434/299 490/435/299 479/436/299
f 487/437/300 480/438/300 479/436/300 490/435/300
f 484/428/301 491/439/301 478/429/301
f 489/434/302 479/436/302 478/429/302 491/439/302
f 480/438/303 487/437/303 488/440/303 481/433/303
f 485/430/304 481/433/304 488/440/304
f 485/430/305 492/441/305 486/431/305
f 492/441/306 493/442/306 494/443/306 486/431/306
f 484/428/307 498/444/307 491/439/307
f 495/445/308 496/446/308 497/447/308 499/448/308
f 495/445/309 499/448/309 498/444/309 483/427/309
f 484/428/310 483/427/310 498/444/310
f 500/449/311 497/447/311 496/446/311 501/450/311
f 502/451/312 500/449/312 501/450/312 503/452/312
f 504/453/313 502/451/313 503/452/313 505/454/313
f 507/455/314 506/456/314 482/457/314 486/458/314
f 508/459/315 507/455/315 486/458/315 494/460/315
f 514/461/316 511/462/316 506/456/316 507/455/316
f 515/463/317 514/461/317 507/455/317 508/459/317
f 509/464/318 510/465/318 516/466/318 518/467/318
f 516/466/319 517/468/319 518/467/319
f 512/469/320 513/470/320 518/467/320 517/468/320
f 520/471/321 512/469/321 517/468/321 522/472/321
f 522/472/322 517/468/322 516/466/322 521/473/322
f 521/473/323 516/466/323 510/465/323 519/474/323
f 492/441/324 524/475/324 523/476/324 493/442/324
f 528/477/325 529/478/325 490/435/325 489/434/325
f 529/478/326 526/479/326 487/437/326 490/435/326
f 530/480/327 528/477/327 489/434/327 491/439/327
f 526/479/328 527/481/328 488/440/328 487/437/328
f 527/481/329 525/482/329 485/430/329 488/440/329
f 531/483/330 530/480/330 491/439/330 498/444/330
f 532/484/331 531/483/331 498/444/331 499/448/331
f 499/448/332 497/447/332 500/449/332 532/484/332
f 524/475/333 492/441/333 485/430/333 525/482/333
f 534/485/334 533/486/334 504/453/334 505/454/334
f 536/487/335 535/488/335 533/486/335 534/485/335
f 538/489/336 537/490/336 535/488/336 536/487/336
f 533/486/337 539/491/337 504/453/337
f 539/491/338 533/486/338 540/492/338
f 535/488/339 541/493/339 540/492/339 533/486/339
f 535/488/340 537/490/340 542/494/340 541/493/340
f 502/451/341 504/453/341 539/491/341
f 545/495/342 544/496/342 523/476/342 524/475/342
f 549/497/343 550/498/343 529/478/343 528/477/343
f 550/498/344 547/499/344 526/479/344 529/478/344
f 551/500/345 549/497/345 528/477/345 530/480/345
f 547/499/346 548/501/346 527/481/346 526/479/346
f 548/501/347 546/502/347 525/482/347 527/481/347
f 552/503/348 551/500/348 530/480/348 531/483/348
f 553/504/349 552/503/349 531/483/349 532/484/349
f 543/505/350 553/504/350 532/484/350 500/449/350
f 546/502/351 545/495/351 524/475/351 525/482/351
f 500/449/352 502/451/352 539/491/352 543/505/352
f 560/506/353 561/507/353 534/485/353 505/454/353
f 561/507/354 562/508/354 536/487/354 534/485/354
f 562/508/355 563/509/355 538/489/355 536/487/355
f 564/510/356 565/511/356 555/512/356 554/513/356
f 566/514/357 567/515/357 557/516/357 556/517/357
f 565/511/358 566/514/358 556/517/358 555/512/358
f 567/515/359 568/518/359 558/519/359 557/516/359
f 568/518/360 569/520/360 559/521/360 558/519/360
f 569/520/361 570/522/361 560/506/361 559/521/361
f 570/522/362 571/523/362 561/507/362 560/506/362
f 571/523/363 572/524/363 562/508/363 561/507/363
f 572/524/364 573/525/364 563/509/364 562/508/364
f 567/515/365 566/514/365 574/526/365 568/518/365
f 566/514/366 565/511/366 574/526/366
f 575/527/367 576/528/367 565/511/367 564/510/367
f 577/529/368 578/530/368 569/520/368 568/518/368
f 579/531/369 580/532/369 571/523/369 570/522/369
f 580/532/370 581/533/370 572/524/370 571/523/370
f 581/533/371 582/534/371 573/525/371 572/524/371
f 583/535/372 577/529/372 568/518/372 574/526/372
f 576/528/373 583/535/373 574/526/373 565/511/373
f 585/536/374 587/537/374 576/528/374
f 583/535/375 576/528/375 586/538/375
f 587/537/376 586/538/376 576/528/376
f 588/539/377 589/540/377 584/541/377 575/527/377
f 595/542/378 594/543/378 590/544/378 591/545/378
f 454/413/379 590/544/379 594/543/379 469/410/379
f 458/415/380 471/414/380 472/416/380 460/419/380
f 467/406/381 466/404/381 458/405/381 460/408/381
f 461/177/382 459/171/382 466/404/382 467/406/382
f 589/540/383 595/542/383 596/546/383 584/541/383
f 585/536/384 576/528/384 603/547/384
f 584/541/385 596/546/385 602/548/385 603/547/385
f 608/549/386 607/550/386 604/551/386 606/552/386
f 606/552/387 609/553/387 608/549/387
f 596/554/388 595/555/388 591/556/388 598/557/388
f 597/558/389 598/557/389 591/556/389
f 596/546/390 598/559/390 601/560/390 602/548/390
f 600/561/391 599/562/391 602/548/391 601/560/391
f 599/562/392 600/561/392 604/551/392 605/563/392
f 600/561/393 606/552/393 604/551/393
f 585/536/394 603/547/394 602/548/394 610/564/394
f 599/562/395 610/564/395 602/548/395
f 599/562/396 605/563/396 610/564/396
f 615/565/397 616/566/397 609/567/397 606/568/397
f 611/569/398 612/570/398 598/571/398 597/572/398
f 612/570/399 614/573/399 601/574/399 598/571/399
f 614/573/400 613/575/400 600/576/400 601/574/400
f 613/575/401 615/565/401 606/568/401 600/576/401
f 564/510/402 554/513/402 588/539/402
f 588/539/403 575/527/403 564/510/403
f 621/577/404 622/578/404 616/566/404 615/565/404
f 617/579/405 618/580/405 612/570/405 611/569/405
f 618/580/406 620/581/406 614/573/406 612/570/406
f 620/581/407 619/582/407 613/575/407 614/573/407
f 619/582/408 621/577/408 615/565/408 613/575/408
f 623/583/409 624/584/409 578/530/409 577/529/409
f 625/585/410 623/583/410 577/529/410 583/535/410
f 626/586/411 628/587/411 587/537/411 585/536/411
f 627/588/412 625/585/412 583/535/412 586/538/412
f 628/587/413 627/588/413 586/538/413 587/537/413
f 631/589/414 629/590/414 604/551/414 607/550/414
f 629/590/415 630/591/415 605/563/415 604/551/415
f 632/592/416 626/586/416 585/536/416 610/564/416
f 630/591/417 632/592/417 610/564/417 605/563/417
f 633/593/418 634/594/418 581/533/418 580/532/418
f 634/594/419 582/534/419 581/533/419
f 636/595/420 637/596/420 624/584/420 623/583/420
f 638/597/421 636/595/421 623/583/421 625/585/421
f 639/598/422 641/599/422 628/587/422 626/586/422
f 640/600/423 638/597/423 625/585/423 627/588/423
f 641/599/424 640/600/424 627/588/424 628/587/424
f 644/601/425 642/602/425 629/590/425 631/589/425
f 642/602/426 643/603/426 630/591/426 629/590/426
f 645/604/427 639/598/427 626/586/427 632/592/427
f 643/603/428 645/604/428 632/592/428 630/591/428
f 637/596/429 635/605/429 579/531/429 624/584/429
f 579/531/430 635/605/430 633/593/430 580/532/430
f 582/534/431 634/594/431 633/593/431 635/605/431
f 589/540/432 588/539/432 646/606/432 650/607/432
f 589/540/433 650/607/433 651/608/433 595/542/433
f 651/608/433 652/609/433 595/542/433
f 594/543/433 595/542/433 652/609/433
f 469/410/434 647/610/434 473/411/434
f 473/411/435 647/610/435 648/611/435 554/513/435
f 648/611/436 649/612/436 554/513/436
f 646/606/437 588/539/437 554/513/437 649/612/437
f 464/613/438 457/614/438 654/615/438 653/616/438
f 592/617/439 593/618/439 658/619/439 662/620/439
f 590/621/440 655/622/440 659/623/440 591/624/440
f 659/623/441 660/625/441 591/624/441
f 660/625/442 661/626/442 591/624/442
f 658/619/442 593/618/442 591/624/442 661/626/442
f 464/613/443 653/616/443 656/627/443 454/628/443
f 656/627/444 657/629/444 454/628/444
f 655/622/445 590/621/445 454/628/445 657/629/445
f 575/527/446 584/541/446 603/547/446 576/528/446
f 569/520/447 578/530/447 570/522/447
f 578/530/448 624/584/448 579/531/448 570/522/448
f 539/491/449 540/492/449 541/493/449 542/494/449
f 668/630/450 667/631/450 666/632/450 663/213/450
f 663/213/451 664/212/451 668/630/451
f 668/633/452 664/230/452 665/229/452
f 668/633/453 671/634/453 670/635/453 667/636/453
f 665/229/454 669/637/454 671/634/454 668/633/454
f 671/634/455 674/638/455 673/639/455 670/635/455
f 669/637/456 672/640/456 674/638/456 671/634/456
f 676/641/457 675/642/457 673/639/457 674/638/457
f 674/638/458 672/640/458 677/643/458 676/641/458
f 679/644/459 678/645/459 675/642/459 676/641/459
f 679/644/460 676/641/460 677/643/460 680/646/460
f 682/647/461 681/648/461 678/645/461 679/644/461
f 679/644/462 680/646/462 683/649/462 682/647/462
f 681/648/463 682/647/463 684/650/463 685/651/463
f 684/650/464 682/647/464 683/649/464 686/652/464
f 672/640/465 687/653/465 688/236/465 677/643/465
f 677/643/466 688/236/466 689/235/466 680/646/466
f 680/646/467 689/235/467 690/654/467 683/649/467
f 683/649/468 690/654/468 691/655/468 686/652/468
f 687/653/469 672/640/469 669/637/469 692/656/469
f 669/637/470 665/229/470 692/656/470
f 665/229/471 693/233/471 692/656/471
f 690/654/472 689/235/472 694/244/472 695/657/472
f 691/655/473 690/654/473 695/657/473 696/658/473
f 702/659/474 701/660/474 709/661/474 710/662/474
f 703/663/475 704/664/475 712/665/475 711/666/475
f 701/660/476 700/667/476 708/668/476 709/661/476
f 705/669/477 703/663/477 711/666/477 713/670/477
f 700/667/478 706/671/478 714/672/478 708/668/478
f 707/673/479 705/669/479 713/670/479 715/674/479
f 706/671/480 707/673/480 715/674/480 714/672/480
f 707/673/481 706/671/481 699/675/481 716/676/481
f 716/676/482 699/675/482 698/677/482 717/678/482
f 717/678/483 698/677/483 697/679/483 718/680/483
f 697/681/484 720/682/484 719/683/484 718/684/484
f 681/648/485 722/685/485 721/686/485 678/645/485
f 685/651/486 723/687/486 722/685/486 681/648/486
f 675/642/487 678/645/487 721/686/487
f 722/685/488 703/663/488 705/669/488 721/686/488
f 723/687/489 704/664/489 703/663/489 722/685/489
f 716/676/490 675/642/490 721/686/490 705/669/490
f 707/673/491 716/676/491 705/669/491
f 717/678/492 725/688/492 724/689/492 716/676/492
f 725/688/493 717/678/493 718/680/493 726/690/493
f 727/691/494 726/692/494 718/684/494 719/683/494
f 728/693/495 675/642/495 716/676/495 724/689/495
f 675/642/496 728/693/496 729/694/496 673/639/496
f 729/694/497 730/695/497 670/635/497 673/639/497
f 730/695/498 731/696/498 667/636/498 670/635/498
f 731/697/499 666/632/499 667/631/499
f 731/697/500 727/691/500 719/683/500 666/632/500
f 719/683/501 732/698/501 666/632/501
f 663/213/502 666/632/502 732/698/502 733/245/502
f 702/659/503 739/699/503 738/700/503 701/660/503
f 701/660/504 738/700/504 737/701/504 700/667/504
f 700/667/505 737/701/505 740/702/505 706/671/505
f 706/671/506 740/702/506 736/703/506 699/675/506
f 699/675/507 736/703/507 735/704/507 698/677/507
f 698/677/508 735/704/508 734/705/508 697/679/508
f 697/681/509 734/706/509 741/707/509 720/682/509
f 740/702/510 745/708/510 744/709/510 736/703/510
f 736/703/511 744/709/511 743/710/511 735/704/511
f 735/704/512 743/710/512 742/711/512 734/705/512
f 734/706/513 742/712/513 746/713/513 741/707/513
f 745/708/514 740/702/514 737/701/514
f 739/699/515 749/714/515 748/715/515 738/700/515
f 738/700/516 748/715/516 747/716/516 737/701/516
f 737/701/517 747/716/517 745/708/517
f 720/682/518 751/717/518 750/718/518 719/683/518
f 719/683/519 750/718/519 752/719/519 732/698/519
f 732/698/520 752/719/520 753/265/520 733/245/520
f 746/713/521 755/720/521 754/721/521 741/707/521
f 754/721/522 751/717/522 720/682/522 741/707/522
f 759/722/523 760/723/523 761/724/523 756/442/523
f 757/443/524 756/442/524 761/724/524
f 757/460/525 761/725/525 758/459/525
f 763/726/526 764/727/526 761/725/526 760/728/526
f 764/727/527 762/729/527 758/459/527 761/725/527
f 766/730/528 767/731/528 764/727/528 763/726/528
f 767/731/529 765/732/529 762/729/529 764/727/529
f 766/730/530 768/733/530 769/734/530 767/731/530
f 770/735/531 765/732/531 767/731/531 769/734/531
f 768/733/532 771/736/532 772/737/532 769/734/532
f 770/735/533 769/734/533 772/737/533 773/738/533
f 771/736/534 774/739/534 775/740/534 772/737/534
f 776/741/535 773/738/535 772/737/535 775/740/535
f 684/650/536 775/740/536 774/739/536 685/651/536
f 776/741/537 775/740/537 684/650/537 686/652/537
f 778/464/538 777/742/538 765/732/538 770/735/538
f 779/465/539 778/464/539 770/735/539 773/738/539
f 780/743/540 779/465/540 773/738/540 776/741/540
f 691/655/541 780/743/541 776/741/541 686/652/541
f 762/729/542 765/732/542 777/742/542 781/744/542
f 758/459/543 762/729/543 781/744/543
f 782/463/544 758/459/544 781/744/544
f 783/474/545 779/465/545 780/743/545 784/745/545
f 784/745/546 780/743/546 691/655/546 696/658/546
f 795/746/547 789/747/547 702/659/547 710/662/547
f 712/665/548 704/664/548 790/748/548 796/749/548
f 794/750/549 788/751/549 789/747/549 795/746/549
f 796/749/550 790/748/550 791/752/550 797/753/550
f 798/754/551 792/755/551 788/751/551 794/750/551
f 797/753/552 791/752/552 793/756/552 799/757/552
f 799/757/553 793/756/553 792/755/553 798/754/553
f 787/758/554 792/755/554 793/756/554 800/759/554
f 786/760/555 787/758/555 800/759/555 801/761/555
f 785/762/556 786/760/556 801/761/556 802/763/556
f 803/764/557 804/765/557 785/766/557 802/767/557
f 805/768/558 806/769/558 774/739/558 771/736/558
f 806/769/559 723/687/559 685/651/559 774/739/559
f 771/736/560 768/733/560 805/768/560
f 791/752/561 790/748/561 806/769/561 805/768/561
f 790/748/562 704/664/562 723/687/562 806/769/562
f 805/768/563 768/733/563 800/759/563 791/752/563
f 800/759/564 793/756/564 791/752/564
f 807/770/565 808/771/565 801/761/565 800/759/565
f 802/763/566 801/761/566 808/771/566 809/772/566
f 802/767/567 809/773/567 810/774/567 803/764/567
f 800/759/568 768/733/568 811/775/568 807/770/568
f 812/776/569 811/775/569 768/733/569 766/730/569
f 763/726/570 813/777/570 812/776/570 766/730/570
f 760/728/571 814/778/571 813/777/571 763/726/571
f 759/722/572 814/779/572 760/723/572
f 803/764/573 810/774/573 814/779/573 759/722/573
f 815/780/574 803/764/574 759/722/574
f 815/780/575 759/722/575 756/442/575 816/476/575
f 821/781/576 739/699/576 702/659/576 789/747/576
f 820/782/577 821/781/577 789/747/577 788/751/577
f 822/783/578 820/782/578 788/751/578 792/755/578
f 819/784/579 822/783/579 792/755/579 787/758/579
f 818/785/580 819/784/580 787/758/580 786/760/580
f 817/786/581 818/785/581 786/760/581 785/762/581
f 823/787/582 817/788/582 785/766/582 804/765/582
f 826/789/583 827/790/583 822/783/583 819/784/583
f 825/791/584 826/789/584 819/784/584 818/785/584
f 824/792/585 825/791/585 818/785/585 817/786/585
f 828/793/586 824/794/586 817/788/586 823/787/586
f 822/783/587 827/790/587 820/782/587
f 830/795/588 749/714/588 739/699/588 821/781/588
f 829/796/589 830/795/589 821/781/589 820/782/589
f 829/796/590 820/782/590 827/790/590
f 831/797/591 832/798/591 804/765/591 803/764/591
f 833/799/592 831/797/592 803/764/592 815/780/592
f 834/496/593 833/799/593 815/780/593 816/476/593
f 835/800/594 836/801/594 828/793/594 823/787/594
f 804/765/595 832/798/595 835/800/595 823/787/595
f 839/802/596 837/803/596 841/804/596 842/805/596
f 840/806/597 839/802/597 842/805/597 843/807/597
f 838/808/598 840/806/598 843/807/598 844/809/598
f 837/803/599 838/808/599 844/809/599 841/804/599
f 849/810/600 845/811/600 847/812/600 850/813/600
f 850/813/601 847/812/601 848/814/601 851/815/601
f 851/815/602 848/814/602 846/816/602 852/817/602
f 852/817/603 846/816/603 845/811/603 849/810/603
f 855/818/604 853/819/604 857/820/604 858/821/604
f 856/822/605 855/818/605 858/821/605 859/823/605
f 854/824/606 856/822/606 859/823/606 860/825/606
f 853/819/607 854/824/607 860/825/607 857/820/607
f 864/826/608 863/323/608 862/321/608
f 864/827/609 866/828/609 865/336/609 863/335/609
f 866/828/610 864/827/610 867/829/610
f 869/830/611 868/831/611 866/828/611 867/829/611
f 871/832/612 870/833/612 868/831/612 869/830/612
f 873/834/613 872/835/613 870/833/613 871/832/613
f 861/320/614 874/836/614 875/837/614 862/321/614
f 862/321/615 875/837/615 876/838/615 864/826/615
f 864/827/616 876/839/616 877/840/616 867/829/616
f 867/829/617 877/840/617 878/841/617 869/830/617
f 869/830/618 878/841/618 879/842/618 871/832/618
f 874/836/619 880/843/619 881/844/619 875/837/619
f 875/837/620 881/844/620 882/845/620 876/838/620
f 876/839/621 882/846/621 883/847/621 877/840/621
f 878/841/622 884/848/622 885/849/622 879/842/622
f 877/840/623 883/847/623 887/850/623 888/851/623
f 878/841/624 877/840/624 888/851/624 889/852/624
f 880/843/625 891/853/625 892/854/625 881/844/625
f 881/844/626 892/854/626 893/855/626 882/845/626
f 882/846/627 893/856/627 894/857/627 883/847/627
f 878/841/628 889/852/628 890/858/628
f 890/858/629 884/848/629 878/841/629
f 884/848/630 895/859/630 896/860/630 885/849/630
f 885/849/631 896/860/631 897/861/631 886/862/631
f 887/850/632 898/863/632 899/864/632 888/851/632
f 888/851/633 899/864/633 900/865/633 889/852/633
f 889/852/634 900/865/634 901/866/634 890/858/634
f 890/858/635 901/866/635 895/859/635 884/848/635
f 898/863/636 887/850/636 883/847/636 894/857/636
f 891/853/637 902/867/637 903/868/637 892/854/637
f 892/854/638 903/868/638 904/869/638 893/855/638
f 893/856/639 904/870/639 905/871/639 894/857/639
f 894/857/640 905/871/640 906/872/640 898/863/640
f 898/863/641 908/873/641 909/874/641 899/864/641
f 899/864/642 909/874/642 910/875/642 900/865/642
f 900/865/643 910/875/643 911/876/643 901/866/643
f 901/866/644 911/876/644 907/877/644 895/859/644
f 906/872/645 908/873/645 898/863/645
f 915/878/646 913/879/646 896/860/646 895/859/646 912/880/646 914/881/646
f 916/882/647 897/861/647 896/860/647 913/879/647
f 915/878/648 914/881/648 920/883/648 921/884/648
f 913/879/649 915/878/649 921/884/649 919/885/649
f 921/884/650 920/883/650 917/886/650 919/885/650
f 916/882/651 913/879/651 919/885/651 922/887/651
f 919/885/652 917/886/652 918/888/652 922/887/652
f 912/880/653 895/859/653 907/877/653
f 928/889/654 923/890/654 879/842/654 885/849/654
f 885/849/655 886/862/655 927/891/655 928/889/655
f 871/832/656 879/842/656 923/890/656 926/892/656
f 925/893/657 924/894/657 873/834/657 871/832/657
f 871/832/658 926/892/658 925/893/658
f 928/889/659 927/891/659 934/895/659 935/896/659
f 923/890/660 928/889/660 935/896/660 930/897/660
f 935/896/661 934/895/661 929/898/661 930/897/661
f 926/892/662 923/890/662 930/897/662 933/899/662
f 933/899/663 930/897/663 929/898/663
f 925/893/664 926/892/664 933/899/664 932/900/664
f 924/894/665 925/893/665 932/900/665 931/901/665
f 929/898/666 931/901/666 932/900/666 933/899/666
f 866/828/667 937/902/667 936/347/667 865/336/667
f 868/831/668 938/903/668 937/902/668 866/828/668
f 870/833/669 939/904/669 938/903/669 868/831/669
f 872/835/670 940/905/670 939/904/670 870/833/670
f 861/320/671 941/360/671 942/906/671 874/836/671
f 874/836/672 942/906/672 943/907/672 880/843/672
f 880/843/673 943/907/673 944/908/673 891/853/673
f 891/853/674 944/908/674 945/909/674 902/867/674
f 941/360/675 946/372/675 947/910/675 942/906/675
f 942/906/676 947/910/676 948/911/676 943/907/676
f 943/907/677 948/911/677 949/912/677 944/908/677
f 944/908/678 949/912/678 950/913/678 945/909/678
f 953/553/679 954/914/679 952/549/679
f 955/566/680 956/915/680 954/916/680 953/567/680
f 954/916/681 956/915/681 957/917/681
f 956/915/682 958/918/682 959/919/682 957/917/682
f 958/918/683 960/920/683 961/921/683 959/919/683
f 960/920/684 962/835/684 963/834/684 961/921/684
f 965/922/685 964/923/685 951/550/685 952/549/685
f 966/924/686 965/922/686 952/549/686 954/914/686
f 967/925/687 966/926/687 954/916/687 957/917/687
f 968/927/688 967/925/688 957/917/688 959/919/688
f 969/928/689 968/927/689 959/919/689 961/921/689
f 971/929/690 970/930/690 964/923/690 965/922/690
f 972/931/691 971/929/691 965/922/691 966/924/691
f 973/932/692 972/933/692 966/926/692 967/925/692
f 975/934/693 974/935/693 968/927/693 969/928/693
f 977/936/694 973/932/694 967/925/694 978/937/694
f 978/937/695 967/925/695 968/927/695 979/938/695
f 982/939/696 981/940/696 970/930/696 971/929/696
f 983/941/697 982/939/697 971/929/697 972/931/697
f 984/942/698 983/943/698 972/933/698 973/932/698
f 979/938/699 968/927/699 980/944/699
f 974/935/700 980/944/700 968/927/700
f 986/945/701 985/946/701 974/935/701 975/934/701
f 987/861/702 986/945/702 975/934/702 976/862/702
f 989/947/703 988/948/703 977/936/703 978/937/703
f 990/949/704 989/947/704 978/937/704 979/938/704
f 991/950/705 990/949/705 979/938/705 980/944/705
f 985/946/706 991/950/706 980/944/706 974/935/706
f 973/932/707 977/936/707 988/948/707 984/942/707
f 993/951/708 992/952/708 981/940/708 982/939/708
f 994/953/709 993/951/709 982/939/709 983/941/709
f 995/954/710 994/955/710 983/943/710 984/942/710
f 996/956/711 995/954/711 984/942/711 988/948/711
f 999/957/712 998/958/712 988/948/712 989/947/712
f 1000/959/713 999/957/713 989/947/713 990/949/713
f 1001/960/714 1000/959/714 990/949/714 991/950/714
f 997/961/715 1001/960/715 991/950/715 985/946/715
f 998/958/716 996/956/716 988/948/716
f 1002/962/717 985/946/717 986/945/717 1003/963/717 1005/964/717 1004/965/717
f 986/945/718 987/861/718 1006/882/718 1003/963/718
f 1010/966/719 1004/965/719 1005/964/719 1011/967/719
f 1011/967/720 1005/964/720 1003/963/720 1009/968/720
f 1007/969/721 1010/966/721 1011/967/721 1009/968/721
f 1009/968/722 1003/963/722 1006/882/722 1012/887/722
f 1008/888/723 1007/969/723 1009/968/723 1012/887/723
f 985/946/724 1002/962/724 997/961/724
f 969/928/725 1013/970/725 1018/971/725 975/934/725
f 1017/891/726 976/862/726 975/934/726 1018/971/726
f 1013/970/727 969/928/727 961/921/727 1016/972/727
f 963/834/728 1014/894/728 1015/973/728 961/921/728
f 1016/972/729 961/921/729 1015/973/729
f 1024/895/730 1017/891/730 1018/971/730 1025/974/730
f 1025/974/731 1018/971/731 1013/970/731 1020/975/731
f 1019/898/732 1024/895/732 1025/974/732 1020/975/732
f 1020/975/733 1013/970/733 1016/972/733 1023/976/733
f 1020/975/734 1023/976/734 1019/898/734
f 1023/976/735 1016/972/735 1015/973/735 1022/977/735
f 1022/977/736 1015/973/736 1014/894/736 1021/901/736
f 1022/977/737 1021/901/737 1019/898/737 1023/976/737
f 1026/578/738 1027/978/738 956/915/738 955/566/738
f 1027/978/739 1028/979/739 958/918/739 956/915/739
f 1028/979/740 1029/980/740 960/920/740 958/918/740
f 1029/980/741 1030/905/741 962/835/741 960/920/741
f 1032/981/742 1031/589/742 951/550/742 964/923/742
f 1033/982/743 1032/981/743 964/923/743 970/930/743
f 1034/983/744 1033/982/744 970/930/744 981/940/744
f 1035/984/745 1034/983/745 981/940/745 992/952/745
f 1037/985/746 1036/601/746 1031/589/746 1032/981/746
f 1038/986/747 1037/985/747 1032/981/747 1033/982/747
f 1039/987/748 1038/986/748 1033/982/748 1034/983/748
f 1040/988/749 1039/987/749 1034/983/749 1035/984/749
o brake
v 0.522964 0.231554 2.375492
v 0.500119 0.231554 2.375492
v 0.500119 0.211799 2.390148
v 0.522964 0.211799 2.390148
v 0.570145 0.117400 2.148226
v 0.547300 0.117400 2.148226
v 0.547792 0.135830 2.150570
v 0.570637 0.135830 2.150570
v 0.547041 0.100926 2.247931
v 0.569887 0.100926 2.247931
v 0.547041 0.127694 2.243402
v 0.569887 0.127694 2.243402
v 0.632704 0.199247 2.178353
v 0.483135 0.199247 2.178353
v 0.483135 0.189829 2.200380
v 0.632704 0.189829 2.200380
v 0.632704 0.044246 2.087870
v 0.483135 0.044246 2.087870
v 0.483135 0.055436 2.065216
v 0.632704 0.055436 2.065216
v 0.483135 0.151991 2.179428
v 0.632704 0.151991 2.179428
v 0.483135 0.161401 2.157400
v 0.632704 0.161401 2.157400
vn -0.0000 0.5958 0.8031
vn -0.0000 0.1262 -0.9920
vn -0.0000 -0.9866 -0.1630
vn -0.0000 -0.7887 0.6148
vn -0.9999 0.0107 -0.0039
vn -0.9630 -0.1027 -0.2491
vn -0.0000 0.9962 0.0873
vn -0.0000 0.7861 -0.6181
vn 0.9999 -0.0107 0.0039
vn 0.9630 0.1027 0.2491
vn -0.0000 0.9195 0.3931
vn -0.0000 -0.8966 -0.4429
vn -0.0000 -0.6475 0.7620
vn -0.0000 -0.4844 0.8748
vn -1.0000 -0.0000 -0.0000
vn -0.0000 0.6563 -0.7545
vn -0.0000 0.4844 -0.8749
vn 1.0000 -0.0000 -0.0000
vt 0.112180 0.924160
vt 0.112180 0.912490
vt 0.100510 0.912490
vt 0.100510 0.924160
vt 0.100510 0.915040
vt 0.112180 0.915040
vt 0.385840 0.855970
vt 0.385840 0.853470
vt 0.383340 0.853470
vt 0.383340 0.855970
vt 0.383340 0.854020
vt 0.385840 0.854020
s 0
usemtl mat1
f 1042/989/750 1043/990/750 1044/991/750 1041/992/750
f 1046/989/751 1047/990/751 1048/991/751 1045/992/751
f 1046/990/752 1045/991/752 1050/993/752 1049/994/752
f 1044/992/753 1043/989/753 1049/994/753 1050/993/753
f 1047/990/754 1046/991/754 1049/993/754 1051/994/754
f 1043/992/755 1042/989/755 1051/994/755 1049/993/755
f 1048/990/756 1047/991/756 1051/993/756 1052/994/756
f 1042/992/757 1041/989/757 1052/994/757 1051/993/757
f 1045/990/758 1048/991/758 1052/993/758 1050/994/758
f 1041/992/759 1044/989/759 1050/994/759 1052/993/759
f 1054/995/760 1055/996/760 1056/997/760 1053/998/760
f 1058/995/761 1059/996/761 1060/997/761 1057/998/761
f 1058/996/762 1057/997/762 1062/999/762 1061/1000/762
f 1056/998/763 1055/995/763 1061/1000/763 1062/999/763
f 1059/996/764 1058/997/764 1061/999/764 1063/1000/764
f 1055/998/764 1054/995/764 1063/1000/764 1061/999/764
f 1060/996/765 1059/997/765 1063/999/765 1064/1000/765
f 1054/998/766 1053/995/766 1064/1000/766 1063/999/766
f 1057/996/767 1060/997/767 1064/999/767 1062/1000/767
f 1053/998/767 1056/995/767 1062/1000/767 1064/999/767
o clutch
v 0.842862 0.231554 2.375492
v 0.817746 0.231554 2.375492
v 0.817746 0.211799 2.390148
v 0.842862 0.211799 2.390148
v 0.843152 0.117400 2.148226
v 0.818036 0.117400 2.148226
v 0.818576 0.135830 2.150570
v 0.843692 0.135830 2.150570
v 0.817750 0.100926 2.247931
v 0.842866 0.100926 2.247931
v 0.817750 0.127694 2.243402
v 0.842866 0.127694 2.243402
v 0.879892 0.199247 2.178353
v 0.779532 0.199247 2.178353
v 0.779532 0.189829 2.200380
v 0.879892 0.189829 2.200380
v 0.879892 0.019216 2.085374
v 0.779532 0.019216 2.085374
v 0.779532 0.030408 2.062726
v 0.879892 0.030408 2.062726
v 0.779532 0.151991 2.179428
v 0.879892 0.151991 2.179428
v 0.779532 0.161401 2.157400
v 0.879892 0.161401 2.157400
vn -0.0000 0.5958 0.8031
vn -0.0000 0.1262 -0.9920
vn -0.0000 -0.9866 -0.1630
vn -0.0000 -0.7887 0.6148
vn -0.9999 0.0117 -0.0043
vn -1.0000 -0.0000 -0.0000
vn -0.0000 0.9962 0.0873
vn -0.0000 0.7861 -0.6181
vn 0.9999 -0.0117 0.0043
vn 1.0000 -0.0000 -0.0000
vn -0.0000 0.9195 0.3931
vn -0.0000 -0.8965 -0.4430
vn -0.0000 -0.5780 0.8160
vn -0.0000 -0.4844 0.8748
vn -0.0000 0.5858 -0.8105
vn -0.0000 0.4844 -0.8749
vt 0.112180 0.924160
vt 0.112180 0.912490
vt 0.100510 0.912490
vt 0.100510 0.924160
vt 0.100510 0.915040
vt 0.112180 0.915040
vt 0.386240 0.860220
vt 0.386240 0.857720
vt 0.383740 0.857720
vt 0.383740 0.860220
vt 0.383740 0.858260
vt 0.386240 0.858260
s 0
usemtl mat1
f 1066/1001/768 1067/1002/768 1068/1003/768 1065/1004/768
f 1070/1001/769 1071/1002/769 1072/1003/769 1069/1004/769
f 1070/1002/770 1069/1003/770 1074/1005/770 1073/1006/770
f 1068/1004/771 1067/1001/771 1073/1006/771 1074/1005/771
f 1071/1002/772 1070/1003/772 1073/1005/772 1075/1006/772
f 1067/1004/773 1066/1001/773 1075/1006/773 1073/1005/773
f 1072/1002/774 1071/1003/774 1075/1005/774 1076/1006/774
f 1066/1004/775 1065/1001/775 1076/1006/775 1075/1005/775
f 1069/1002/776 1072/1003/776 1076/1005/776 1074/1006/776
f 1065/1004/777 1068/1001/777 1074/1006/777 1076/1005/777
f 1078/1007/778 1079/1008/778 1080/1009/778 1077/1010/778
f 1082/1007/779 1083/1008/779 1084/1009/779 1081/1010/779
f 1082/1008/780 1081/1009/780 1086/1011/780 1085/1012/780
f 1080/1010/781 1079/1007/781 1085/1012/781 1086/1011/781
f 1083/1008/773 1082/1009/773 1085/1011/773 1087/1012/773
f 1079/1010/773 1078/1007/773 1087/1012/773 1085/1011/773
f 1084/1008/782 1083/1009/782 1087/1011/782 1088/1012/782
f 1078/1010/783 1077/1007/783 1088/1012/783 1087/1011/783
f 1081/1008/777 1084/1009/777 1088/1011/777 1086/1012/777
f 1077/1010/777 1080/1007/777 1086/1012/777 1088/1011/777
o doorL
v 0.994982 0.748369 2.340625
v 1.093413 0.592375 2.386354
v 1.092064 0.371625 2.380651
v 1.081684 0.196498 2.366477
v 1.091159 0.168201 2.360636
v 1.069273 0.038750 2.328221
v 1.006399 -0.052074 2.301192
v 0.974788 0.833577 0.768914
v 1.093412 0.662129 0.756687
v 1.091150 0.426644 0.806378
v 1.079508 0.249942 0.849800
v 1.100079 0.206646 0.859798
v 1.073325 0.064957 0.909470
v 1.012182 -0.033660 0.949082
v 0.898595 0.978128 2.030358
v 0.800248 1.182037 0.701869
v 0.786817 1.218623 0.926925
v 0.796718 1.206428 1.435797
v 0.816327 1.146339 1.704092
v 0.903968 0.967935 1.941409
v 0.990504 0.767268 1.992016
v 0.870415 1.035746 1.918600
v 0.804913 1.189269 1.405108
v 0.890059 0.996047 1.931953
v 0.829415 1.123644 1.697417
v 0.804358 1.190004 1.435063
v 0.814419 1.153746 0.707312
v 0.800730 1.194634 1.203575
v 0.801641 1.201720 0.927332
v 0.969521 0.844606 0.788641
v 0.813341 1.168523 0.719957
v 0.973245 0.836505 0.794468
v 0.975240 0.831672 0.804057
v 0.994982 0.748369 2.340625
v 1.093413 0.592375 2.386354
v 1.092064 0.371625 2.380651
v 1.081684 0.196498 2.366477
v 1.091159 0.168201 2.360636
v 1.069273 0.038750 2.328221
v 1.006399 -0.052074 2.301192
v 0.974788 0.833577 0.768914
v 1.093412 0.662129 0.756687
v 1.091150 0.426644 0.806378
v 1.079508 0.249942 0.849800
v 1.100079 0.206646 0.859798
v 1.073325 0.064957 0.909470
v 1.012182 -0.033660 0.949082
v 0.990504 0.767268 1.992016
v 0.975240 0.831672 0.804057
v 0.944291 0.748369 2.340625
v 0.944306 0.592375 2.386354
v 0.944306 0.371625 2.380651
v 0.944304 0.196498 2.366477
v 0.944306 0.168201 2.360636
v 0.944302 0.038750 2.328221
v 0.944293 -0.052074 2.301192
v 0.944288 0.833577 0.768914
v 0.944306 0.662129 0.756687
v 0.944306 0.426644 0.806378
v 0.944304 0.249942 0.849800
v 0.944307 0.206646 0.859798
v 0.944303 0.064957 0.909470
v 0.944294 -0.033660 0.949082
v 0.944291 0.767268 1.992016
v 0.944288 0.831672 0.804057
v 0.944306 0.609252 1.992046
v 0.944306 0.385218 1.991711
v 0.944305 0.271819 2.088162
v 0.944306 0.620402 1.731539
v 0.944306 0.659020 0.829331
v 0.944300 0.702129 0.858781
v 0.944301 0.663296 1.618370
v 0.944306 0.390710 1.834577
v 0.944307 0.472751 1.839972
v 0.944306 0.423245 0.903613
v 0.944305 0.319833 1.801074
v 0.944306 0.282451 1.730213
v 0.944306 0.300423 1.003037
v 0.944306 0.329269 0.962538
v 0.937625 0.608564 1.722758
v 0.935073 0.657161 0.843392
v 0.935845 0.688109 0.865037
v 0.939007 0.648728 1.615377
v 0.935918 0.394111 1.821597
v 0.936060 0.468614 1.826404
v 0.937120 0.429168 0.916276
v 0.935886 0.329568 1.791156
v 0.937733 0.296785 1.727026
v 0.937837 0.314605 1.007584
v 0.937085 0.339033 0.972737
v 0.981284 0.599231 1.701606
v 0.981284 0.643836 0.871156
v 0.981280 0.671642 0.890850
v 0.981284 0.636713 1.598944
v 0.981283 0.401844 1.794503
v 0.981326 0.470956 1.798795
v 0.981283 0.433472 0.939461
v 0.981320 0.342578 1.765201
v 0.981308 0.312285 1.704066
v 0.981285 0.328655 1.026351
v 0.981284 0.350951 0.992891
v 0.923482 0.147702 2.349490
v 0.923479 0.038752 2.317558
v 0.923470 -0.052072 2.290929
v 0.923484 0.186147 0.870942
v 0.923480 0.064958 0.919877
v 0.923471 -0.033658 0.958901
v 0.997534 0.401844 1.815598
v 0.997600 0.470956 1.819890
v 0.997534 0.433472 0.915303
v 0.997590 0.342578 1.786296
v 0.997572 0.312285 1.725161
v 0.997536 0.328655 1.002193
v 0.997534 0.350951 0.968734
v 0.997534 0.492586 0.896109
v 0.937280 0.401846 1.815599
v 0.937346 0.470968 1.819891
v 0.937280 0.433477 0.915304
v 0.937336 0.342570 1.786297
v 0.937318 0.312290 1.725163
v 0.937283 0.328660 1.002195
v 0.937280 0.350943 0.968735
v 0.937280 0.492598 0.896111
v 0.905145 0.401847 1.786264
v 0.905211 0.470975 1.790267
v 0.905145 0.433479 0.943636
v 0.905200 0.342565 1.758938
v 0.905183 0.312292 1.701927
v 0.905147 0.328663 1.024667
v 0.905145 0.350939 0.993463
v 0.905145 0.492605 0.925737
v 0.905159 0.348750 1.193506
v 0.905145 0.427388 1.105901
v 0.905146 0.369362 1.138737
v 0.905187 0.344546 1.577888
v 0.905145 0.408401 1.611676
v 0.920614 0.348756 1.193506
v 0.920599 0.427393 1.105901
v 0.920600 0.369368 1.138737
v 0.920642 0.344551 1.577887
v 0.920599 0.408407 1.611675
v 0.931573 0.488844 1.056458
v 0.982429 0.488831 1.056457
v 0.931602 0.477893 1.524140
v 0.982457 0.477881 1.524139
v 0.931574 0.492683 1.056548
v 0.982430 0.492670 1.056546
v 0.931603 0.481732 1.524230
v 0.982458 0.481720 1.524229
v 0.944304 0.282606 0.939329
v 0.944307 0.229176 0.939456
v 0.944304 0.275000 1.105848
v 0.944307 0.223705 1.105913
v 0.936222 0.274490 0.948445
v 0.936225 0.238824 0.947757
v 0.936222 0.266059 1.097507
v 0.936225 0.231820 1.096796
v 0.946357 0.750933 1.717364
v 0.946363 0.678958 1.717268
v 0.946362 0.682213 1.521404
v 0.946355 0.756249 1.523925
v 0.928083 0.729353 1.717364
v 0.928090 0.678956 1.717268
v 0.928089 0.682211 1.521405
v 0.928082 0.734669 1.523925
v 1.190374 0.924806 1.895550
v 1.128792 0.933341 1.916333
v 1.185092 0.789517 1.888706
v 1.207749 0.910545 1.888316
v 1.205102 0.805138 1.883172
v 1.018487 0.779584 1.942740
v 0.983752 0.935562 1.964096
v 0.982956 0.802297 1.955912
v 0.995275 0.783201 1.950602
v 0.971685 0.875917 1.964499
v 0.970800 0.922752 1.967498
v 1.169018 0.805912 2.030256
v 0.963995 0.802979 2.161304
v 0.949788 0.836474 2.163157
v 0.935276 0.872363 2.000559
v 0.980960 0.871199 2.005337
v 1.013788 0.861239 2.054758
v 1.039408 0.855787 2.070222
v 1.160566 0.852700 2.013309
v 1.215525 0.852275 1.946170
v 1.212084 0.804112 1.947942
v 1.001420 0.910674 2.031944
v 1.012263 0.924378 2.023962
v 1.148177 0.920659 1.974405
v 1.203156 0.914166 1.932573
v 1.019875 0.909762 2.046499
v 1.154732 0.905899 1.993923
v 1.206558 0.901728 1.945878
v 0.969659 0.780244 2.110053
v 1.149897 0.789069 1.999667
v 1.187303 0.789920 1.943624
v 0.981663 0.781856 2.029136
v 0.968600 0.781856 2.025257
v 0.994982 0.748369 2.340625
v 0.974788 0.833577 0.768914
v 0.898595 0.978128 2.030358
v 0.800248 1.182037 0.701869
v 0.786817 1.218623 0.926925
v 0.796718 1.206428 1.435797
v 0.816327 1.146339 1.704092
v 0.903968 0.967935 1.941409
v 0.990504 0.767268 1.992016
v 0.870415 1.035746 1.918600
v 0.804913 1.189269 1.405108
v 0.890059 0.996047 1.931953
v 0.829415 1.123644 1.697417
v 0.804358 1.190004 1.435063
v 0.814419 1.153746 0.707312
v 0.800730 1.194634 1.203575
v 0.801641 1.201720 0.927332
v 0.969521 0.844606 0.788641
v 0.813341 1.168523 0.719957
v 0.973245 0.836505 0.794468
v 0.975240 0.831672 0.804057
v 0.949387 0.734420 2.340464
v 0.960045 0.826456 0.769027
v 0.883647 0.971441 2.030221
v 0.785577 1.174789 0.702166
v 0.772137 1.211391 0.927127
v 0.782032 1.199198 1.435520
v 0.801819 1.138777 1.703615
v 0.889134 0.961007 1.941307
v 0.948261 0.753319 1.991856
v 0.855909 1.028167 1.918308
v 0.790196 1.182105 1.405183
v 0.875435 0.988694 1.931840
v 0.814917 1.116064 1.696957
v 0.789657 1.182809 1.434718
v 0.799758 1.146478 0.707578
v 0.786041 1.187417 1.203688
v 0.786962 1.194487 0.927542
v 0.954780 0.837491 0.788722
v 0.798676 1.161261 0.720233
v 0.958282 0.829871 0.794325
v 0.960227 0.825157 0.803897
v 1.181693 0.919033 1.898108
v 1.125399 0.926836 1.917106
v 1.176864 0.795361 1.891851
v 1.197577 0.905997 1.891495
v 1.195157 0.809640 1.886792
v 1.024566 0.786281 1.941245
v 0.992813 0.928865 1.960768
v 0.992085 0.807043 1.953286
v 1.003346 0.789587 1.948431
v 0.981782 0.874342 1.961136
v 0.980973 0.917155 1.963877
v 1.180635 0.916528 1.905373
v 1.126244 0.924056 1.923729
v 1.175970 0.797099 1.899332
v 1.196020 0.903951 1.898972
v 1.193682 0.810900 1.894431
v 1.028870 0.788323 1.947039
v 0.998208 0.926016 1.965891
v 0.997540 0.808379 1.958661
v 1.008381 0.791516 1.953978
v 0.987896 0.873413 1.966127
v 0.986814 0.914714 1.968886
v 1.093048 0.617583 1.081621
v 1.068399 0.664843 1.077464
v 1.068399 0.671387 0.900797
v 1.093020 0.623881 0.906018
v 1.102246 0.617469 1.081614
v 1.098049 0.664730 1.077458
v 1.098049 0.671273 0.900790
v 1.102217 0.623768 0.906011
vn 0.9980 -0.0627 -0.0032
vn 1.0000 -0.0080 -0.0006
vn 0.9217 0.3876 0.0139
vn 0.9843 -0.1765 0.0005
vn 0.8365 -0.5480 -0.0059
vn 0.9173 0.3981 0.0098
vn 0.8844 0.4662 0.0213
vn 0.8958 0.4444 0.0032
vn 0.8959 0.4443 0.0032
vn 0.9068 0.4215 0.0065
vn 0.8858 0.4626 0.0357
vn 0.8989 0.4111 -0.1516
vn 0.9173 0.3980 0.0098
vn 0.8229 0.5679 0.0202
vn 0.8431 0.5374 0.0183
vn 0.8312 0.5556 0.0220
vn 0.7515 0.6595 0.0194
vn 0.8975 0.4410 -0.0069
vn 0.8622 0.3642 -0.3521
vn 0.7538 0.6542 -0.0618
vn -0.0000 -0.2386 -0.9711
vn -0.0000 -0.0807 0.9967
vn -0.0000 -0.2065 -0.9785
vn -0.0000 -0.0258 0.9997
vn -0.0000 -0.2250 -0.9744
vn -0.0000 -0.2022 0.9794
vn -1.0000 -0.0001 -0.0000
vn -0.0000 -0.3308 -0.9437
vn -0.0000 -0.2429 0.9701
vn -0.0000 -0.9999 -0.0136
vn -0.0000 -0.3727 -0.9279
vn -0.0000 -0.2852 0.9585
vn -0.0000 0.0711 -0.9975
vn -0.0000 0.9985 0.0541
vn -0.0000 0.2813 0.9596
vn -1.0000 -0.0000 -0.0000
vn -0.8243 0.3272 -0.4619
vn -0.5541 -0.4742 0.6842
vn -0.8998 0.4356 0.0244
vn -0.3039 -0.9515 -0.0478
vn -0.9235 0.3608 0.1301
vn -0.3596 -0.8744 -0.3256
vn -0.8428 -0.2297 0.4868
vn -0.5303 0.3684 -0.7636
vn -0.8771 -0.4309 0.2120
vn -0.4722 0.7845 -0.4020
vn -0.9095 -0.4155 -0.0103
vn -0.3204 0.9470 0.0232
vn -0.8989 -0.3619 -0.2469
vn -0.4445 0.7371 0.5091
vn -0.8872 -0.2449 -0.3910
vn -0.4560 0.4779 0.7508
vn -0.8786 0.2865 0.3821
vn -0.4376 -0.5373 -0.7210
vn -0.8465 -0.0339 0.5313
vn -0.5204 0.0547 -0.8522
vn -0.8516 -0.1620 -0.4986
vn -0.4519 0.2716 0.8497
vn -0.2975 -0.3353 -0.8939
vn -0.7014 0.7125 0.0184
vn -0.3530 -0.2438 0.9033
vn 0.0001 -0.9999 -0.0137
vn -0.4112 -0.3375 -0.8467
vn -0.4341 -0.2552 0.8640
vn -1.0000 0.0001 -0.0000
vn -1.0000 0.0002 -0.0000
vn -1.0000 -0.0003 -0.0000
vn -0.0000 -0.0620 0.9981
vn -0.0001 -0.3088 -0.9511
vn 0.0002 0.9997 0.0234
vn -0.0000 -0.5435 -0.8394
vn -0.0000 -0.4432 0.8964
vn -0.0000 -0.8961 0.4439
vn -0.0001 -0.9997 -0.0226
vn -0.0000 -0.8322 -0.5544
vn -0.6754 -0.0435 0.7362
vn -0.6523 -0.2269 -0.7233
vn 0.0002 0.9997 0.0242
vn -0.5734 -0.4345 -0.6946
vn -0.6226 -0.3377 0.7059
vn -0.3380 -0.8375 0.4294
vn 0.0002 -0.9997 -0.0234
vn -0.3846 -0.7601 -0.5237
vn -1.0000 -0.0008 -0.0000
vn -1.0000 0.0004 0.0001
vn -1.0000 -0.0005 0.0001
vn -1.0000 0.0002 0.0001
vn -1.0000 -0.0000 0.0001
vn -1.0000 0.0010 -0.0000
vn -1.0000 0.0005 0.0001
vn -0.0004 0.9999 0.0109
vn -0.0004 0.9359 0.3522
vn -0.0002 0.4925 0.8703
vn 0.0004 -0.9993 -0.0375
vn -0.0002 0.4677 -0.8839
vn -1.0000 -0.0007 0.0001
vn -1.0000 0.0003 0.0001
vn -0.0000 0.0233 -0.9997
vn 1.0000 -0.0003 -0.0001
vn -0.0000 -0.0234 0.9997
vn -0.7246 0.6883 0.0350
vn -0.7336 -0.0052 0.6795
vn -0.7387 -0.6735 -0.0266
vn -0.7328 0.0042 -0.6804
vn 0.0009 -0.0016 1.0000
vn 0.0001 -0.9999 -0.0166
vn -0.0235 0.0398 -0.9989
vn -0.7630 0.6461 0.0178
vn -0.8271 0.0514 0.5597
vn -0.4307 0.6838 0.5890
vn 0.2777 -0.8664 0.4150
vn 0.0611 -0.9981 0.0049
vn -0.1690 -0.9845 -0.0462
vn -0.8492 -0.5045 -0.1558
vn -0.0088 0.9770 0.2132
vn -0.5847 0.7005 0.4092
vn 0.0786 0.9828 0.1670
vn 0.2125 0.9632 0.1644
vn 0.2155 0.8331 0.5094
vn 0.4723 0.7438 0.4730
vn 0.1256 -0.9840 0.1264
vn 0.4188 -0.8731 0.2496
vn 0.5526 -0.8321 -0.0468
vn 0.0552 -0.9977 0.0387
vn 0.1372 -0.2336 -0.9626
vn -0.9962 -0.0681 0.0547
vn -0.5303 0.2065 0.8223
vn 0.3664 0.4206 0.8300
vn 0.7183 0.2295 0.6568
vn 0.1493 0.9295 0.3371
vn -0.9271 0.0851 0.3649
vn 0.7854 0.6182 0.0309
vn 0.9913 -0.0748 -0.1080
vn 0.9828 0.1785 0.0477
vn 0.9885 -0.0175 -0.1505
vn 0.5249 0.2980 0.7973
vn 0.8277 0.1503 0.5407
vn -0.2551 0.7395 0.6229
vn 0.0820 -0.2120 -0.9738
vn 0.3024 -0.9516 -0.0540
vn -0.9594 -0.2816 -0.0150
vn -0.4117 0.7637 0.4973
vn 0.3991 -0.7586 -0.5150
vn -0.8844 -0.4663 -0.0214
vn -0.3847 0.7794 0.4946
vn -0.8959 -0.4442 -0.0031
vn 0.1325 -0.2589 -0.9568
vn -0.8959 -0.4443 -0.0031
vn 0.4382 -0.8984 0.0298
vn -0.9068 -0.4216 -0.0065
vn -0.4448 0.8663 0.2273
vn 0.4416 -0.8586 -0.2602
vn -0.8858 -0.4627 -0.0357
vn 0.4389 -0.8979 -0.0329
vn -0.4417 0.8967 0.0301
vn 0.4412 -0.8972 -0.0215
vn 0.0642 -0.1572 -0.9855
vn -0.0727 0.1730 0.9822
vn -0.8989 -0.4111 0.1517
vn 0.0598 -0.1590 -0.9855
vn 0.4389 -0.8830 0.1662
vn -0.4383 0.8826 -0.1697
vn -0.2330 0.4996 0.8344
vn -0.9068 -0.4214 -0.0063
vn 0.4162 -0.9081 -0.0453
vn -0.3577 0.8044 0.4743
vn -0.9170 -0.3988 -0.0101
vn -0.3131 0.0506 -0.9484
vn -0.3064 0.0639 -0.9498
vn -0.3078 0.0550 -0.9499
vn -0.3102 0.0698 -0.9481
vn -0.3286 0.0771 -0.9413
vn -0.3143 0.0671 -0.9470
vn -0.3198 0.0542 -0.9459
vn -0.3116 0.0713 -0.9475
vn -0.3117 0.0498 -0.9489
vn -0.3065 0.0576 -0.9501
vn -0.3073 0.0657 -0.9493
vn -0.2429 -0.9054 -0.3483
vn -0.3117 0.0601 -0.9483
vn 0.6524 0.1834 -0.7353
vn 0.6509 0.0641 -0.7565
vn -0.3654 0.0525 -0.9294
vn 0.0273 0.9362 -0.3503
vn -0.3117 0.0604 -0.9483
vn -0.6765 -0.6612 -0.3241
vn -0.6375 0.7306 -0.2447
vn -0.9802 0.0341 -0.1948
vn -0.3245 0.0577 -0.9441
vn -0.1349 0.9616 -0.2392
vn -0.1355 -0.9196 -0.3687
vn -0.3113 0.0604 -0.9484
vn 0.3808 -0.5763 -0.7231
vn 0.5294 0.5259 -0.6657
vn -0.3124 0.0600 -0.9481
vn -0.8975 -0.4410 0.0069
vn -0.7514 -0.6595 -0.0194
vn -0.7538 -0.6542 0.0618
vn -0.8621 -0.3645 0.3521
vn 0.0038 0.9993 0.0370
vn -0.0010 -0.1095 -0.9940
vn -0.0124 -0.9993 -0.0358
vn 0.0009 0.0879 0.9961
vn 0.9961 0.0882 0.0031
vt 0.467420 0.656570
vt 0.605250 0.661430
vt 0.609200 0.677490
vt 0.466140 0.672490
vt 0.613710 0.698890
vt 0.465620 0.692550
vt 0.467950 0.654000
vt 0.604340 0.657500
vt 0.470900 0.642240
vt 0.599830 0.644620
vt 0.473360 0.633990
vt 0.596230 0.635660
vt 0.353870 0.825970
vt 0.353710 0.825980
vt 0.353140 0.825560
vt 0.353780 0.825600
vt 0.354310 0.826290
vt 0.353910 0.826090
vt 0.353890 0.826020
vt 0.354320 0.826250
vt 0.354800 0.826370
vt 0.354860 0.826370
vt 0.354800 0.826400
vt 0.355990 0.825740
vt 0.356030 0.825720
vt 0.356140 0.826310
vt 0.356110 0.826310
vt 0.355980 0.825720
vt 0.355960 0.825710
vt 0.612600 0.714470
vt 0.609410 0.714300
vt 0.501450 0.708440
vt 0.469770 0.706730
vt 0.355230 0.826380
vt 0.355740 0.826370
vt 0.355740 0.826430
vt 0.356150 0.826360
vt 0.382290 0.850860
vt 0.382000 0.849680
vt 0.371840 0.849320
vt 0.371740 0.850490
vt 0.382620 0.852440
vt 0.371700 0.851970
vt 0.381930 0.849390
vt 0.371880 0.849130
vt 0.359580 0.841290
vt 0.358830 0.839150
vt 0.337310 0.838750
vt 0.336820 0.840710
vt 0.358230 0.837650
vt 0.337720 0.837370
vt 0.382540 0.853590
vt 0.382310 0.853570
vt 0.372010 0.853020
vt 0.374350 0.853140
vt 0.374350 0.852080
vt 0.374350 0.850580
vt 0.373700 0.849820
vt 0.382140 0.852420
vt 0.381640 0.850840
vt 0.381950 0.852710
vt 0.376890 0.852450
vt 0.376090 0.852160
vt 0.375370 0.851170
vt 0.375400 0.850620
vt 0.375630 0.850140
vt 0.376100 0.849890
vt 0.380970 0.850010
vt 0.381240 0.850210
vt 0.461360 0.870000
vt 0.461770 0.869350
vt 0.449890 0.869420
vt 0.448080 0.868760
vt 0.447030 0.864200
vt 0.446520 0.865280
vt 0.448100 0.863640
vt 0.459140 0.863910
vt 0.459750 0.864350
vt 0.460640 0.865770
vt 0.446440 0.866520
vt 0.372080 0.852800
vt 0.372000 0.854040
vt 0.386520 0.854290
vt 0.386200 0.853290
vt 0.354600 0.841730
vt 0.353710 0.840300
vt 0.340990 0.840160
vt 0.340480 0.841240
vt 0.342060 0.839590
vt 0.353090 0.839870
vt 0.344000 0.840190
vt 0.343410 0.841340
vt 0.351440 0.840630
vt 0.351880 0.841630
vt 0.350390 0.840270
vt 0.383480 0.853190
vt 0.375000 0.852900
vt 0.029480 0.974780
vt 0.028420 0.974420
vt 0.022030 0.974350
vt 0.021440 0.975490
vt 0.029910 0.975790
vt 0.027650 0.987420
vt 0.020300 0.987290
vt 0.240960 0.945790
vt 0.242110 0.945830
vt 0.240910 0.945520
vt 0.242050 0.945550
vt 0.045160 0.962020
vt 0.043670 0.962430
vt 0.047180 0.962120
vt 0.046370 0.962570
vt 0.349880 0.832150
vt 0.349030 0.832350
vt 0.349360 0.832540
vt 0.349490 0.833520
vt 0.349420 0.833520
vt 0.349420 0.832740
vt 0.350460 0.832670
vt 0.350460 0.832480
vt 0.349490 0.833000
vt 0.350400 0.833000
vt 0.349810 0.833450
vt 0.350400 0.833450
vt 0.350530 0.832220
vt 0.349620 0.833840
vt 0.350460 0.833650
vt 0.343120 0.850820
vt 0.347920 0.827530
vt 0.346820 0.827790
vt 0.350720 0.830000
vt 0.350850 0.828440
vt 0.350790 0.827590
vt 0.350070 0.830520
vt 0.350530 0.830390
vt 0.346490 0.828180
vt 0.346490 0.830260
vt 0.346880 0.830520
vt 0.350590 0.827400
vt 0.376480 0.954440
vt 0.377520 0.951450
vt 0.376410 0.951710
vt 0.380380 0.951510
vt 0.380320 0.953920
vt 0.380450 0.952360
vt 0.380190 0.951320
vt 0.379670 0.954440
vt 0.380120 0.954310
vt 0.376090 0.954180
vt 0.376090 0.952100
vt 0.048090 0.976510
vt 0.017250 0.975190
vt 0.047170 0.971920
vt 0.016520 0.970650
s 0
usemtl mat1
f 1092/1013/784 1099/1014/784 1098/1015/784 1091/1016/784
f 1091/1016/785 1098/1015/785 1097/1017/785 1090/1018/785
f 1093/1019/786 1100/1020/786 1099/1014/786 1092/1013/786
f 1094/1021/787 1101/1022/787 1100/1020/787 1093/1019/787
f 1095/1023/788 1102/1024/788 1101/1022/788 1094/1021/788
f 1108/1025/789 1103/1026/789 1089/1027/789 1109/1028/789
f 1107/1029/790 1110/1030/790 1112/1031/790 1113/1032/790
f 1112/1031/791 1110/1030/791 1103/1026/791
f 1103/1026/792 1108/1025/792 1112/1031/792
f 1114/1033/793 1111/1034/793 1106/1035/793
f 1106/1035/794 1107/1029/794 1113/1032/794 1114/1033/794
f 1118/1036/795 1096/1037/795 1115/1038/795 1119/1039/795
f 1120/1040/793 1096/1037/793 1118/1036/793
f 1121/1041/796 1096/1037/796 1120/1040/796
f 1097/1017/797 1096/1042/797 1121/1043/797
f 1109/1044/798 1089/1045/798 1090/1018/798
f 1090/1018/799 1097/1017/799 1121/1043/799 1109/1044/799
f 1116/1046/800 1117/1047/800 1105/1048/800
f 1105/1048/801 1106/1035/801 1111/1034/801 1116/1046/801
f 1119/1039/802 1115/1038/802 1104/1049/802
f 1104/1049/803 1105/1048/803 1117/1047/803 1119/1039/803
f 1131/1050/804 1132/1051/804 1148/1051/804 1147/1050/804
f 1125/1052/805 1124/1053/805 1140/1053/805 1141/1052/805
f 1130/1054/806 1131/1050/806 1147/1050/806 1146/1054/806
f 1124/1053/807 1123/1055/807 1139/1055/807 1140/1053/807
f 1132/1051/808 1133/1056/808 1149/1056/808 1148/1051/808
f 1126/1057/809 1125/1052/809 1141/1052/809 1142/1057/809
f 1141/1052/810 1148/1051/810 1149/1056/810 1142/1057/810
f 1133/1058/811 1134/1059/811 1150/1059/811 1149/1058/811
f 1127/1060/812 1126/1061/812 1142/1061/812 1143/1060/812
f 1135/1062/813 1128/1063/813 1144/1063/813 1151/1062/813
f 1134/1059/814 1135/1062/814 1151/1062/814 1150/1059/814
f 1128/1063/815 1127/1060/815 1143/1060/815 1144/1063/815
f 1129/1064/816 1130/1054/816 1146/1054/816 1145/1064/816
f 1137/1065/817 1129/1064/817 1145/1064/817 1153/1065/817
f 1153/1065/810 1145/1064/810 1146/1054/810
f 1122/1066/817 1136/1067/817 1152/1067/817 1138/1066/817
f 1123/1055/818 1122/1066/818 1138/1066/818 1139/1055/818
f 1139/1055/810 1138/1066/810 1152/1067/810
f 1136/1067/817 1137/1065/817 1153/1065/817 1152/1067/817
f 1154/1068/810 1139/1055/810 1152/1067/810
f 1155/1069/819 1140/1053/819 1139/1055/819 1154/1068/819
f 1156/1070/819 1141/1052/819 1140/1053/819 1155/1069/819
f 1158/1071/819 1146/1054/819 1147/1050/819 1163/1072/819
f 1153/1065/810 1146/1054/810 1158/1071/810 1159/1073/810
f 1160/1074/810 1157/1075/810 1154/1068/810 1152/1067/810
f 1152/1067/810 1153/1065/810 1159/1073/810 1160/1074/810
f 1162/1076/819 1161/1077/819 1155/1069/819 1154/1068/819
f 1154/1068/819 1157/1075/819 1162/1076/819
f 1156/1070/819 1155/1069/819 1161/1077/819 1164/1078/819
f 1156/1070/819 1164/1078/819 1165/1079/819
f 1148/1051/819 1166/1080/819 1167/1081/819
f 1167/1081/819 1163/1072/819 1147/1050/819 1148/1051/819
f 1165/1079/819 1166/1080/819 1148/1051/819 1141/1052/819
f 1141/1052/819 1156/1070/819 1165/1079/819
f 1159/1082/820 1158/1083/820 1169/1083/820 1170/1082/820
f 1170/1082/821 1169/1083/821 1180/1083/821 1181/1082/821
f 1160/1084/822 1159/1082/822 1170/1082/822 1171/1084/822
f 1171/1084/823 1170/1082/823 1181/1082/823 1182/1084/823
f 1157/1085/824 1160/1084/824 1171/1084/824 1168/1085/824
f 1168/1085/825 1171/1084/825 1182/1084/825 1179/1085/825
f 1182/1084/810 1181/1082/810 1180/1083/810 1179/1085/810
f 1164/1086/826 1161/1087/826 1172/1087/826 1175/1086/826
f 1175/1086/827 1172/1087/827 1183/1087/827 1186/1086/827
f 1165/1088/828 1164/1086/828 1175/1086/828 1176/1088/828
f 1176/1088/829 1175/1086/829 1186/1086/829 1187/1088/829
f 1166/1089/830 1165/1088/830 1176/1088/830 1177/1089/830
f 1177/1089/831 1176/1088/831 1187/1088/831 1188/1089/831
f 1167/1090/832 1166/1089/832 1177/1089/832 1178/1090/832
f 1178/1090/833 1177/1089/833 1188/1089/833 1189/1090/833
f 1163/1091/834 1167/1090/834 1178/1090/834 1174/1091/834
f 1174/1091/835 1178/1090/835 1189/1090/835 1185/1091/835
f 1162/1092/836 1157/1085/836 1168/1085/836 1173/1092/836
f 1173/1092/837 1168/1085/837 1179/1085/837 1184/1092/837
f 1161/1087/838 1162/1092/838 1173/1092/838 1172/1087/838
f 1172/1087/839 1173/1092/839 1184/1092/839 1183/1087/839
f 1158/1083/840 1163/1091/840 1174/1091/840 1169/1083/840
f 1169/1083/841 1174/1091/841 1185/1091/841 1180/1083/841
f 1149/1058/842 1150/1059/842 1194/1059/842 1193/1058/842
f 1142/1061/843 1149/1058/843 1193/1058/843 1190/1061/843
f 1143/1060/844 1142/1061/844 1190/1061/844 1191/1060/844
f 1190/1061/819 1193/1058/819 1194/1059/819 1191/1060/819
f 1151/1062/845 1144/1063/845 1192/1063/845 1195/1062/845
f 1150/1059/846 1151/1062/846 1195/1062/846 1194/1059/846
f 1144/1063/847 1143/1060/847 1191/1060/847 1192/1063/847
f 1191/1060/848 1194/1059/848 1195/1062/848 1192/1063/848
f 1189/1090/849 1188/1089/849 1187/1088/849 1186/1086/849
f 1186/1086/850 1183/1087/850 1185/1091/850 1189/1090/850
f 1184/1092/850 1179/1085/850 1180/1083/850
f 1180/1083/849 1185/1091/849 1183/1087/849 1184/1092/849
f 1196/1093/851 1197/1094/851 1205/1094/851 1204/1093/851
f 1203/1095/852 1198/1096/852 1206/1096/852 1211/1095/852
f 1197/1094/853 1203/1095/853 1211/1095/853 1205/1094/853
f 1198/1097/854 1202/1098/854 1210/1098/854 1206/1097/854
f 1199/1099/855 1196/1100/855 1204/1100/855 1207/1099/855
f 1200/1101/856 1199/1099/856 1207/1099/856 1208/1101/856
f 1201/1102/857 1200/1101/857 1208/1101/857 1209/1102/857
f 1202/1098/858 1201/1102/858 1209/1102/858 1210/1098/858
f 1204/1093/859 1205/1094/859 1213/1094/859 1212/1093/859
f 1211/1095/860 1206/1096/860 1214/1096/860 1219/1095/860
f 1205/1094/861 1211/1095/861 1219/1095/861 1213/1094/861
f 1206/1097/862 1210/1098/862 1218/1098/862 1214/1097/862
f 1207/1099/863 1204/1100/863 1212/1100/863 1215/1099/863
f 1208/1101/864 1207/1099/864 1215/1099/864 1216/1101/864
f 1209/1102/865 1208/1101/865 1216/1101/865 1217/1102/865
f 1210/1098/866 1209/1102/866 1217/1102/866 1218/1098/866
f 1223/1103/867 1215/1099/867 1212/1100/867 1224/1104/867
f 1216/1101/868 1215/1099/868 1223/1103/868
f 1222/1105/819 1221/1106/819 1214/1097/819 1218/1098/819
f 1218/1098/869 1220/1107/869 1222/1105/869
f 1217/1102/870 1216/1101/870 1223/1103/870 1220/1107/870
f 1220/1107/871 1218/1098/871 1217/1102/871
f 1219/1095/819 1214/1096/819 1221/1108/819
f 1224/1109/872 1212/1093/872 1213/1094/872
f 1213/1094/873 1219/1095/873 1221/1108/873 1224/1109/873
f 1220/1107/874 1223/1103/874 1228/1103/874 1225/1107/874
f 1222/1105/875 1220/1107/875 1225/1107/875 1227/1105/875
f 1221/1106/876 1222/1105/876 1227/1105/876 1226/1106/876
f 1224/1109/877 1221/1108/877 1226/1108/877 1229/1109/877
f 1223/1103/878 1224/1104/878 1229/1104/878 1228/1103/878
f 1227/1110/879 1225/1111/879 1228/1112/879 1229/1113/879
f 1229/1113/819 1226/1114/819 1227/1110/819
f 1230/1115/880 1232/1116/880 1236/1116/880 1234/1115/880
f 1231/1115/881 1230/1115/881 1234/1115/881 1235/1115/881
f 1233/1116/882 1231/1115/882 1235/1115/882 1237/1116/882
f 1232/1116/883 1233/1116/883 1237/1116/883 1236/1116/883
f 1237/1116/853 1235/1115/853 1234/1115/853 1236/1116/853
f 1240/1117/884 1238/1118/884 1242/1118/884 1244/1117/884
f 1241/1119/885 1240/1117/885 1244/1117/885 1245/1119/885
f 1239/1120/886 1241/1119/886 1245/1119/886 1243/1120/886
f 1238/1118/887 1239/1120/887 1243/1120/887 1242/1118/887
f 1243/1120/810 1245/1119/810 1244/1117/810 1242/1118/810
f 1247/1121/888 1246/1122/888 1250/1122/888 1251/1121/888
f 1248/1123/889 1247/1121/889 1251/1121/889 1252/1123/889
f 1249/1124/890 1248/1123/890 1252/1123/890 1253/1124/890
f 1246/1122/891 1249/1124/891 1253/1124/891 1250/1122/891
f 1253/1124/810 1252/1123/810 1251/1121/810 1250/1122/810
f 1269/1125/892 1270/1126/892 1275/1127/892
f 1276/1128/893 1275/1128/893 1279/1128/893
f 1265/1128/894 1266/1129/894 1282/1129/894
f 1259/1128/895 1256/1128/895 1284/1128/895
f 1285/1128/896 1262/1128/896 1259/1128/896
f 1261/1128/897 1262/1128/897 1285/1128/897
f 1269/1128/898 1268/1128/898 1267/1129/898 1270/1128/898
f 1276/1130/899 1260/1131/899 1264/1132/899 1275/1127/899
f 1277/1133/900 1255/1134/900 1260/1131/900 1276/1130/900
f 1278/1135/901 1254/1136/901 1255/1134/901 1277/1133/901
f 1280/1128/902 1277/1128/902 1276/1128/902 1279/1128/902
f 1281/1128/903 1278/1128/903 1277/1128/903 1280/1128/903
f 1265/1128/904 1282/1129/904 1285/1128/904 1283/1128/904
f 1265/1128/905 1283/1128/905 1284/1128/905 1274/1128/905
f 1274/1128/906 1284/1128/906 1256/1128/906 1258/1128/906
f 1284/1128/907 1283/1128/907 1285/1128/907 1259/1128/907
f 1268/1128/908 1269/1128/908 1285/1128/908 1286/1128/908
f 1261/1128/909 1285/1128/909 1269/1128/909 1263/1128/909
f 1271/1128/910 1279/1128/910 1275/1128/910 1270/1128/910
f 1272/1128/911 1280/1128/911 1279/1128/911 1271/1128/911
f 1273/1128/912 1281/1128/912 1280/1128/912 1272/1128/912
f 1270/1128/913 1267/1129/913 1272/1128/913 1271/1128/913
f 1275/1127/914 1264/1132/914 1263/1137/914 1269/1125/914
f 1254/1136/915 1278/1135/915 1281/1138/915 1257/1139/915
f 1273/1128/916 1274/1128/916 1258/1128/916
f 1257/1139/917 1281/1138/917 1273/1128/917
f 1273/1128/918 1258/1128/918 1257/1139/918
f 1267/1129/919 1266/1129/919 1265/1128/919 1272/1128/919
f 1272/1128/920 1265/1128/920 1274/1128/920 1273/1128/920
f 1308/1140/921 1287/1140/921 1289/1140/921 1310/1140/921
f 1315/1140/922 1294/1140/922 1295/1140/922 1316/1140/922
f 1316/1140/923 1295/1140/923 1287/1140/923 1308/1140/923
f 1310/1140/924 1315/1140/924 1316/1140/924 1308/1140/924
f 1317/1140/925 1296/1140/925 1293/1140/925 1314/1140/925
f 1320/1140/926 1299/1140/926 1298/1140/926 1319/1140/926
f 1317/1140/927 1314/1140/927 1320/1140/927 1319/1140/927
f 1310/1140/928 1289/1140/928 1296/1140/928 1317/1140/928
f 1319/1140/929 1310/1140/929 1317/1140/929
f 1319/1140/930 1298/1140/930 1294/1140/930 1315/1140/930
f 1310/1140/931 1319/1140/931 1315/1140/931
f 1318/1140/932 1297/1140/932 1300/1140/932 1321/1140/932
f 1321/1140/933 1313/1140/933 1318/1140/933
f 1314/1140/934 1293/1140/934 1292/1140/934 1313/1140/934
f 1321/1140/935 1300/1140/935 1299/1140/935 1320/1140/935
f 1314/1140/936 1313/1140/936 1321/1140/936 1320/1140/936
f 1323/1140/937 1302/1140/937 1297/1140/937 1318/1140/937
f 1313/1140/938 1292/1140/938 1291/1140/938 1312/1140/938
f 1324/1140/939 1303/1140/939 1302/1140/939 1323/1140/939
f 1322/1140/940 1301/1140/940 1288/1140/940 1309/1140/940
f 1325/1140/941 1304/1140/941 1305/1140/941 1326/1140/941
f 1309/1140/942 1325/1140/942 1326/1140/942 1322/1140/942
f 1311/1140/943 1290/1140/943 1301/1140/943 1322/1140/943
f 1326/1140/944 1305/1140/944 1303/1140/944 1324/1140/944
f 1312/1140/945 1291/1140/945 1290/1140/945 1311/1140/945
f 1327/1140/946 1306/1140/946 1304/1140/946 1325/1140/946
f 1327/1140/947 1325/1140/947 1309/1140/947
f 1309/1140/948 1288/1140/948 1307/1140/948 1328/1140/948
f 1328/1140/949 1307/1140/949 1306/1140/949 1327/1140/949
f 1328/1140/950 1327/1140/950 1309/1140/950
f 1255/1141/951 1254/1142/951 1329/1142/951 1330/1141/951
f 1261/1143/952 1263/1144/952 1338/1144/952 1336/1143/952
f 1263/1144/953 1264/1145/953 1339/1145/953 1338/1144/953
f 1259/1146/954 1262/1147/954 1337/1147/954 1334/1146/954
f 1254/1142/955 1257/1148/955 1332/1148/955 1329/1142/955
f 1258/1149/956 1256/1150/956 1331/1150/956 1333/1149/956
f 1257/1148/957 1258/1149/957 1333/1149/957 1332/1148/957
f 1256/1150/958 1259/1146/958 1334/1146/958 1331/1150/958
f 1260/1151/959 1255/1141/959 1330/1141/959 1335/1151/959
f 1264/1145/960 1260/1151/960 1335/1151/960 1339/1145/960
f 1262/1147/961 1261/1143/961 1336/1143/961 1337/1147/961
f 1330/1141/962 1329/1142/962 1340/1142/962 1341/1141/962
f 1342/1152/963 1341/1153/963 1340/1154/963
f 1336/1143/964 1338/1144/964 1349/1144/964 1347/1143/964
f 1338/1144/965 1339/1145/965 1350/1145/965 1349/1144/965
f 1350/1155/966 1347/1156/966 1349/1157/966
f 1334/1146/967 1337/1147/967 1348/1147/967 1345/1146/967
f 1346/1158/968 1345/1159/968 1348/1160/968
f 1329/1142/969 1332/1148/969 1343/1148/969 1340/1142/969
f 1333/1149/970 1331/1150/970 1342/1150/970 1344/1149/970
f 1332/1148/971 1333/1149/971 1344/1149/971 1343/1148/971
f 1344/1161/972 1342/1152/972 1340/1154/972 1343/1162/972
f 1331/1150/973 1334/1146/973 1345/1146/973 1342/1150/973
f 1335/1151/974 1330/1141/974 1341/1141/974 1346/1151/974
f 1346/1158/975 1341/1153/975 1342/1152/975 1345/1159/975
f 1339/1145/976 1335/1151/976 1346/1151/976 1350/1145/976
f 1337/1147/977 1336/1143/977 1347/1143/977 1348/1147/977
f 1348/1160/978 1347/1156/978 1350/1155/978 1346/1158/978
f 1323/1140/979 1318/1140/979 1313/1140/979 1312/1140/979
f 1312/1140/980 1324/1140/980 1323/1140/980
f 1326/1140/981 1324/1140/981 1312/1140/981 1311/1140/981
f 1311/1140/982 1322/1140/982 1326/1140/982
f 1353/1163/983 1352/1164/983 1356/1164/983 1357/1163/983
f 1354/1165/984 1353/1163/984 1357/1163/984 1358/1165/984
f 1351/1166/985 1354/1165/985 1358/1165/985 1355/1166/985
f 1352/1164/986 1351/1166/986 1355/1166/986 1356/1164/986
f 1355/1166/987 1358/1165/987 1357/1163/987 1356/1164/987
o doorR
v -0.994982 0.748369 2.340625
v -1.093413 0.592375 2.386354
v -1.092064 0.371625 2.380651
v -1.081684 0.196498 2.366477
v -1.091159 0.168201 2.360636
v -1.069273 0.038750 2.328221
v -1.006399 -0.052074 2.301192
v -0.974788 0.833577 0.768914
v -1.093412 0.662129 0.756687
v -1.091150 0.426644 0.806378
v -1.079508 0.249942 0.849800
v -1.100079 0.206646 0.859798
v -1.073325 0.064957 0.909470
v -1.012182 -0.033660 0.949082
v -0.898595 0.978128 2.030358
v -0.800248 1.182037 0.701869
v -0.786817 1.218623 0.926925
v -0.796718 1.206428 1.435797
v -0.816327 1.146339 1.704092
v -0.903968 0.967935 1.941409
v -0.990504 0.767268 1.992016
v -0.870415 1.035746 1.918600
v -0.804913 1.189269 1.405108
v -0.890059 0.996047 1.931953
v -0.829415 1.123644 1.697417
v -0.804358 1.190004 1.435063
v -0.814419 1.153746 0.707312
v -0.800730 1.194634 1.203575
v -0.801641 1.201720 0.927332
v -0.969521 0.844606 0.788641
v -0.813341 1.168523 0.719957
v -0.973245 0.836505 0.794468
v -0.975240 0.831672 0.804057
v -0.994982 0.748369 2.340625
v -1.093413 0.592375 2.386354
v -1.092064 0.371625 2.380651
v -1.081684 0.196498 2.366477
v -1.091159 0.168201 2.360636
v -1.069273 0.038750 2.328221
v -1.006399 -0.052074 2.301192
v -0.974788 0.833577 0.768914
v -1.093412 0.662129 0.756687
v -1.091150 0.426644 0.806378
v -1.079508 0.249942 0.849800
v -1.100079 0.206646 0.859798
v -1.073325 0.064957 0.909470
v -1.012182 -0.033660 0.949082
v -0.990504 0.767268 1.992016
v -0.975240 0.831672 0.804057
v -0.944291 0.748369 2.340625
v -0.944306 0.592375 2.386354
v -0.944306 0.371625 2.380651
v -0.944304 0.196498 2.366477
v -0.944306 0.168201 2.360636
v -0.944302 0.038750 2.328221
v -0.944293 -0.052074 2.301192
v -0.944288 0.833577 0.768914
v -0.944306 0.662129 0.756687
v -0.944306 0.426644 0.806378
v -0.944304 0.249942 0.849800
v -0.944307 0.206646 0.859798
v -0.944303 0.064957 0.909470
v -0.944294 -0.033660 0.949082
v -0.944291 0.767268 1.992016
v -0.944288 0.831672 0.804057
v -0.944306 0.609252 1.992046
v -0.944306 0.385218 1.991711
v -0.944305 0.271819 2.088162
v -0.944306 0.620402 1.731539
v -0.944306 0.659020 0.829331
v -0.944300 0.702129 0.858781
v -0.944301 0.663296 1.618370
v -0.944306 0.390710 1.834577
v -0.944307 0.472751 1.839972
v -0.944306 0.423245 0.903613
v -0.944305 0.319833 1.801074
v -0.944306 0.282451 1.730213
v -0.944306 0.300423 1.003037
v -0.944306 0.329269 0.962538
v -0.937625 0.608564 1.722758
v -0.935073 0.657161 0.843392
v -0.935845 0.688109 0.865037
v -0.939007 0.648728 1.615377
v -0.935918 0.394111 1.821597
v -0.936060 0.468614 1.826404
v -0.937120 0.429168 0.916276
v -0.935886 0.329568 1.791156
v -0.937733 0.296785 1.727026
v -0.937837 0.314605 1.007584
v -0.937085 0.339033 0.972737
v -0.981284 0.599231 1.701606
v -0.981284 0.643836 0.871156
v -0.981280 0.671642 0.890850
v -0.981284 0.636713 1.598944
v -0.981283 0.401844 1.794503
v -0.981326 0.470956 1.798795
v -0.981283 0.433472 0.939461
v -0.981320 0.342578 1.765201
v -0.981308 0.312285 1.704066
v -0.981285 0.328655 1.026351
v -0.981284 0.350951 0.992891
v -0.923482 0.147702 2.349490
v -0.923479 0.038752 2.317558
v -0.923470 -0.052072 2.290929
v -0.923484 0.186147 0.870942
v -0.923480 0.064958 0.919877
v -0.923471 -0.033658 0.958901
v -0.997534 0.401844 1.815598
v -0.997600 0.470956 1.819890
v -0.997534 0.433472 0.915303
v -0.997590 0.342578 1.786296
v -0.997572 0.312285 1.725161
v -0.997536 0.328655 1.002193
v -0.997534 0.350951 0.968734
v -0.997534 0.492586 0.896109
v -0.937280 0.401846 1.815599
v -0.937346 0.470968 1.819891
v -0.937280 0.433477 0.915304
v -0.937336 0.342570 1.786297
v -0.937318 0.312290 1.725163
v -0.937283 0.328660 1.002195
v -0.937280 0.350943 0.968735
v -0.937280 0.492598 0.896111
v -0.905145 0.401847 1.786264
v -0.905211 0.470975 1.790267
v -0.905145 0.433479 0.943636
v -0.905200 0.342565 1.758938
v -0.905183 0.312292 1.701927
v -0.905147 0.328663 1.024667
v -0.905145 0.350939 0.993463
v -0.905145 0.492605 0.925737
v -0.905159 0.348750 1.193506
v -0.905145 0.427388 1.105901
v -0.905146 0.369362 1.138737
v -0.905187 0.344546 1.577888
v -0.905145 0.408401 1.611676
v -0.920614 0.348756 1.193506
v -0.920599 0.427393 1.105901
v -0.920600 0.369368 1.138737
v -0.920642 0.344551 1.577887
v -0.920599 0.408407 1.611675
v -0.931573 0.488844 1.056458
v -0.982429 0.488831 1.056457
v -0.931602 0.477893 1.524140
v -0.982457 0.477881 1.524139
v -0.931574 0.492683 1.056548
v -0.982430 0.492670 1.056546
v -0.931603 0.481732 1.524230
v -0.982458 0.481720 1.524229
v -0.944304 0.282606 0.939329
v -0.944307 0.229176 0.939456
v -0.944304 0.275000 1.105848
v -0.944307 0.223705 1.105913
v -0.936222 0.274490 0.948445
v -0.936225 0.238824 0.947757
v -0.936222 0.266059 1.097507
v -0.936225 0.231820 1.096796
v -0.946357 0.750933 1.717364
v -0.946363 0.678958 1.717268
v -0.946362 0.682213 1.521404
v -0.946355 0.756249 1.523925
v -0.928083 0.729353 1.717364
v -0.928090 0.678956 1.717268
v -0.928089 0.682211 1.521405
v -0.928082 0.734669 1.523925
v -1.190374 0.924806 1.895550
v -1.128792 0.933341 1.916333
v -1.185092 0.789517 1.888706
v -1.207749 0.910545 1.888316
v -1.205102 0.805138 1.883172
v -1.018487 0.779584 1.942740
v -0.983752 0.935562 1.964096
v -0.982956 0.802297 1.955912
v -0.995275 0.783201 1.950602
v -0.971685 0.875917 1.964499
v -0.970800 0.922752 1.967498
v -1.169018 0.805912 2.030256
v -0.963995 0.802979 2.161304
v -0.949788 0.836474 2.163157
v -0.935276 0.872363 2.000559
v -0.980960 0.871199 2.005337
v -1.013788 0.861239 2.054758
v -1.039408 0.855787 2.070222
v -1.160566 0.852700 2.013309
v -1.215525 0.852275 1.946170
v -1.212084 0.804112 1.947942
v -1.001420 0.910674 2.031944
v -1.012263 0.924378 2.023962
v -1.148177 0.920659 1.974405
v -1.203156 0.914166 1.932573
v -1.019875 0.909762 2.046499
v -1.154732 0.905899 1.993923
v -1.206558 0.901728 1.945878
v -0.969659 0.780244 2.110053
v -1.149897 0.789069 1.999667
v -1.187303 0.789920 1.943624
v -0.981663 0.781856 2.029136
v -0.968600 0.781856 2.025257
v -0.994982 0.748369 2.340625
v -0.974788 0.833577 0.768914
v -0.898595 0.978128 2.030358
v -0.800248 1.182037 0.701869
v -0.786817 1.218623 0.926925
v -0.796718 1.206428 1.435797
v -0.816327 1.146339 1.704092
v -0.903968 0.967935 1.941409
v -0.990504 0.767268 1.992016
v -0.870415 1.035746 1.918600
v -0.804913 1.189269 1.405108
v -0.890059 0.996047 1.931953
v -0.829415 1.123644 1.697417
v -0.804358 1.190004 1.435063
v -0.814419 1.153746 0.707312
v -0.800730 1.194634 1.203575
v -0.801641 1.201720 0.927332
v -0.969521 0.844606 0.788641
v -0.813341 1.168523 0.719957
v -0.973245 0.836505 0.794468
v -0.975240 0.831672 0.804057
v -0.949387 0.734420 2.340464
v -0.960045 0.826456 0.769027
v -0.883647 0.971441 2.030221
v -0.785577 1.174789 0.702166
v -0.772137 1.211391 0.927127
v -0.782032 1.199198 1.435520
v -0.801819 1.138777 1.703615
v -0.889134 0.961007 1.941307
v -0.948261 0.753319 1.991856
v -0.855909 1.028167 1.918308
v -0.790196 1.182105 1.405183
v -0.875435 0.988694 1.931840
v -0.814917 1.116064 1.696957
v -0.789657 1.182809 1.434718
v -0.799758 1.146478 0.707578
v -0.786041 1.187417 1.203688
v -0.786962 1.194487 0.927542
v -0.954780 0.837491 0.788722
v -0.798676 1.161261 0.720233
v -0.958282 0.829871 0.794325
v -0.960227 0.825157 0.803897
v -1.181693 0.919033 1.898108
v -1.125399 0.926836 1.917106
v -1.176864 0.795361 1.891851
v -1.197577 0.905997 1.891495
v -1.195157 0.809640 1.886792
v -1.024566 0.786281 1.941245
v -0.992813 0.928865 1.960768
v -0.992085 0.807043 1.953286
v -1.003346 0.789587 1.948431
v -0.981782 0.874342 1.961136
v -0.980973 0.917155 1.963877
v -1.180635 0.916528 1.905373
v -1.126244 0.924056 1.923729
v -1.175970 0.797099 1.899332
v -1.196020 0.903951 1.898972
v -1.193682 0.810900 1.894431
v -1.028870 0.788323 1.947039
v -0.998208 0.926016 1.965891
v -0.997540 0.808379 1.958661
v -1.008381 0.791516 1.953978
v -0.987896 0.873413 1.966127
v -0.986814 0.914714 1.968886
v -1.093048 0.617583 1.081621
v -1.068399 0.664843 1.077464
v -1.068399 0.671387 0.900797
v -1.093020 0.623881 0.906018
v -1.102246 0.617469 1.081614
v -1.098049 0.664730 1.077458
v -1.098049 0.671273 0.900790
v -1.102217 0.623768 0.906011
vn -0.9980 -0.0627 -0.0032
vn -1.0000 -0.0080 -0.0006
vn -0.9217 0.3876 0.0139
vn -0.9843 -0.1765 0.0005
vn -0.8365 -0.5480 -0.0059
vn -0.9173 0.3981 0.0098
vn -0.8844 0.4662 0.0213
vn -0.8958 0.4444 0.0032
vn -0.8959 0.4443 0.0032
vn -0.9068 0.4215 0.0065
vn -0.8858 0.4626 0.0357
vn -0.8588 0.5124 0.0012
vn -0.8989 0.4111 -0.1516
vn -0.9173 0.3980 0.0098
vn -0.8229 0.5679 0.0202
vn -0.8431 0.5374 0.0183
vn -0.8312 0.5556 0.0220
vn -0.7538 0.6542 -0.0618
vn -0.8622 0.3642 -0.3521
vn -0.0000 -0.2386 -0.9711
vn -0.0000 -0.0807 0.9967
vn -0.0000 -0.2065 -0.9785
vn -0.0000 -0.0258 0.9997
vn -0.0000 -0.2250 -0.9744
vn -0.0000 -0.2022 0.9794
vn 1.0000 -0.0001 -0.0000
vn -0.0000 -0.3308 -0.9437
vn -0.0000 -0.2429 0.9701
vn -0.0000 -0.9999 -0.0136
vn -0.0000 -0.3727 -0.9279
vn -0.0000 -0.2852 0.9585
vn -0.0000 0.0711 -0.9975
vn -0.0000 0.9985 0.0541
vn -0.0000 0.2813 0.9596
vn 1.0000 -0.0000 -0.0000
vn 0.8243 0.3272 -0.4619
vn 0.5541 -0.4742 0.6842
vn 0.8998 0.4356 0.0244
vn 0.3039 -0.9515 -0.0478
vn 0.9235 0.3608 0.1301
vn 0.3596 -0.8744 -0.3256
vn 0.8428 -0.2297 0.4868
vn 0.5303 0.3684 -0.7636
vn 0.8771 -0.4309 0.2120
vn 0.4722 0.7845 -0.4020
vn 0.9095 -0.4155 -0.0103
vn 0.3204 0.9470 0.0232
vn 0.8989 -0.3619 -0.2469
vn 0.4445 0.7371 0.5091
vn 0.8872 -0.2449 -0.3910
vn 0.4560 0.4779 0.7508
vn 0.8786 0.2865 0.3821
vn 0.4376 -0.5373 -0.7210
vn 0.8465 -0.0339 0.5313
vn 0.5204 0.0547 -0.8522
vn 0.8516 -0.1620 -0.4986
vn 0.4519 0.2716 0.8497
vn 0.2975 -0.3353 -0.8939
vn 0.7014 0.7125 0.0184
vn 0.3530 -0.2438 0.9033
vn -0.0001 -0.9999 -0.0137
vn 0.4112 -0.3375 -0.8467
vn 0.4341 -0.2552 0.8640
vn 1.0000 0.0001 -0.0000
vn 1.0000 0.0002 -0.0000
vn 1.0000 -0.0003 -0.0000
vn -0.0000 -0.0620 0.9981
vn 0.0001 -0.3088 -0.9511
vn -0.0002 0.9997 0.0234
vn -0.0000 -0.5435 -0.8394
vn -0.0000 -0.4432 0.8964
vn -0.0000 -0.8961 0.4439
vn 0.0001 -0.9997 -0.0226
vn -0.0000 -0.8322 -0.5544
vn 0.6754 -0.0435 0.7362
vn 0.6523 -0.2269 -0.7233
vn -0.0002 0.9997 0.0242
vn 0.5734 -0.4345 -0.6946
vn 0.6226 -0.3377 0.7059
vn 0.3380 -0.8375 0.4294
vn -0.0002 -0.9997 -0.0234
vn 0.3846 -0.7601 -0.5237
vn 1.0000 -0.0008 -0.0000
vn 1.0000 0.0004 0.0001
vn 1.0000 -0.0005 0.0001
vn 1.0000 0.0002 0.0001
vn 1.0000 -0.0000 0.0001
vn 1.0000 0.0010 -0.0000
vn 1.0000 0.0005 0.0001
vn 0.0004 0.9999 0.0109
vn 0.0004 0.9359 0.3522
vn 0.0002 0.4925 0.8703
vn -0.0004 -0.9993 -0.0375
vn 0.0002 0.4677 -0.8839
vn 1.0000 -0.0007 0.0001
vn 1.0000 0.0003 0.0001
vn -0.0000 0.0233 -0.9997
vn -1.0000 -0.0003 -0.0001
vn -0.0000 -0.0234 0.9997
vn 0.7246 0.6883 0.0350
vn 0.7336 -0.0052 0.6795
vn 0.7387 -0.6735 -0.0266
vn 0.7328 0.0042 -0.6804
vn -0.0009 -0.0016 1.0000
vn -0.0001 -0.9999 -0.0166
vn 0.0235 0.0398 -0.9989
vn 0.7630 0.6461 0.0178
vn 0.8271 0.0514 0.5597
vn 0.4307 0.6838 0.5890
vn -0.2777 -0.8664 0.4150
vn -0.0611 -0.9981 0.0049
vn 0.1690 -0.9845 -0.0462
vn 0.8492 -0.5045 -0.1558
vn 0.0088 0.9770 0.2132
vn 0.5847 0.7005 0.4092
vn -0.0786 0.9828 0.1670
vn -0.2125 0.9632 0.1644
vn -0.2155 0.8331 0.5094
vn -0.4723 0.7438 0.4730
vn -0.1256 -0.9840 0.1264
vn -0.4188 -0.8731 0.2496
vn -0.5526 -0.8321 -0.0468
vn -0.0552 -0.9977 0.0387
vn -0.1372 -0.2336 -0.9626
vn 0.9962 -0.0681 0.0547
vn 0.5303 0.2065 0.8223
vn -0.3664 0.4206 0.8300
vn -0.7183 0.2295 0.6568
vn -0.1493 0.9295 0.3371
vn 0.9271 0.0851 0.3649
vn -0.7854 0.6182 0.0309
vn -0.9913 -0.0748 -0.1080
vn -0.9828 0.1785 0.0477
vn -0.9885 -0.0175 -0.1505
vn -0.5249 0.2980 0.7973
vn -0.8277 0.1503 0.5407
vn 0.2551 0.7395 0.6229
vn -0.0820 -0.2120 -0.9738
vn -0.3024 -0.9516 -0.0540
vn 0.9594 -0.2816 -0.0150
vn 0.4117 0.7637 0.4973
vn -0.3991 -0.7586 -0.5150
vn 0.8844 -0.4663 -0.0214
vn 0.3847 0.7794 0.4946
vn 0.8959 -0.4442 -0.0031
vn -0.1325 -0.2589 -0.9568
vn 0.8959 -0.4443 -0.0031
vn -0.4382 -0.8984 0.0298
vn 0.9068 -0.4216 -0.0065
vn 0.4448 0.8663 0.2273
vn -0.4416 -0.8586 -0.2602
vn 0.8858 -0.4627 -0.0357
vn -0.4389 -0.8979 -0.0329
vn 0.4417 0.8967 0.0301
vn -0.4412 -0.8972 -0.0215
vn -0.0642 -0.1572 -0.9855
vn 0.0727 0.1730 0.9822
vn 0.8989 -0.4111 0.1517
vn -0.0598 -0.1590 -0.9855
vn -0.4389 -0.8830 0.1662
vn 0.4383 0.8826 -0.1697
vn 0.2330 0.4996 0.8344
vn 0.9068 -0.4214 -0.0063
vn -0.4162 -0.9081 -0.0453
vn 0.3577 0.8044 0.4743
vn 0.9170 -0.3988 -0.0101
vn 0.3131 0.0506 -0.9484
vn 0.3064 0.0639 -0.9498
vn 0.3078 0.0550 -0.9499
vn 0.3102 0.0698 -0.9481
vn 0.3286 0.0771 -0.9413
vn 0.3143 0.0671 -0.9470
vn 0.3198 0.0542 -0.9459
vn 0.3116 0.0713 -0.9475
vn 0.3117 0.0498 -0.9489
vn 0.3065 0.0576 -0.9501
vn 0.3073 0.0658 -0.9493
vn 0.2429 -0.9054 -0.3483
vn 0.3117 0.0601 -0.9483
vn -0.6524 0.1834 -0.7353
vn -0.6508 0.0641 -0.7565
vn 0.3654 0.0525 -0.9294
vn -0.0273 0.9362 -0.3503
vn 0.3117 0.0604 -0.9483
vn 0.6765 -0.6612 -0.3241
vn 0.6375 0.7306 -0.2447
vn 0.9802 0.0341 -0.1948
vn 0.3245 0.0577 -0.9441
vn 0.1349 0.9616 -0.2392
vn 0.1355 -0.9196 -0.3687
vn 0.3113 0.0604 -0.9484
vn -0.3808 -0.5763 -0.7231
vn -0.5294 0.5259 -0.6657
vn 0.3124 0.0600 -0.9481
vn 0.8975 -0.4410 0.0069
vn 0.7514 -0.6595 -0.0194
vn 0.7538 -0.6542 0.0618
vn 0.8621 -0.3645 0.3521
vn -0.0038 0.9993 0.0370
vn 0.0010 -0.1095 -0.9940
vn 0.0124 -0.9993 -0.0358
vn -0.0009 0.0879 0.9961
vn -0.9961 0.0882 0.0031
vt 0.489330 0.489960
vt 0.493280 0.473900
vt 0.631100 0.469050
vt 0.632390 0.484960
vt 0.484820 0.511360
vt 0.632910 0.505020
vt 0.494190 0.469970
vt 0.630570 0.466470
vt 0.498700 0.457090
vt 0.627630 0.454710
vt 0.502300 0.448130
vt 0.625170 0.446460
vt 0.356160 0.822390
vt 0.355590 0.822810
vt 0.355420 0.822790
vt 0.355510 0.822430
vt 0.355400 0.822850
vt 0.355380 0.822920
vt 0.354990 0.823120
vt 0.354970 0.823080
vt 0.354440 0.823200
vt 0.354490 0.823200
vt 0.354490 0.823230
vt 0.354070 0.823210
vt 0.353560 0.823260
vt 0.353560 0.823200
vt 0.353150 0.823140
vt 0.353270 0.822550
vt 0.353300 0.822570
vt 0.353190 0.823140
vt 0.353310 0.822550
vt 0.353330 0.822540
vt 0.485930 0.526940
vt 0.489120 0.526770
vt 0.628760 0.519200
vt 0.597080 0.520910
vt 0.353140 0.823190
vt 0.382000 0.849680
vt 0.382290 0.850860
vt 0.371740 0.850490
vt 0.371840 0.849320
vt 0.382620 0.852440
vt 0.371700 0.851970
vt 0.381930 0.849390
vt 0.371880 0.849130
vt 0.358830 0.839150
vt 0.359580 0.841290
vt 0.336820 0.840710
vt 0.337310 0.838750
vt 0.337720 0.837370
vt 0.358230 0.837650
vt 0.382540 0.853590
vt 0.382310 0.853570
vt 0.374350 0.853140
vt 0.372010 0.853020
vt 0.374350 0.852080
vt 0.374350 0.850580
vt 0.373700 0.849820
vt 0.382140 0.852420
vt 0.381640 0.850840
vt 0.381950 0.852710
vt 0.376090 0.852160
vt 0.376890 0.852450
vt 0.375400 0.850620
vt 0.375370 0.851170
vt 0.375630 0.850140
vt 0.376100 0.849890
vt 0.380970 0.850010
vt 0.381240 0.850210
vt 0.461770 0.869350
vt 0.461360 0.870000
vt 0.449890 0.869420
vt 0.448080 0.868760
vt 0.446520 0.865280
vt 0.447030 0.864200
vt 0.448100 0.863640
vt 0.459140 0.863910
vt 0.459750 0.864350
vt 0.460640 0.865770
vt 0.446440 0.866520
vt 0.372000 0.854040
vt 0.372080 0.852800
vt 0.386200 0.853290
vt 0.386520 0.854290
vt 0.353710 0.840300
vt 0.354600 0.841730
vt 0.340480 0.841240
vt 0.340990 0.840160
vt 0.342060 0.839590
vt 0.353090 0.839870
vt 0.344000 0.840190
vt 0.343410 0.841340
vt 0.351880 0.841630
vt 0.351440 0.840630
vt 0.350390 0.840270
vt 0.383480 0.853190
vt 0.375000 0.852900
vt 0.022030 0.974350
vt 0.028420 0.974420
vt 0.029480 0.974780
vt 0.021440 0.975490
vt 0.029910 0.975790
vt 0.020300 0.987290
vt 0.027650 0.987420
vt 0.242110 0.945830
vt 0.240960 0.945790
vt 0.240910 0.945520
vt 0.242050 0.945550
vt 0.043670 0.962430
vt 0.045160 0.962020
vt 0.047180 0.962120
vt 0.046370 0.962570
vt 0.349030 0.832350
vt 0.349880 0.832150
vt 0.349360 0.832540
vt 0.349490 0.833520
vt 0.349420 0.833520
vt 0.350460 0.832480
vt 0.350460 0.832670
vt 0.349420 0.832740
vt 0.350400 0.833000
vt 0.349490 0.833000
vt 0.350400 0.833450
vt 0.349810 0.833450
vt 0.350530 0.832220
vt 0.349620 0.833840
vt 0.350460 0.833650
vt 0.343120 0.850820
vt 0.346820 0.827790
vt 0.347920 0.827530
vt 0.350850 0.828440
vt 0.350720 0.830000
vt 0.350790 0.827590
vt 0.350530 0.830390
vt 0.350070 0.830520
vt 0.346490 0.828180
vt 0.346880 0.830520
vt 0.346490 0.830260
vt 0.350590 0.827400
vt 0.377520 0.951450
vt 0.376480 0.954440
vt 0.376410 0.951710
vt 0.380320 0.953920
vt 0.380380 0.951510
vt 0.380450 0.952360
vt 0.379670 0.954440
vt 0.380190 0.951320
vt 0.380120 0.954310
vt 0.376090 0.954180
vt 0.376090 0.952100
vt 0.017250 0.975190
vt 0.048090 0.976510
vt 0.047170 0.971920
vt 0.016520 0.970650
s 0
usemtl mat1
f 1368/1167/988 1369/1168/988 1362/1169/988 1361/1170/988
f 1367/1171/989 1368/1167/989 1361/1170/989 1360/1172/989
f 1369/1168/990 1370/1173/990 1363/1174/990 1362/1169/990
f 1370/1173/991 1371/1175/991 1364/1176/991 1363/1174/991
f 1371/1175/992 1372/1177/992 1365/1178/992 1364/1176/992
f 1359/1179/993 1373/1180/993 1378/1181/993 1379/1182/993
f 1382/1183/994 1380/1184/994 1377/1185/994 1383/1186/994
f 1380/1184/995 1382/1183/995 1373/1180/995
f 1378/1181/996 1373/1180/996 1382/1183/996
f 1381/1187/997 1384/1188/997 1376/1189/997
f 1383/1186/998 1377/1185/998 1376/1189/998 1384/1188/998
f 1386/1190/999 1381/1187/999 1376/1189/999 1375/1191/999 1387/1192/999
f 1385/1193/1000 1366/1194/1000 1388/1195/1000 1389/1196/1000
f 1366/1194/997 1390/1197/997 1388/1195/997
f 1366/1194/1001 1391/1198/1001 1390/1197/1001
f 1366/1199/1002 1367/1171/1002 1391/1200/1002
f 1359/1201/1003 1379/1202/1003 1360/1172/1003
f 1391/1200/1004 1367/1171/1004 1360/1172/1004 1379/1202/1004
f 1389/1196/1005 1387/1192/1005 1375/1191/1005 1374/1203/1005
f 1374/1203/1006 1385/1193/1006 1389/1196/1006
f 1418/1204/1007 1402/1204/1007 1401/1205/1007 1417/1205/1007
f 1410/1206/1008 1394/1206/1008 1395/1207/1008 1411/1207/1008
f 1417/1205/1009 1401/1205/1009 1400/1208/1009 1416/1208/1009
f 1409/1209/1010 1393/1209/1010 1394/1206/1010 1410/1206/1010
f 1419/1210/1011 1403/1210/1011 1402/1204/1011 1418/1204/1011
f 1411/1207/1012 1395/1207/1012 1396/1211/1012 1412/1211/1012
f 1419/1210/1013 1418/1204/1013 1411/1207/1013 1412/1211/1013
f 1420/1212/1014 1404/1212/1014 1403/1213/1014 1419/1213/1014
f 1412/1214/1015 1396/1214/1015 1397/1215/1015 1413/1215/1015
f 1414/1216/1016 1398/1216/1016 1405/1217/1016 1421/1217/1016
f 1421/1217/1017 1405/1217/1017 1404/1212/1017 1420/1212/1017
f 1413/1215/1018 1397/1215/1018 1398/1216/1018 1414/1216/1018
f 1416/1208/1019 1400/1208/1019 1399/1218/1019 1415/1218/1019
f 1415/1218/1020 1399/1218/1020 1407/1219/1020 1423/1219/1020
f 1415/1218/1013 1423/1219/1013 1416/1208/1013
f 1422/1220/1020 1406/1220/1020 1392/1221/1020 1408/1221/1020
f 1408/1221/1021 1392/1221/1021 1393/1209/1021 1409/1209/1021
f 1408/1221/1013 1409/1209/1013 1422/1220/1013
f 1423/1219/1020 1407/1219/1020 1406/1220/1020 1422/1220/1020
f 1409/1209/1013 1424/1222/1013 1422/1220/1013
f 1409/1209/1022 1410/1206/1022 1425/1223/1022 1424/1222/1022
f 1410/1206/1022 1411/1207/1022 1426/1224/1022 1425/1223/1022
f 1417/1205/1022 1416/1208/1022 1428/1225/1022 1433/1226/1022
f 1428/1225/1013 1416/1208/1013 1423/1219/1013 1429/1227/1013
f 1424/1222/1013 1427/1228/1013 1430/1229/1013 1422/1220/1013
f 1429/1227/1013 1423/1219/1013 1422/1220/1013 1430/1229/1013
f 1425/1223/1022 1431/1230/1022 1432/1231/1022 1424/1222/1022
f 1427/1228/1022 1424/1222/1022 1432/1231/1022
f 1431/1230/1022 1425/1223/1022 1426/1224/1022 1434/1232/1022
f 1434/1232/1022 1426/1224/1022 1435/1233/1022
f 1436/1234/1022 1418/1204/1022 1437/1235/1022
f 1417/1205/1022 1433/1226/1022 1437/1235/1022 1418/1204/1022
f 1418/1204/1022 1436/1234/1022 1435/1233/1022 1411/1207/1022
f 1426/1224/1022 1411/1207/1022 1435/1233/1022
f 1439/1236/1023 1428/1236/1023 1429/1237/1023 1440/1237/1023
f 1450/1236/1024 1439/1236/1024 1440/1237/1024 1451/1237/1024
f 1440/1237/1025 1429/1237/1025 1430/1238/1025 1441/1238/1025
f 1451/1237/1026 1440/1237/1026 1441/1238/1026 1452/1238/1026
f 1441/1238/1027 1430/1238/1027 1427/1239/1027 1438/1239/1027
f 1452/1238/1028 1441/1238/1028 1438/1239/1028 1449/1239/1028
f 1450/1236/1013 1451/1237/1013 1452/1238/1013 1449/1239/1013
f 1442/1240/1029 1431/1240/1029 1434/1241/1029 1445/1241/1029
f 1453/1240/1030 1442/1240/1030 1445/1241/1030 1456/1241/1030
f 1445/1241/1031 1434/1241/1031 1435/1242/1031 1446/1242/1031
f 1456/1241/1032 1445/1241/1032 1446/1242/1032 1457/1242/1032
f 1446/1242/1033 1435/1242/1033 1436/1243/1033 1447/1243/1033
f 1457/1242/1034 1446/1242/1034 1447/1243/1034 1458/1243/1034
f 1447/1243/1035 1436/1243/1035 1437/1244/1035 1448/1244/1035
f 1458/1243/1036 1447/1243/1036 1448/1244/1036 1459/1244/1036
f 1448/1244/1037 1437/1244/1037 1433/1245/1037 1444/1245/1037
f 1459/1244/1038 1448/1244/1038 1444/1245/1038 1455/1245/1038
f 1438/1239/1039 1427/1239/1039 1432/1246/1039 1443/1246/1039
f 1449/1239/1040 1438/1239/1040 1443/1246/1040 1454/1246/1040
f 1443/1246/1041 1432/1246/1041 1431/1240/1041 1442/1240/1041
f 1454/1246/1042 1443/1246/1042 1442/1240/1042 1453/1240/1042
f 1444/1245/1043 1433/1245/1043 1428/1236/1043 1439/1236/1043
f 1455/1245/1044 1444/1245/1044 1439/1236/1044 1450/1236/1044
f 1464/1212/1045 1420/1212/1045 1419/1213/1045 1463/1213/1045
f 1463/1213/1046 1419/1213/1046 1412/1214/1046 1460/1214/1046
f 1460/1214/1047 1412/1214/1047 1413/1215/1047 1461/1215/1047
f 1464/1212/1022 1463/1213/1022 1460/1214/1022 1461/1215/1022
f 1462/1216/1048 1414/1216/1048 1421/1217/1048 1465/1217/1048
f 1465/1217/1049 1421/1217/1049 1420/1212/1049 1464/1212/1049
f 1461/1215/1050 1413/1215/1050 1414/1216/1050 1462/1216/1050
f 1465/1217/1051 1464/1212/1051 1461/1215/1051 1462/1216/1051
f 1457/1242/1052 1458/1243/1052 1459/1244/1052 1456/1241/1052
f 1455/1245/1053 1453/1240/1053 1456/1241/1053 1459/1244/1053
f 1449/1239/1053 1454/1246/1053 1450/1236/1053
f 1453/1240/1052 1455/1245/1052 1450/1236/1052 1454/1246/1052
f 1475/1247/1054 1467/1247/1054 1466/1248/1054 1474/1248/1054
f 1476/1249/1055 1468/1249/1055 1473/1250/1055 1481/1250/1055
f 1481/1250/1056 1473/1250/1056 1467/1247/1056 1475/1247/1056
f 1480/1251/1057 1472/1251/1057 1468/1252/1057 1476/1252/1057
f 1474/1253/1058 1466/1253/1058 1469/1254/1058 1477/1254/1058
f 1477/1254/1059 1469/1254/1059 1470/1255/1059 1478/1255/1059
f 1478/1255/1060 1470/1255/1060 1471/1256/1060 1479/1256/1060
f 1479/1256/1061 1471/1256/1061 1472/1251/1061 1480/1251/1061
f 1483/1247/1062 1475/1247/1062 1474/1248/1062 1482/1248/1062
f 1484/1249/1063 1476/1249/1063 1481/1250/1063 1489/1250/1063
f 1489/1250/1064 1481/1250/1064 1475/1247/1064 1483/1247/1064
f 1488/1251/1065 1480/1251/1065 1476/1252/1065 1484/1252/1065
f 1482/1253/1066 1474/1253/1066 1477/1254/1066 1485/1254/1066
f 1485/1254/1067 1477/1254/1067 1478/1255/1067 1486/1255/1067
f 1486/1255/1068 1478/1255/1068 1479/1256/1068 1487/1256/1068
f 1487/1256/1069 1479/1256/1069 1480/1251/1069 1488/1251/1069
f 1482/1253/1070 1485/1254/1070 1493/1257/1070 1494/1258/1070
f 1485/1254/1071 1486/1255/1071 1493/1257/1071
f 1484/1252/1022 1491/1259/1022 1492/1260/1022 1488/1251/1022
f 1490/1261/1072 1488/1251/1072 1492/1260/1072
f 1493/1257/1073 1486/1255/1073 1487/1256/1073 1490/1261/1073
f 1488/1251/1074 1490/1261/1074 1487/1256/1074
f 1484/1249/1022 1489/1250/1022 1491/1262/1022
f 1482/1248/1075 1494/1263/1075 1483/1247/1075
f 1491/1262/1076 1489/1250/1076 1483/1247/1076 1494/1263/1076
f 1498/1257/1077 1493/1257/1077 1490/1261/1077 1495/1261/1077
f 1495/1261/1078 1490/1261/1078 1492/1260/1078 1497/1260/1078
f 1497/1260/1079 1492/1260/1079 1491/1259/1079 1496/1259/1079
f 1496/1262/1080 1491/1262/1080 1494/1263/1080 1499/1263/1080
f 1499/1258/1081 1494/1258/1081 1493/1257/1081 1498/1257/1081
f 1498/1264/1082 1495/1265/1082 1497/1266/1082 1499/1267/1082
f 1496/1268/1022 1499/1267/1022 1497/1266/1022
f 1506/1269/1083 1502/1269/1083 1500/1270/1083 1504/1270/1083
f 1504/1270/1084 1500/1270/1084 1501/1270/1084 1505/1270/1084
f 1505/1270/1085 1501/1270/1085 1503/1269/1085 1507/1269/1085
f 1507/1269/1086 1503/1269/1086 1502/1269/1086 1506/1269/1086
f 1504/1270/1056 1505/1270/1056 1507/1269/1056 1506/1269/1056
f 1512/1271/1087 1508/1271/1087 1510/1272/1087 1514/1272/1087
f 1514/1272/1088 1510/1272/1088 1511/1273/1088 1515/1273/1088
f 1515/1273/1089 1511/1273/1089 1509/1274/1089 1513/1274/1089
f 1513/1274/1090 1509/1274/1090 1508/1271/1090 1512/1271/1090
f 1514/1272/1013 1515/1273/1013 1513/1274/1013 1512/1271/1013
f 1520/1275/1091 1516/1275/1091 1517/1276/1091 1521/1276/1091
f 1521/1276/1092 1517/1276/1092 1518/1277/1092 1522/1277/1092
f 1522/1277/1093 1518/1277/1093 1519/1278/1093 1523/1278/1093
f 1523/1278/1094 1519/1278/1094 1516/1275/1094 1520/1275/1094
f 1521/1276/1013 1522/1277/1013 1523/1278/1013 1520/1275/1013
f 1540/1279/1095 1539/1280/1095 1545/1281/1095
f 1545/1282/1096 1546/1282/1096 1549/1282/1096
f 1536/1283/1097 1535/1282/1097 1552/1283/1097
f 1526/1282/1098 1529/1282/1098 1554/1282/1098
f 1532/1282/1099 1555/1282/1099 1529/1282/1099
f 1532/1282/1100 1531/1282/1100 1555/1282/1100
f 1537/1283/1101 1538/1282/1101 1539/1282/1101 1540/1282/1101
f 1534/1284/1102 1530/1285/1102 1546/1286/1102 1545/1281/1102
f 1530/1285/1103 1525/1287/1103 1547/1288/1103 1546/1286/1103
f 1525/1287/1104 1524/1289/1104 1548/1290/1104 1547/1288/1104
f 1546/1282/1105 1547/1282/1105 1550/1282/1105 1549/1282/1105
f 1547/1282/1106 1548/1282/1106 1551/1282/1106 1550/1282/1106
f 1555/1282/1107 1552/1283/1107 1535/1282/1107 1553/1282/1107
f 1554/1282/1108 1553/1282/1108 1535/1282/1108 1544/1282/1108
f 1526/1282/1109 1554/1282/1109 1544/1282/1109 1528/1282/1109
f 1555/1282/1110 1553/1282/1110 1554/1282/1110 1529/1282/1110
f 1555/1282/1111 1539/1282/1111 1538/1282/1111 1556/1282/1111
f 1539/1282/1112 1555/1282/1112 1531/1282/1112 1533/1282/1112
f 1545/1282/1113 1549/1282/1113 1541/1282/1113 1540/1282/1113
f 1549/1282/1114 1550/1282/1114 1542/1282/1114 1541/1282/1114
f 1550/1282/1115 1551/1282/1115 1543/1282/1115 1542/1282/1115
f 1542/1282/1116 1537/1283/1116 1540/1282/1116 1541/1282/1116
f 1533/1291/1117 1534/1284/1117 1545/1281/1117 1539/1280/1117
f 1551/1292/1118 1548/1290/1118 1524/1289/1118 1527/1293/1118
f 1544/1282/1119 1543/1282/1119 1528/1282/1119
f 1551/1292/1120 1527/1293/1120 1543/1282/1120
f 1528/1282/1121 1543/1282/1121 1527/1293/1121
f 1535/1282/1122 1536/1283/1122 1537/1283/1122 1542/1282/1122
f 1544/1282/1123 1535/1282/1123 1542/1282/1123 1543/1282/1123
f 1559/1294/1124 1557/1294/1124 1578/1294/1124 1580/1294/1124
f 1565/1294/1125 1564/1294/1125 1585/1294/1125 1586/1294/1125
f 1557/1294/1126 1565/1294/1126 1586/1294/1126 1578/1294/1126
f 1586/1294/1127 1585/1294/1127 1580/1294/1127 1578/1294/1127
f 1563/1294/1128 1566/1294/1128 1587/1294/1128 1584/1294/1128
f 1568/1294/1129 1569/1294/1129 1590/1294/1129 1589/1294/1129
f 1590/1294/1130 1584/1294/1130 1587/1294/1130 1589/1294/1130
f 1566/1294/1131 1559/1294/1131 1580/1294/1131 1587/1294/1131
f 1580/1294/1132 1589/1294/1132 1587/1294/1132
f 1564/1294/1133 1568/1294/1133 1589/1294/1133 1585/1294/1133
f 1589/1294/1134 1580/1294/1134 1585/1294/1134
f 1570/1294/1135 1567/1294/1135 1588/1294/1135 1591/1294/1135
f 1583/1294/1136 1591/1294/1136 1588/1294/1136
f 1562/1294/1137 1563/1294/1137 1584/1294/1137 1583/1294/1137
f 1569/1294/1138 1570/1294/1138 1591/1294/1138 1590/1294/1138
f 1591/1294/1139 1583/1294/1139 1584/1294/1139 1590/1294/1139
f 1567/1294/1140 1572/1294/1140 1593/1294/1140 1588/1294/1140
f 1561/1294/1141 1562/1294/1141 1583/1294/1141 1582/1294/1141
f 1572/1294/1142 1573/1294/1142 1594/1294/1142 1593/1294/1142
f 1558/1294/1143 1571/1294/1143 1592/1294/1143 1579/1294/1143
f 1575/1294/1144 1574/1294/1144 1595/1294/1144 1596/1294/1144
f 1596/1294/1145 1595/1294/1145 1579/1294/1145 1592/1294/1145
f 1571/1294/1146 1560/1294/1146 1581/1294/1146 1592/1294/1146
f 1573/1294/1147 1575/1294/1147 1596/1294/1147 1594/1294/1147
f 1560/1294/1148 1561/1294/1148 1582/1294/1148 1581/1294/1148
f 1574/1294/1149 1576/1294/1149 1597/1294/1149 1595/1294/1149
f 1595/1294/1150 1597/1294/1150 1579/1294/1150
f 1577/1294/1151 1558/1294/1151 1579/1294/1151 1598/1294/1151
f 1576/1294/1152 1577/1294/1152 1598/1294/1152 1597/1294/1152
f 1597/1294/1153 1598/1294/1153 1579/1294/1153
f 1599/1295/1154 1524/1295/1154 1525/1296/1154 1600/1296/1154
f 1608/1297/1155 1533/1297/1155 1531/1298/1155 1606/1298/1155
f 1609/1299/1156 1534/1299/1156 1533/1297/1156 1608/1297/1156
f 1607/1300/1157 1532/1300/1157 1529/1301/1157 1604/1301/1157
f 1602/1302/1158 1527/1302/1158 1524/1295/1158 1599/1295/1158
f 1601/1303/1159 1526/1303/1159 1528/1304/1159 1603/1304/1159
f 1603/1304/1160 1528/1304/1160 1527/1302/1160 1602/1302/1160
f 1604/1301/1161 1529/1301/1161 1526/1303/1161 1601/1303/1161
f 1600/1296/1162 1525/1296/1162 1530/1305/1162 1605/1305/1162
f 1605/1305/1163 1530/1305/1163 1534/1299/1163 1609/1299/1163
f 1606/1298/1164 1531/1298/1164 1532/1300/1164 1607/1300/1164
f 1610/1295/1165 1599/1295/1165 1600/1296/1165 1611/1296/1165
f 1611/1306/1166 1612/1307/1166 1610/1308/1166
f 1619/1297/1167 1608/1297/1167 1606/1298/1167 1617/1298/1167
f 1620/1299/1168 1609/1299/1168 1608/1297/1168 1619/1297/1168
f 1617/1309/1169 1620/1310/1169 1619/1311/1169
f 1618/1300/1170 1607/1300/1170 1604/1301/1170 1615/1301/1170
f 1615/1312/1171 1616/1313/1171 1618/1314/1171
f 1613/1302/1172 1602/1302/1172 1599/1295/1172 1610/1295/1172
f 1612/1303/1173 1601/1303/1173 1603/1304/1173 1614/1304/1173
f 1614/1304/1174 1603/1304/1174 1602/1302/1174 1613/1302/1174
f 1610/1308/1175 1612/1307/1175 1614/1315/1175 1613/1316/1175
f 1615/1301/1176 1604/1301/1176 1601/1303/1176 1612/1303/1176
f 1611/1296/1177 1600/1296/1177 1605/1305/1177 1616/1305/1177
f 1612/1307/1178 1611/1306/1178 1616/1313/1178 1615/1312/1178
f 1616/1305/1179 1605/1305/1179 1609/1299/1179 1620/1299/1179
f 1617/1298/1180 1606/1298/1180 1607/1300/1180 1618/1300/1180
f 1620/1310/1181 1617/1309/1181 1618/1314/1181 1616/1313/1181
f 1583/1294/1182 1588/1294/1182 1593/1294/1182 1582/1294/1182
f 1594/1294/1183 1582/1294/1183 1593/1294/1183
f 1582/1294/1184 1594/1294/1184 1596/1294/1184 1581/1294/1184
f 1592/1294/1185 1581/1294/1185 1596/1294/1185
f 1626/1317/1186 1622/1317/1186 1623/1318/1186 1627/1318/1186
f 1627/1318/1187 1623/1318/1187 1624/1319/1187 1628/1319/1187
f 1628/1319/1188 1624/1319/1188 1621/1320/1188 1625/1320/1188
f 1625/1320/1189 1621/1320/1189 1622/1317/1189 1626/1317/1189
f 1627/1318/1190 1628/1319/1190 1625/1320/1190 1626/1317/1190
o hood
v 0.937353 0.766049 2.469994
v 0.000000 0.861697 2.694090
v 0.388332 0.849172 2.664831
v 0.705301 0.817175 2.610990
v 0.799980 0.788315 2.574991
v 0.903788 0.771826 2.510988
v 0.984365 0.723504 2.832599
v 0.000000 0.855012 2.852651
v 0.390357 0.836362 2.844121
v 0.706523 0.801841 2.837907
v 0.788647 0.771207 2.837908
v 0.973721 0.696897 3.123723
v 0.000000 0.828404 3.122540
v 0.381484 0.809755 3.119318
v 0.695525 0.775234 3.121953
v 0.773084 0.744600 3.121675
v 0.955954 0.657470 3.459860
v 0.000000 0.777325 3.544032
v 0.370795 0.757337 3.535089
v 0.669264 0.726279 3.517105
v 0.752105 0.701709 3.499446
v 0.933349 0.584299 3.816400
v 0.000000 0.657498 4.081731
v 0.344570 0.643053 4.059231
v 0.624361 0.621974 4.013831
v 0.709276 0.610799 3.959362
v 0.919447 0.534701 3.965438
v 0.000000 0.568354 4.281978
v 0.334491 0.564117 4.241695
v 0.590947 0.557450 4.184668
v 0.684184 0.550710 4.128773
v 0.916606 0.511112 3.989445
v 0.000000 0.542143 4.292388
v 0.334492 0.537906 4.252106
v 0.590948 0.531239 4.194935
v 0.684185 0.524500 4.137957
v 0.579280 0.524816 4.178312
v 0.659642 0.522988 4.127966
v 0.000000 0.544191 4.211241
v 0.333124 0.536902 4.170967
v 0.567086 0.526406 4.114389
v -0.937353 0.766049 2.469994
v -0.388332 0.849172 2.664831
v -0.705301 0.817175 2.610990
v -0.799980 0.788315 2.574991
v -0.903788 0.771826 2.510988
v -0.984365 0.723504 2.832599
v -0.390357 0.836362 2.844121
v -0.706523 0.801841 2.837907
v -0.788647 0.771207 2.837908
v -0.973721 0.696897 3.123723
v -0.381484 0.809755 3.119318
v -0.695525 0.775234 3.121953
v -0.773084 0.744600 3.121675
v -0.955954 0.657470 3.459860
v -0.370795 0.757337 3.535089
v -0.669264 0.726279 3.517105
v -0.752105 0.701709 3.499446
v -0.933349 0.584299 3.816400
v -0.344570 0.643053 4.059231
v -0.624361 0.621974 4.013831
v -0.709276 0.610799 3.959362
v -0.919447 0.534701 3.965438
v -0.334491 0.564117 4.241695
v -0.590947 0.557450 4.184668
v -0.684184 0.550710 4.128773
v -0.916606 0.511112 3.989445
v -0.334492 0.537906 4.252106
v -0.590948 0.531239 4.194935
v -0.684185 0.524500 4.137957
v -0.579280 0.524816 4.178312
v -0.659642 0.522988 4.127966
v -0.333124 0.536902 4.170967
v -0.567086 0.526406 4.114389
v 0.916946 0.505763 3.953039
v 0.877701 0.504299 3.943888
v 0.730902 0.497509 3.930466
v -0.916946 0.505763 3.953039
v -0.877701 0.504299 3.943888
v -0.730902 0.497509 3.930466
v 0.930463 0.740748 2.467917
v -0.001132 0.839801 2.692605
v 0.386264 0.827328 2.663186
v 0.698537 0.795873 2.609099
v 0.791982 0.763231 2.572868
v 0.897311 0.746415 2.508835
v 0.978395 0.697992 2.830192
v -0.001219 0.828808 2.850616
v 0.388293 0.810206 2.842014
v 0.699554 0.780591 2.835641
v 0.780167 0.746263 2.835549
v 0.967669 0.671460 3.120821
v -0.001348 0.802293 3.119634
v 0.379379 0.783686 3.116377
v 0.688665 0.754046 3.118893
v 0.764757 0.719711 3.118684
v 0.949690 0.632259 3.455561
v -0.001445 0.751428 3.539449
v 0.368614 0.731489 3.530471
v 0.663038 0.705228 3.512539
v 0.744164 0.676917 3.495149
v 0.926879 0.559407 3.810880
v -0.001490 0.631905 4.075841
v 0.342413 0.617496 4.053341
v 0.618756 0.596809 4.007915
v 0.701593 0.586279 3.953640
v -0.930463 0.740748 2.467917
v 0.001132 0.839801 2.692605
v -0.386264 0.827328 2.663186
v -0.698537 0.795873 2.609099
v -0.791982 0.763231 2.572868
v -0.897311 0.746415 2.508835
v -0.978395 0.697992 2.830192
v 0.001219 0.828808 2.850616
v -0.388294 0.810206 2.842014
v -0.699554 0.780591 2.835641
v -0.780168 0.746265 2.835552
v -0.967669 0.671460 3.120821
v 0.001348 0.802293 3.119634
v -0.379379 0.783686 3.116377
v -0.688665 0.754046 3.118893
v -0.764757 0.719711 3.118684
v -0.949690 0.632259 3.455561
v 0.001445 0.751428 3.539449
v -0.368614 0.731489 3.530471
v -0.663037 0.705228 3.512540
v -0.744164 0.676917 3.495149
v -0.926879 0.559407 3.810880
v 0.001490 0.631905 4.075841
v -0.342413 0.617496 4.053341
v -0.618756 0.596809 4.007915
v -0.701593 0.586279 3.953640
vn 0.0427 0.9974 0.0573
vn 0.1106 0.9915 0.0678
vn 0.3308 0.9412 0.0692
vn 0.0495 0.9940 0.0978
vn 0.1089 0.9892 0.0980
vn 0.3564 0.9285 0.1037
vn 0.0529 0.9910 0.1232
vn 0.1088 0.9858 0.1282
vn 0.3357 0.9328 0.1314
vn 0.0564 0.9747 0.2163
vn 0.1111 0.9702 0.2155
vn 0.2917 0.9316 0.2169
vn 0.0624 0.9132 0.4027
vn 0.1211 0.9144 0.3862
vn 0.3192 0.8709 0.3738
vn 0.3110 0.8862 0.3433
vn 0.2460 0.9463 0.2099
vn 0.2309 0.9651 0.1238
vn 0.2336 0.9672 0.1002
vn 0.2269 0.9705 0.0818
vn 0.2619 0.9619 0.0789
vn 0.1158 0.3666 0.9231
vn 0.2117 0.3586 0.9091
vn 0.5098 0.2993 0.8065
vn 0.5135 0.4554 0.7272
vn 0.0717 -0.9784 0.1941
vn 0.0490 -0.9428 0.3299
vn -0.0491 -0.9988 0.0006
vn -0.0180 -0.9998 -0.0063
vn -0.0427 0.9974 0.0573
vn -0.1106 0.9915 0.0678
vn -0.3308 0.9412 0.0692
vn -0.0495 0.9940 0.0978
vn -0.1089 0.9892 0.0980
vn -0.3564 0.9285 0.1037
vn -0.0529 0.9910 0.1232
vn -0.1088 0.9858 0.1282
vn -0.3357 0.9328 0.1314
vn -0.0564 0.9747 0.2163
vn -0.1111 0.9702 0.2155
vn -0.2917 0.9316 0.2169
vn -0.0624 0.9132 0.4027
vn -0.1211 0.9144 0.3862
vn -0.3192 0.8709 0.3738
vn -0.3110 0.8862 0.3433
vn -0.2460 0.9463 0.2099
vn -0.2309 0.9651 0.1238
vn -0.2336 0.9672 0.1002
vn -0.2269 0.9705 0.0818
vn -0.2619 0.9619 0.0789
vn -0.1158 0.3667 0.9231
vn -0.2117 0.3586 0.9091
vn -0.5098 0.2993 0.8065
vn -0.5135 0.4554 0.7272
vn -0.0717 -0.9784 0.1941
vn -0.0490 -0.9428 0.3299
vn 0.0491 -0.9988 0.0006
vn 0.0180 -0.9998 -0.0063
vn 0.0259 -0.9908 0.1330
vn 0.0106 -0.9935 0.1134
vn 0.0330 -0.9897 0.1396
vn -0.0106 -0.9935 0.1134
vn -0.0330 -0.9897 0.1396
vn -0.0259 -0.9908 0.1330
vn -0.9988 0.0486 0.0024
vn -0.0728 0.0765 -0.9944
vn -0.0439 -0.9956 -0.0828
vn -0.1569 0.1125 -0.9812
vn -0.1047 -0.9914 -0.0785
vn -0.3018 0.1771 -0.9368
vn -0.3708 -0.9261 -0.0692
vn -0.9988 0.0486 0.0045
vn -0.0495 -0.9940 -0.0978
vn -0.0952 -0.9907 -0.0977
vn -0.3993 -0.9109 -0.1039
vn -0.9986 0.0527 0.0063
vn -0.0529 -0.9910 -0.1232
vn -0.0947 -0.9873 -0.1277
vn -0.3796 -0.9157 -0.1317
vn -0.9984 0.0545 0.0121
vn 0.0540 -0.2278 0.9722
vn -0.0564 -0.9747 -0.2163
vn 0.1384 -0.2446 0.9597
vn -0.1041 -0.9701 -0.2191
vn 0.4857 -0.3204 0.8133
vn -0.3153 -0.9228 -0.2213
vn 0.4802 -0.3231 0.8155
vn 0.9686 -0.2483 0.0109
vn -0.2459 -0.9463 -0.2099
vn 0.9706 -0.2394 0.0237
vn -0.2309 -0.9651 -0.1238
vn 0.9728 -0.2311 0.0146
vn -0.2335 -0.9672 -0.1001
vn -0.4857 0.2111 -0.8483
vn -0.2268 -0.9705 -0.0818
vn 0.9612 -0.2298 -0.1529
vn -0.7343 0.2463 -0.6325
vn -0.2618 -0.9619 -0.0789
vn 0.9988 0.0486 0.0024
vn 0.0728 0.0765 -0.9944
vn 0.0439 -0.9956 -0.0828
vn 0.1569 0.1125 -0.9812
vn 0.1047 -0.9914 -0.0785
vn 0.3018 0.1771 -0.9368
vn 0.3708 -0.9261 -0.0692
vn 0.9988 0.0486 0.0045
vn 0.0495 -0.9940 -0.0978
vn 0.0952 -0.9907 -0.0977
vn 0.3993 -0.9109 -0.1039
vn 0.9986 0.0527 0.0063
vn 0.0529 -0.9910 -0.1232
vn 0.0947 -0.9873 -0.1277
vn 0.3796 -0.9157 -0.1317
vn -0.0540 -0.2278 0.9722
vn 0.9984 0.0545 0.0121
vn 0.0564 -0.9747 -0.2163
vn -0.1384 -0.2446 0.9597
vn 0.1041 -0.9701 -0.2191
vn -0.4857 -0.3204 0.8133
vn 0.3153 -0.9228 -0.2213
vn -0.9686 -0.2483 0.0109
vn -0.4802 -0.3231 0.8155
vn 0.2459 -0.9463 -0.2099
vn -0.9706 -0.2394 0.0237
vn 0.2309 -0.9651 -0.1238
vn -0.9728 -0.2311 0.0146
vn 0.2335 -0.9672 -0.1001
vn 0.4857 0.2111 -0.8483
vn 0.2268 -0.9705 -0.0818
vn -0.9612 -0.2298 -0.1529
vn 0.7343 0.2463 -0.6325
vn 0.2618 -0.9619 -0.0789
vn 0.3002 -0.5523 -0.7778
vn -0.1149 -0.9320 -0.3437
vn -0.9951 -0.0960 0.0234
vn -0.9851 -0.1708 0.0201
vn 0.5441 0.0391 -0.8381
vn 0.0485 -0.9956 0.0800
vn 0.4041 -0.6605 -0.6328
vn 0.1730 -0.8061 -0.5660
vn 0.0779 -0.8290 -0.5538
vn -0.0783 -0.8285 -0.5545
vn -0.1649 -0.7966 -0.5816
vn -0.0342 -0.9992 -0.0183
vn -0.1780 -0.8641 -0.4708
vn -0.9253 -0.2259 -0.3047
vn -0.3934 -0.7888 -0.4723
vn 0.0749 0.2750 -0.9585
vn 0.1149 -0.9320 -0.3437
vn 0.9851 -0.1709 0.0201
vn 0.9951 -0.0960 0.0234
vt 0.437720 0.312780
vt 0.423320 0.312780
vt 0.424090 0.277330
vt 0.440380 0.277510
vt 0.424660 0.248610
vt 0.445270 0.248720
vt 0.424660 0.241150
vt 0.448540 0.240120
vt 0.398800 0.312780
vt 0.399100 0.278130
vt 0.398860 0.249610
vt 0.398880 0.242560
vt 0.360520 0.312780
vt 0.361330 0.279100
vt 0.362960 0.251990
vt 0.364570 0.244470
vt 0.311680 0.312780
vt 0.313720 0.281490
vt 0.317850 0.256070
vt 0.322790 0.248360
vt 0.293490 0.312780
vt 0.297150 0.282400
vt 0.302330 0.259110
vt 0.307410 0.250640
vt 0.322240 0.229270
vt 0.335780 0.228010
vt 0.368160 0.225950
vt 0.398700 0.224340
vt 0.425140 0.223370
vt 0.454350 0.230690
vt 0.458070 0.227640
vt 0.279420 0.312500
vt 0.277020 0.312500
vt 0.276640 0.281940
vt 0.279030 0.281940
vt 0.276030 0.258500
vt 0.278420 0.258500
vt 0.275410 0.249980
vt 0.277810 0.249980
vt 0.274190 0.228740
vt 0.276340 0.228480
vt 0.275440 0.259570
vt 0.275270 0.252220
vt 0.276540 0.282060
vt 0.275590 0.260680
vt 0.277210 0.312500
vt 0.424090 0.348240
vt 0.440380 0.348060
vt 0.424660 0.376960
vt 0.445270 0.376850
vt 0.424660 0.384420
vt 0.448540 0.385450
vt 0.399100 0.347430
vt 0.398860 0.375960
vt 0.398880 0.383000
vt 0.361330 0.346460
vt 0.362960 0.373570
vt 0.364570 0.381100
vt 0.313720 0.344080
vt 0.317850 0.369490
vt 0.322790 0.377210
vt 0.297150 0.343160
vt 0.302330 0.366460
vt 0.307410 0.374930
vt 0.322240 0.396300
vt 0.335780 0.397560
vt 0.368160 0.399610
vt 0.398700 0.401230
vt 0.425140 0.402190
vt 0.454350 0.394870
vt 0.458070 0.397920
vt 0.276640 0.343070
vt 0.279030 0.343070
vt 0.276030 0.366500
vt 0.278420 0.366500
vt 0.275410 0.375020
vt 0.277810 0.375020
vt 0.274190 0.396260
vt 0.276340 0.396520
vt 0.275270 0.372780
vt 0.275440 0.365440
vt 0.276540 0.342940
vt 0.275590 0.364320
vt 0.273700 0.228710
vt 0.345670 0.824740
vt 0.337340 0.833080
vt 0.273700 0.396290
vt 0.349760 0.833700
vt 0.349760 0.833960
vt 0.350410 0.834010
vt 0.350410 0.833710
vt 0.350930 0.834100
vt 0.350940 0.833720
vt 0.351090 0.834160
vt 0.351060 0.833720
vt 0.349760 0.833250
vt 0.350390 0.833250
vt 0.350920 0.833250
vt 0.351050 0.833250
vt 0.349760 0.832550
vt 0.350380 0.832560
vt 0.350870 0.832590
vt 0.351010 0.832620
vt 0.349760 0.831650
vt 0.350330 0.831690
vt 0.350800 0.831760
vt 0.350940 0.831850
vt 0.351310 0.832090
vt 0.351350 0.832690
vt 0.351380 0.833250
vt 0.351400 0.833730
vt 0.351260 0.834270
vt 0.351320 0.834330
vt 0.349110 0.834010
vt 0.349110 0.833710
vt 0.348590 0.834100
vt 0.348580 0.833720
vt 0.348430 0.834160
vt 0.348460 0.833720
vt 0.349120 0.833250
vt 0.348600 0.833250
vt 0.348470 0.833250
vt 0.349140 0.832560
vt 0.348650 0.832590
vt 0.348510 0.832620
vt 0.349190 0.831690
vt 0.348720 0.831760
vt 0.348580 0.831850
vt 0.348210 0.832090
vt 0.348170 0.832690
vt 0.348140 0.833250
vt 0.348120 0.833730
vt 0.348260 0.834270
vt 0.348200 0.834330
vt 0.347290 0.843710
s 0
usemtl mat1
f 1630/1321/1191 1636/1322/1191 1637/1323/1191 1631/1324/1191
f 1631/1324/1192 1637/1323/1192 1638/1325/1192 1632/1326/1192
f 1632/1326/1193 1638/1325/1193 1639/1327/1193 1633/1328/1193
f 1636/1322/1194 1641/1329/1194 1642/1330/1194 1637/1323/1194
f 1637/1323/1195 1642/1330/1195 1643/1331/1195 1638/1325/1195
f 1638/1325/1196 1643/1331/1196 1644/1332/1196 1639/1327/1196
f 1641/1329/1197 1646/1333/1197 1647/1334/1197 1642/1330/1197
f 1642/1330/1198 1647/1334/1198 1648/1335/1198 1643/1331/1198
f 1643/1331/1199 1648/1335/1199 1649/1336/1199 1644/1332/1199
f 1646/1333/1200 1651/1337/1200 1652/1338/1200 1647/1334/1200
f 1647/1334/1201 1652/1338/1201 1653/1339/1201 1648/1335/1201
f 1648/1335/1202 1653/1339/1202 1654/1340/1202 1649/1336/1202
f 1651/1337/1203 1656/1341/1203 1657/1342/1203 1652/1338/1203
f 1652/1338/1204 1657/1342/1204 1658/1343/1204 1653/1339/1204
f 1653/1339/1205 1658/1343/1205 1659/1344/1205 1654/1340/1205
f 1654/1340/1206 1659/1344/1206 1655/1345/1206 1650/1346/1206
f 1645/1347/1207 1649/1336/1207 1654/1340/1207 1650/1346/1207
f 1640/1348/1208 1644/1332/1208 1649/1336/1208 1645/1347/1208
f 1635/1349/1209 1639/1327/1209 1644/1332/1209 1640/1348/1209
f 1635/1349/1210 1634/1350/1210 1633/1328/1210 1639/1327/1210
f 1635/1349/1211 1629/1351/1211 1634/1350/1211
f 1656/1352/1212 1661/1353/1212 1662/1354/1212 1657/1355/1212
f 1657/1355/1213 1662/1354/1213 1663/1356/1213 1658/1357/1213
f 1658/1357/1214 1663/1356/1214 1664/1358/1214 1659/1359/1214
f 1659/1359/1215 1664/1358/1215 1660/1360/1215 1655/1361/1215
f 1663/1356/1216 1665/1362/1216 1666/1363/1216 1664/1358/1216
f 1665/1362/1217 1663/1356/1217 1662/1354/1217
f 1665/1362/1218 1662/1354/1218 1668/1364/1218 1669/1365/1218
f 1662/1354/1219 1661/1353/1219 1667/1366/1219 1668/1364/1219
f 1676/1367/1220 1636/1322/1220 1630/1321/1220 1671/1368/1220
f 1677/1369/1221 1676/1367/1221 1671/1368/1221 1672/1370/1221
f 1678/1371/1222 1677/1369/1222 1672/1370/1222 1673/1372/1222
f 1680/1373/1223 1641/1329/1223 1636/1322/1223 1676/1367/1223
f 1681/1374/1224 1680/1373/1224 1676/1367/1224 1677/1369/1224
f 1682/1375/1225 1681/1374/1225 1677/1369/1225 1678/1371/1225
f 1684/1376/1226 1646/1333/1226 1641/1329/1226 1680/1373/1226
f 1685/1377/1227 1684/1376/1227 1680/1373/1227 1681/1374/1227
f 1686/1378/1228 1685/1377/1228 1681/1374/1228 1682/1375/1228
f 1688/1379/1229 1651/1337/1229 1646/1333/1229 1684/1376/1229
f 1689/1380/1230 1688/1379/1230 1684/1376/1230 1685/1377/1230
f 1690/1381/1231 1689/1380/1231 1685/1377/1231 1686/1378/1231
f 1692/1382/1232 1656/1341/1232 1651/1337/1232 1688/1379/1232
f 1693/1383/1233 1692/1382/1233 1688/1379/1233 1689/1380/1233
f 1694/1384/1234 1693/1383/1234 1689/1380/1234 1690/1381/1234
f 1691/1385/1235 1694/1384/1235 1690/1381/1235 1687/1386/1235
f 1690/1381/1236 1686/1378/1236 1683/1387/1236 1687/1386/1236
f 1686/1378/1237 1682/1375/1237 1679/1388/1237 1683/1387/1237
f 1682/1375/1238 1678/1371/1238 1675/1389/1238 1679/1388/1238
f 1673/1372/1239 1674/1390/1239 1675/1389/1239 1678/1371/1239
f 1670/1391/1240 1675/1389/1240 1674/1390/1240
f 1696/1392/1241 1661/1353/1241 1656/1352/1241 1692/1393/1241
f 1697/1394/1242 1696/1392/1242 1692/1393/1242 1693/1395/1242
f 1698/1396/1243 1697/1394/1243 1693/1395/1243 1694/1397/1243
f 1695/1398/1244 1698/1396/1244 1694/1397/1244 1691/1399/1244
f 1700/1400/1245 1699/1401/1245 1697/1394/1245 1698/1396/1245
f 1697/1394/1246 1699/1401/1246 1696/1392/1246
f 1701/1402/1247 1696/1392/1247 1699/1401/1247 1702/1403/1247
f 1667/1366/1248 1661/1353/1248 1696/1392/1248 1701/1402/1248
f 1664/1358/1249 1666/1363/1249 1703/1404/1249 1660/1360/1249
f 1704/1405/1250 1703/1405/1250 1666/1406/1250
f 1666/1406/1251 1705/1406/1251 1704/1405/1251
f 1706/1405/1252 1707/1405/1252 1700/1406/1252
f 1708/1406/1253 1700/1406/1253 1707/1405/1253
f 1706/1407/1254 1700/1400/1254 1698/1396/1254 1695/1398/1254
f 1636/1408/1255 1630/1409/1255 1710/1409/1255 1716/1408/1255
f 1630/1409/1256 1631/1410/1256 1711/1410/1256 1710/1409/1256
f 1711/1410/1257 1717/1411/1257 1716/1408/1257 1710/1409/1257
f 1631/1410/1258 1632/1412/1258 1712/1412/1258 1711/1410/1258
f 1712/1412/1259 1718/1413/1259 1717/1411/1259 1711/1410/1259
f 1632/1412/1260 1633/1414/1260 1713/1414/1260 1712/1412/1260
f 1713/1414/1261 1719/1415/1261 1718/1413/1261 1712/1412/1261
f 1641/1416/1262 1636/1408/1262 1716/1408/1262 1721/1416/1262
f 1717/1411/1263 1722/1417/1263 1721/1416/1263 1716/1408/1263
f 1718/1413/1264 1723/1418/1264 1722/1417/1264 1717/1411/1264
f 1719/1415/1265 1724/1419/1265 1723/1418/1265 1718/1413/1265
f 1646/1420/1266 1641/1416/1266 1721/1416/1266 1726/1420/1266
f 1722/1417/1267 1727/1421/1267 1726/1420/1267 1721/1416/1267
f 1723/1418/1268 1728/1422/1268 1727/1421/1268 1722/1417/1268
f 1724/1419/1269 1729/1423/1269 1728/1422/1269 1723/1418/1269
f 1651/1424/1270 1646/1420/1270 1726/1420/1270 1731/1424/1270
f 1652/1425/1271 1651/1424/1271 1731/1424/1271 1732/1425/1271
f 1727/1421/1272 1732/1425/1272 1731/1424/1272 1726/1420/1272
f 1653/1426/1273 1652/1425/1273 1732/1425/1273 1733/1426/1273
f 1728/1422/1274 1733/1426/1274 1732/1425/1274 1727/1421/1274
f 1654/1427/1275 1653/1426/1275 1733/1426/1275 1734/1427/1275
f 1729/1423/1276 1734/1427/1276 1733/1426/1276 1728/1422/1276
f 1650/1428/1277 1654/1427/1277 1734/1427/1277 1730/1428/1277
f 1645/1429/1278 1650/1428/1278 1730/1428/1278 1725/1429/1278
f 1730/1428/1279 1734/1427/1279 1729/1423/1279 1725/1429/1279
f 1640/1430/1280 1645/1429/1280 1725/1429/1280 1720/1430/1280
f 1725/1429/1281 1729/1423/1281 1724/1419/1281 1720/1430/1281
f 1635/1431/1282 1640/1430/1282 1720/1430/1282 1715/1431/1282
f 1720/1430/1283 1724/1419/1283 1719/1415/1283 1715/1431/1283
f 1633/1414/1284 1634/1432/1284 1714/1432/1284 1713/1414/1284
f 1719/1415/1285 1713/1414/1285 1714/1432/1285 1715/1431/1285
f 1629/1433/1286 1635/1431/1286 1715/1431/1286 1709/1433/1286
f 1634/1432/1287 1629/1433/1287 1709/1433/1287 1714/1432/1287
f 1714/1432/1288 1709/1433/1288 1715/1431/1288
f 1630/1409/1289 1636/1408/1289 1742/1408/1289 1736/1409/1289
f 1671/1434/1290 1630/1409/1290 1736/1409/1290 1737/1434/1290
f 1737/1434/1291 1736/1409/1291 1742/1408/1291 1743/1435/1291
f 1672/1436/1292 1671/1434/1292 1737/1434/1292 1738/1436/1292
f 1738/1436/1293 1737/1434/1293 1743/1435/1293 1744/1437/1293
f 1673/1438/1294 1672/1436/1294 1738/1436/1294 1739/1438/1294
f 1739/1438/1295 1738/1436/1295 1744/1437/1295 1745/1439/1295
f 1636/1408/1296 1641/1416/1296 1747/1416/1296 1742/1408/1296
f 1743/1435/1297 1742/1408/1297 1747/1416/1297 1748/1440/1297
f 1744/1437/1298 1743/1435/1298 1748/1440/1298 1749/1441/1298
f 1745/1439/1299 1744/1437/1299 1749/1441/1299 1750/1442/1299
f 1641/1416/1300 1646/1420/1300 1752/1420/1300 1747/1416/1300
f 1748/1440/1301 1747/1416/1301 1752/1420/1301 1753/1443/1301
f 1749/1441/1302 1748/1440/1302 1753/1443/1302 1754/1444/1302
f 1750/1442/1303 1749/1441/1303 1754/1444/1303 1755/1445/1303
f 1651/1424/1304 1688/1446/1304 1758/1446/1304 1757/1424/1304
f 1646/1420/1305 1651/1424/1305 1757/1424/1305 1752/1420/1305
f 1753/1443/1306 1752/1420/1306 1757/1424/1306 1758/1446/1306
f 1688/1446/1307 1689/1447/1307 1759/1447/1307 1758/1446/1307
f 1754/1444/1308 1753/1443/1308 1758/1446/1308 1759/1447/1308
f 1689/1447/1309 1690/1448/1309 1760/1448/1309 1759/1447/1309
f 1755/1445/1310 1754/1444/1310 1759/1447/1310 1760/1448/1310
f 1687/1449/1311 1683/1450/1311 1751/1450/1311 1756/1449/1311
f 1690/1448/1312 1687/1449/1312 1756/1449/1312 1760/1448/1312
f 1756/1449/1313 1751/1450/1313 1755/1445/1313 1760/1448/1313
f 1683/1450/1314 1679/1451/1314 1746/1451/1314 1751/1450/1314
f 1751/1450/1315 1746/1451/1315 1750/1442/1315 1755/1445/1315
f 1679/1451/1316 1675/1452/1316 1741/1452/1316 1746/1451/1316
f 1746/1451/1317 1741/1452/1317 1745/1439/1317 1750/1442/1317
f 1674/1453/1318 1673/1438/1318 1739/1438/1318 1740/1453/1318
f 1745/1439/1319 1741/1452/1319 1740/1453/1319 1739/1438/1319
f 1675/1452/1320 1670/1454/1320 1735/1454/1320 1741/1452/1320
f 1670/1454/1321 1674/1453/1321 1740/1453/1321 1735/1454/1321
f 1740/1453/1322 1741/1452/1322 1735/1454/1322
f 1760/1448/1323 1708/1455/1323 1707/1455/1323 1756/1449/1323
f 1707/1455/1324 1706/1455/1324 1756/1449/1324
f 1695/1398/1325 1691/1399/1325 1706/1407/1325
f 1706/1455/1326 1691/1455/1326 1687/1455/1326 1756/1449/1326
f 1760/1448/1327 1759/1447/1327 1708/1455/1327
f 1708/1455/1328 1702/1455/1328 1699/1455/1328 1700/1455/1328
f 1702/1455/1329 1708/1455/1329 1759/1447/1329 1758/1446/1329
f 1701/1455/1330 1702/1455/1330 1758/1446/1330
f 1757/1424/1331 1667/1455/1331 1701/1455/1331 1758/1446/1331
f 1667/1455/1332 1757/1424/1332 1732/1425/1332 1668/1455/1332
f 1732/1425/1333 1733/1426/1333 1669/1455/1333 1668/1455/1333
f 1665/1455/1334 1669/1455/1334 1666/1455/1334
f 1733/1426/1335 1734/1427/1335 1666/1455/1335 1669/1455/1335
f 1666/1455/1336 1734/1427/1336 1705/1455/1336
f 1734/1427/1337 1730/1428/1337 1704/1455/1337
f 1704/1455/1338 1705/1455/1338 1734/1427/1338
f 1704/1455/1339 1730/1428/1339 1703/1455/1339
f 1730/1428/1340 1650/1455/1340 1655/1455/1340 1703/1455/1340
f 1660/1360/1341 1703/1404/1341 1655/1361/1341
o interior
v 0.974788 0.833577 0.768914
v 1.093412 0.662129 0.756687
v 1.091150 0.426644 0.806378
v 1.079508 0.249942 0.849800
v 1.100079 0.206646 0.859798
v 1.073325 0.064957 0.909470
v 1.012182 -0.033660 0.949082
v 0.928365 0.833576 0.766845
v 0.928376 0.662128 0.754619
v 0.928376 0.426643 0.804310
v 0.928375 0.249941 0.847732
v 0.928376 0.206645 0.857729
v 0.928374 0.064956 0.907402
v 0.928369 -0.033660 0.947014
v 0.928375 0.661973 0.452845
v 0.928375 0.426487 0.462651
v 0.928374 0.249785 0.545958
v 0.928376 0.206489 0.559945
v 0.928374 0.064800 0.597652
v 0.928368 -0.033817 0.607349
v 0.953904 0.847402 0.450423
v -0.000014 -0.033817 0.487302
v -0.974788 0.833577 0.768914
v -1.093412 0.662129 0.756687
v -1.091150 0.426644 0.806378
v -1.079508 0.249942 0.849800
v -1.100079 0.206646 0.859798
v -1.073325 0.064957 0.909470
v -1.012182 -0.033660 0.949082
v -0.928365 0.833576 0.766845
v -0.928376 0.662128 0.754619
v -0.928376 0.426643 0.804310
v -0.928375 0.249941 0.847732
v -0.928376 0.206645 0.857729
v -0.928374 0.064956 0.907402
v -0.928369 -0.033660 0.947014
v -0.928375 0.661973 0.452845
v -0.928375 0.426487 0.462651
v -0.928374 0.249785 0.545958
v -0.928376 0.206489 0.559945
v -0.928374 0.064800 0.597652
v -0.928368 -0.033817 0.607349
v -0.953904 0.847402 0.450423
v 1.006399 -0.052074 2.301192
v -1.006399 -0.052074 2.301192
v 0.994982 0.748369 2.340625
v 0.937353 0.766049 2.469994
v -0.937353 0.766049 2.469994
v -0.994982 0.748369 2.340625
v -0.706537 0.760876 2.548865
v 0.706537 0.760876 2.548865
v 0.396826 0.769179 2.613157
v -0.396826 0.769179 2.613157
v 0.000000 0.781703 2.643913
v 1.093413 0.592375 2.386354
v 1.092064 0.371625 2.380651
v 1.081684 0.196498 2.366477
v 1.091159 0.168201 2.360636
v 1.069273 0.038750 2.328221
v -0.000002 0.748369 2.340203
v -0.000002 0.592375 2.385935
v -0.000002 0.371625 2.380231
v -0.000002 0.196498 2.366056
v -0.000002 0.168201 2.360215
v -0.000002 0.038751 2.327801
v -0.000002 -0.052074 2.300771
v -1.093413 0.592375 2.386354
v -1.092064 0.371625 2.380651
v -1.081684 0.196498 2.366477
v -1.091159 0.168201 2.360636
v -1.069273 0.038750 2.328221
v 0.000000 1.235463 1.766950
v 0.000000 0.940020 -0.661630
v 0.000000 1.228625 0.267482
v 0.000000 0.959710 -0.605972
v -0.743798 1.193282 1.722532
v -0.419944 1.216564 1.746922
v -0.818585 1.127713 0.411401
v -0.816327 1.146339 1.704092
v -0.786817 1.218623 0.926925
v -0.796718 1.206428 1.435797
v -0.800248 1.182037 0.701869
v -0.845532 0.991729 2.097271
v -0.898595 0.978128 2.030358
v -0.937353 0.766049 2.469994
v -0.994982 0.748369 2.340625
v -0.974788 0.833577 0.768914
v -0.953884 0.847922 0.462497
v -0.917582 0.868846 -0.011096
v -0.796431 0.897851 -0.558731
v -0.451572 0.925343 -0.632540
v -0.843291 1.002539 -0.056267
v -0.866901 0.887455 -0.308989
v -0.938657 0.879410 0.456746
v -0.838558 1.089465 0.474291
v -0.915228 0.931859 0.520333
v -0.938784 0.880504 0.481375
v -0.900889 0.898887 -0.021246
v -0.887524 0.915921 -0.055190
v -0.854020 0.977901 -0.069357
v -0.423098 1.209368 0.281556
v -0.699166 1.074503 -0.087897
v -0.671924 1.178614 0.295749
v -0.691711 1.169951 0.273135
v -0.449173 0.946393 -0.572367
v -0.697364 0.973540 -0.382662
v -0.652137 0.946481 -0.481597
v -0.556029 0.939838 -0.543784
v 0.000000 1.219055 1.759097
v 0.000000 1.242390 0.391417
v 0.000000 1.315532 0.917705
v 0.000000 1.294581 1.475078
v 0.000000 1.287027 0.660454
v 0.000000 0.924285 -0.651611
v 0.000000 1.212164 0.275126
v 0.000000 0.943975 -0.595953
v -0.713261 1.190373 0.433926
v -0.731846 1.178379 1.715464
v -0.675338 1.264390 0.924945
v -0.692774 1.253240 1.442918
v -0.686603 1.236194 0.677636
v -0.417804 1.225887 0.414008
v -0.405037 1.267727 0.666376
v -0.406971 1.294591 0.923048
v -0.407104 1.276880 1.458708
v -0.417751 1.200263 1.739125
v -0.796281 1.119714 0.414559
v -0.799260 1.134932 1.697844
v -0.770228 1.206172 0.928147
v -0.779905 1.194140 1.433574
v -0.776721 1.174303 0.703851
v -0.826766 0.982291 2.088878
v -0.880156 0.968398 2.022017
v -0.917276 0.757970 2.461408
v -0.974906 0.740290 2.332039
v -0.929837 0.833190 0.769927
v -0.926782 0.847402 0.463704
v -0.890674 0.868058 -0.008695
v -0.754695 1.053045 -0.068852
v -0.785808 0.883038 -0.549352
v -0.448651 0.909720 -0.622655
v -0.820774 0.995396 -0.050908
v -0.843392 0.881164 -0.302940
v -0.911587 0.878834 0.458025
v -0.811329 1.089182 0.475124
v -0.888079 0.931429 0.521410
v -0.911613 0.880117 0.482418
v -0.874029 0.898098 -0.018353
v -0.860780 0.915145 -0.051491
v -0.827277 0.977125 -0.065657
v -0.420305 1.193050 0.289163
v -0.694956 1.058674 -0.079174
v -0.667913 1.162456 0.303329
v -0.687672 1.153798 0.280723
v -0.446149 0.930777 -0.562493
v -0.693019 0.958076 -0.372941
v -0.647798 0.931019 -0.471872
v -0.551691 0.924376 -0.534058
v -0.827118 0.976337 2.029523
v -0.738208 1.159760 1.677212
v -0.919445 0.750394 2.375267
v -0.730113 1.227913 1.438913
v -0.962049 0.758472 2.414554
v -0.716002 1.239441 0.926317
v -0.725222 1.209671 0.688870
v -0.748839 1.160092 0.425627
v -0.783012 1.028341 -0.061163
v -0.810485 0.882235 -0.443754
v -0.826630 0.893396 -0.451707
v 0.000000 1.235463 1.766950
v 0.000000 0.940020 -0.661630
v 0.000000 1.228625 0.267482
v 0.000000 0.959710 -0.605972
v 0.743798 1.193282 1.722532
v 0.419944 1.216564 1.746922
v 0.818585 1.127713 0.411401
v 0.816327 1.146339 1.704092
v 0.786817 1.218623 0.926925
v 0.796718 1.206428 1.435797
v 0.800248 1.182037 0.701869
v 0.845532 0.991729 2.097271
v 0.898595 0.978128 2.030358
v 0.937353 0.766049 2.469994
v 0.994982 0.748369 2.340625
v 0.974788 0.833577 0.768914
v 0.953884 0.847922 0.462497
v 0.917582 0.868846 -0.011096
v 0.796431 0.897851 -0.558731
v 0.451572 0.925343 -0.632540
v 0.843291 1.002539 -0.056267
v 0.866901 0.887455 -0.308989
v 0.938657 0.879410 0.456746
v 0.838558 1.089465 0.474291
v 0.915228 0.931859 0.520333
v 0.938784 0.880504 0.481375
v 0.900889 0.898887 -0.021246
v 0.887524 0.915921 -0.055190
v 0.854020 0.977901 -0.069357
v 0.423098 1.209368 0.281556
v 0.699166 1.074503 -0.087897
v 0.671924 1.178614 0.295749
v 0.691711 1.169951 0.273135
v 0.449173 0.946393 -0.572367
v 0.697364 0.973540 -0.382662
v 0.652137 0.946481 -0.481597
v 0.556029 0.939838 -0.543784
v 0.000000 1.219055 1.759097
v 0.000000 1.242390 0.391417
v 0.000000 1.315532 0.917705
v 0.000000 1.294581 1.475078
v 0.000000 1.287027 0.660454
v 0.000000 0.924285 -0.651611
v 0.000000 1.212164 0.275126
v 0.000000 0.943975 -0.595953
v 0.713261 1.190373 0.433926
v 0.731846 1.178379 1.715464
v 0.675338 1.264390 0.924945
v 0.692774 1.253240 1.442918
v 0.686603 1.236194 0.677636
v 0.417804 1.225887 0.414008
v 0.405037 1.267727 0.666376
v 0.406971 1.294591 0.923048
v 0.407104 1.276880 1.458708
v 0.417751 1.200263 1.739125
v 0.796281 1.119714 0.414559
v 0.799260 1.134932 1.697844
v 0.770228 1.206172 0.928147
v 0.779905 1.194140 1.433574
v 0.776721 1.174303 0.703851
v 0.826766 0.982291 2.088878
v 0.880156 0.968398 2.022017
v 0.917276 0.757970 2.461408
v 0.974906 0.740290 2.332039
v 0.929837 0.833190 0.769927
v 0.926782 0.847402 0.463704
v 0.890674 0.868058 -0.008695
v 0.754695 1.053045 -0.068852
v 0.785808 0.883038 -0.549352
v 0.448651 0.909720 -0.622655
v 0.820774 0.995396 -0.050908
v 0.843392 0.881164 -0.302940
v 0.911587 0.878834 0.458025
v 0.811329 1.089182 0.475124
v 0.888079 0.931429 0.521410
v 0.911613 0.880117 0.482418
v 0.874029 0.898098 -0.018353
v 0.860780 0.915145 -0.051491
v 0.827277 0.977125 -0.065657
v 0.420305 1.193050 0.289163
v 0.694956 1.058674 -0.079174
v 0.667913 1.162456 0.303329
v 0.687672 1.153798 0.280723
v 0.446149 0.930777 -0.562493
v 0.693019 0.958076 -0.372941
v 0.647798 0.931019 -0.471872
v 0.551691 0.924376 -0.534058
v 0.827118 0.976337 2.029523
v 0.738208 1.159760 1.677212
v 0.919445 0.750394 2.375267
v 0.730113 1.227913 1.438913
v 0.962049 0.758472 2.414554
v 0.716002 1.239441 0.926317
v 0.725222 1.209671 0.688870
v 0.748839 1.160092 0.425627
v 0.783012 1.028341 -0.061163
v 0.810485 0.882235 -0.443754
v 0.826630 0.893396 -0.451707
v -0.665875 0.426487 0.344246
v -0.665874 0.249785 0.427553
v -0.665875 0.661973 0.334440
v -0.665876 0.206489 0.441539
v -0.684207 0.847402 0.332017
v -0.665874 0.064800 0.479246
v -0.665870 -0.033817 0.488944
v 0.665189 0.426487 0.344244
v 0.665188 0.249785 0.427551
v 0.665189 0.661973 0.334438
v 0.665189 0.206489 0.441537
v 0.683511 0.847402 0.332015
v 0.665188 0.064800 0.479244
v 0.665184 -0.033817 0.488942
v -0.000014 0.661284 -0.001912
v -0.000014 0.420369 0.008120
v -0.000014 0.240530 0.092905
v -0.000014 0.199393 0.106194
v -0.000014 0.060311 0.143207
v -0.000014 -0.036275 0.152705
v 0.000153 0.847071 -0.004340
v -0.000153 0.847071 -0.004340
v -0.665937 0.420369 0.009762
v -0.665932 0.240532 0.094547
v -0.665937 0.661295 -0.000271
v -0.665935 0.199394 0.107836
v -0.684269 0.847071 -0.002698
v -0.665935 0.060312 0.144849
v -0.665932 -0.036275 0.154347
v 0.665250 0.420369 0.009760
v 0.665246 0.240532 0.094545
v 0.665250 0.661295 -0.000272
v 0.665249 0.199394 0.107834
v 0.683572 0.847071 -0.002699
v 0.665249 0.060312 0.144847
v 0.665245 -0.036275 0.154346
v -0.953904 0.847402 0.450423
v 0.000000 0.943975 -0.595953
v -0.890674 0.868058 -0.008695
v -0.785808 0.883038 -0.549352
v -0.843392 0.881164 -0.302940
v -0.446149 0.930777 -0.562493
v -0.810485 0.882235 -0.443754
v -0.683511 0.847402 0.332015
v -0.000153 0.847071 -0.004340
v 0.000153 0.847071 -0.004340
v -0.683572 0.847071 -0.002699
v -0.824155 1.106799 0.408476
v -0.850216 0.986699 -0.043426
v -0.931419 0.899438 0.456688
v -0.839538 1.076165 0.457408
v -0.914351 0.935600 0.498261
v -0.929987 0.900022 0.470911
v -0.900956 0.918708 -0.016161
v -0.889332 0.929974 -0.038576
v -0.858340 0.975742 -0.048227
v -0.801851 1.098800 0.411633
v -0.827699 0.979556 -0.038068
v -0.904348 0.898862 0.457960
v -0.812308 1.075882 0.458240
v -0.887202 0.935170 0.499338
v -0.902816 0.899635 0.471954
v -0.874097 0.917918 -0.013268
v -0.862588 0.929198 -0.034877
v -0.831597 0.974966 -0.044527
v 0.824155 1.106799 0.408476
v 0.850216 0.986699 -0.043426
v 0.930894 0.899438 0.456688
v 0.839538 1.076165 0.457408
v 0.916251 0.935600 0.498261
v 0.928864 0.900022 0.470911
v 0.900956 0.918708 -0.016161
v 0.889332 0.929974 -0.038576
v 0.858340 0.975742 -0.048227
v 0.801851 1.098800 0.411633
v 0.827699 0.979556 -0.038068
v 0.907806 0.898862 0.457960
v 0.812308 1.075882 0.458240
v 0.887202 0.935170 0.499338
v 0.905674 0.899635 0.471954
v 0.874097 0.917918 -0.013268
v 0.862588 0.929198 -0.034877
v 0.831597 0.974966 -0.044527
v 0.000000 0.766049 2.469994
v 0.000000 0.748369 2.340625
v 0.000000 0.760876 2.548865
v 0.000000 0.769179 2.613157
v 0.918837 0.760324 2.469994
v 0.000000 0.760324 2.469994
v 0.951555 0.802800 2.106532
v 0.000000 0.752797 2.135427
v 0.243848 0.802800 2.106532
v 0.216338 0.760324 2.469994
v 0.180825 0.752797 2.135427
v 0.974308 0.710747 2.158979
v 0.580065 0.823936 2.095646
v 0.585402 0.760324 2.469994
v -0.918837 0.760324 2.469994
v -0.951555 0.802800 2.106532
v -0.243848 0.802800 2.106532
v -0.216338 0.760324 2.469994
v -0.180825 0.752797 2.135427
v -0.974308 0.710747 2.158979
v -0.580065 0.823936 2.095646
v -0.585402 0.760324 2.469994
v 0.928119 0.774013 2.122437
v 0.000000 0.724010 2.151333
v 0.261483 0.774013 2.122437
v 0.198799 0.724010 2.151333
v 0.939857 0.710235 2.158598
v 0.580065 0.795150 2.111551
v -0.928119 0.774013 2.122437
v -0.261483 0.774013 2.122437
v -0.198799 0.724010 2.151333
v -0.941564 0.710235 2.158598
v -0.580064 0.795150 2.111551
v 0.928612 0.737486 2.336293
v 0.241920 0.737486 2.336293
v 0.580557 0.736952 2.336644
v -0.927626 0.737486 2.336293
v -0.240935 0.737486 2.336293
v -0.579572 0.736952 2.336644
v 0.940810 0.739509 2.343877
v 0.976471 0.654734 2.098543
v 0.976120 0.710495 2.145953
v 0.977072 0.551744 2.060679
v 0.969324 0.306897 2.382333
v 0.976719 0.434845 2.045174
v 0.976120 0.355944 2.086830
v 0.000017 0.551744 2.060679
v 0.000017 0.654734 2.098543
v 0.000015 0.356485 2.086837
v 0.000017 0.710495 2.145953
v 0.000017 0.306897 2.382333
v 0.000017 0.739509 2.343877
v 0.196835 0.551744 2.060679
v 0.196835 0.434845 2.045174
v 0.196835 0.654734 2.098543
v 0.196835 0.355944 2.086830
v 0.196835 0.710495 2.145953
v 0.196835 0.306897 2.382333
v 0.196835 0.739509 2.343877
v 0.968545 0.595975 2.388436
v 0.163769 0.551744 2.060679
v 0.163768 0.434845 2.045174
v 0.163769 0.654734 2.098543
v 0.146750 0.356485 2.086837
v 0.163769 0.710495 2.145953
v 0.163769 0.306897 2.382333
v 0.163769 0.739509 2.343877
v 0.000015 0.539791 2.110844
v 0.000015 0.435948 2.098460
v 0.146750 0.539791 2.110844
v 0.146749 0.435948 2.098460
v -0.941276 0.739509 2.343877
v -0.976471 0.654734 2.098543
v -0.976120 0.710495 2.145953
v -0.977072 0.551744 2.060679
v -0.969324 0.306897 2.382333
v -0.976719 0.434845 2.045174
v -0.976120 0.355944 2.086830
v -0.196835 0.551744 2.060679
v -0.196835 0.434845 2.045174
v -0.196835 0.654734 2.098543
v -0.196835 0.355944 2.086830
v -0.196835 0.710495 2.145953
v -0.196835 0.306897 2.382333
v -0.196835 0.739509 2.343877
v -0.968545 0.595975 2.388436
v -0.163769 0.551744 2.060679
v -0.163768 0.434845 2.045174
v -0.163769 0.654734 2.098543
v -0.146750 0.356485 2.086837
v -0.163769 0.710495 2.145953
v -0.163769 0.306897 2.382333
v -0.163769 0.739509 2.343877
v -0.146750 0.539791 2.110844
v -0.146749 0.435948 2.098460
v 0.196835 0.560662 2.063958
v -0.196835 0.560662 2.063958
v 0.977020 0.560662 2.063958
v -0.977020 0.560662 2.063958
v 0.977072 0.555064 2.057238
v 0.196835 0.555064 2.057238
v -0.977072 0.555064 2.057238
v -0.196835 0.555064 2.057238
v 0.196835 0.560373 2.059152
v -0.196835 0.560373 2.059152
v 0.977020 0.560373 2.059152
v -0.977020 0.560373 2.059152
v 0.586845 0.654734 2.098543
v 0.615511 0.710495 2.145953
v 0.476010 0.654734 2.098543
v 0.586988 0.584703 2.077438
v 0.476010 0.585206 2.077622
v 0.449412 0.710495 2.145953
v 0.582424 0.654764 2.141220
v 0.608760 0.707812 2.157037
v 0.480600 0.654764 2.141220
v 0.582555 0.587386 2.122427
v 0.480600 0.587864 2.122427
v 0.456164 0.707812 2.157037
v 0.104355 0.591042 2.067127
v 0.104355 0.675883 2.075869
v 0.106926 0.592409 2.067268
v 0.106926 0.674517 2.075727
v 0.101898 0.592348 2.067263
v 0.101898 0.674577 2.075734
v 0.080091 0.599150 2.067962
v 0.080091 0.667775 2.075033
v 0.084904 0.597549 2.067798
v 0.084904 0.669376 2.075198
v 0.122339 0.596982 2.067739
v 0.122339 0.669943 2.075256
v 0.127458 0.598685 2.067915
v 0.127458 0.668240 2.075082
v 0.104355 0.597639 2.053709
v 0.104355 0.672161 2.061387
v 0.106926 0.598840 2.053824
v 0.106926 0.670962 2.061254
v 0.101898 0.598787 2.053819
v 0.101898 0.671015 2.061261
v 0.080091 0.604761 2.054435
v 0.080091 0.665041 2.060646
v 0.084904 0.603355 2.054289
v 0.084904 0.666447 2.060790
v 0.122339 0.602858 2.054238
v 0.122339 0.666944 2.060843
v 0.127458 0.604352 2.054393
v 0.127458 0.665449 2.060688
v 0.104355 0.624943 2.062382
v 0.104355 0.643663 2.064310
v 0.106926 0.625246 2.062403
v 0.106926 0.643361 2.064269
v 0.101898 0.625233 2.062402
v 0.101898 0.643375 2.064270
v 0.104355 0.623183 2.062200
v 0.104355 0.645423 2.064491
v 0.108683 0.623692 2.062235
v 0.108683 0.644917 2.064424
v 0.100140 0.623679 2.062234
v 0.100140 0.644930 2.064425
v 0.104355 0.624035 2.053907
v 0.104355 0.646280 2.056199
v 0.108670 0.624550 2.053904
v 0.108670 0.645775 2.056090
v 0.100155 0.624537 2.053903
v 0.100155 0.645789 2.056092
v 0.048791 0.633620 2.071899
v 0.065061 0.594549 2.067873
v 0.104338 0.578365 2.066206
v 0.143617 0.594549 2.067873
v 0.159887 0.633620 2.071899
v 0.143617 0.672691 2.075924
v 0.104338 0.688875 2.077593
v 0.065061 0.672691 2.075924
v 0.048791 0.627473 2.131552
v 0.065061 0.588402 2.127527
v 0.104338 0.572218 2.125860
v 0.143617 0.588402 2.127527
v 0.159887 0.627473 2.131552
v 0.143617 0.666545 2.135579
v 0.104338 0.682729 2.137246
v 0.065061 0.666545 2.135579
v 0.104338 0.627473 2.131552
v 0.056031 0.634286 2.065439
v 0.070179 0.600306 2.061939
v 0.104338 0.586232 2.060490
v 0.138498 0.600306 2.061939
v 0.152647 0.634285 2.065439
v 0.138498 0.668264 2.068942
v 0.104338 0.682339 2.070391
v 0.070179 0.668264 2.068942
v 0.104338 0.633659 2.071517
v 0.061694 0.633659 2.071517
v 0.074184 0.603664 2.068426
v 0.104338 0.591239 2.067147
v 0.134494 0.603664 2.068426
v 0.146983 0.633659 2.071517
v 0.134494 0.663655 2.074608
v 0.104338 0.676079 2.075889
v 0.074184 0.663655 2.074608
v -0.104355 0.591042 2.067127
v -0.104355 0.675883 2.075869
v -0.106926 0.592409 2.067268
v -0.106926 0.674517 2.075727
v -0.101898 0.592348 2.067263
v -0.101898 0.674577 2.075734
v -0.080091 0.599150 2.067962
v -0.080091 0.667775 2.075033
v -0.084904 0.597549 2.067798
v -0.084904 0.669376 2.075198
v -0.122339 0.596982 2.067739
v -0.122339 0.669943 2.075256
v -0.127458 0.598685 2.067915
v -0.127458 0.668240 2.075082
v -0.104355 0.597639 2.053709
v -0.104355 0.672161 2.061387
v -0.106926 0.598840 2.053824
v -0.106926 0.670962 2.061254
v -0.101898 0.598787 2.053819
v -0.101898 0.671015 2.061261
v -0.080091 0.604761 2.054435
v -0.080091 0.665041 2.060646
v -0.084904 0.603355 2.054289
v -0.084904 0.666447 2.060790
v -0.122339 0.602858 2.054238
v -0.122339 0.666944 2.060843
v -0.127458 0.604352 2.054393
v -0.127458 0.665449 2.060688
v -0.104355 0.624943 2.062382
v -0.104355 0.643663 2.064310
v -0.106926 0.625246 2.062403
v -0.106926 0.643361 2.064269
v -0.101898 0.625233 2.062402
v -0.101898 0.643375 2.064270
v -0.104355 0.623183 2.062200
v -0.104355 0.645423 2.064491
v -0.108683 0.623692 2.062235
v -0.108683 0.644917 2.064424
v -0.100140 0.623679 2.062234
v -0.100140 0.644930 2.064425
v -0.104355 0.624035 2.053907
v -0.104355 0.646280 2.056199
v -0.108670 0.624550 2.053904
v -0.108670 0.645775 2.056090
v -0.100155 0.624537 2.053903
v -0.100155 0.645789 2.056092
v -0.048791 0.633620 2.071899
v -0.065061 0.594549 2.067873
v -0.104338 0.578365 2.066206
v -0.143617 0.594549 2.067873
v -0.159887 0.633620 2.071899
v -0.143617 0.672691 2.075924
v -0.104338 0.688875 2.077593
v -0.065061 0.672691 2.075924
v -0.048791 0.627473 2.131552
v -0.065061 0.588402 2.127527
v -0.104338 0.572218 2.125860
v -0.143617 0.588402 2.127527
v -0.159887 0.627473 2.131552
v -0.143617 0.666545 2.135579
v -0.104338 0.682729 2.137246
v -0.065061 0.666545 2.135579
v -0.104338 0.627473 2.131552
v -0.056031 0.634286 2.065439
v -0.070179 0.600306 2.061939
v -0.104338 0.586232 2.060490
v -0.138498 0.600306 2.061939
v -0.152647 0.634285 2.065439
v -0.138498 0.668264 2.068942
v -0.104338 0.682339 2.070391
v -0.070179 0.668264 2.068942
v -0.104338 0.633659 2.071517
v -0.061694 0.633659 2.071517
v -0.074184 0.603664 2.068426
v -0.104338 0.591239 2.067147
v -0.134494 0.603664 2.068426
v -0.146983 0.633659 2.071517
v -0.134494 0.663655 2.074608
v -0.104338 0.676079 2.075889
v -0.074184 0.663655 2.074608
v 0.883485 0.591042 2.067127
v 0.883485 0.675883 2.075869
v 0.886056 0.592409 2.067268
v 0.886056 0.674517 2.075727
v 0.881028 0.592348 2.067263
v 0.881028 0.674577 2.075734
v 0.859221 0.599150 2.067962
v 0.859221 0.667775 2.075033
v 0.864034 0.597549 2.067798
v 0.864034 0.669376 2.075198
v 0.901469 0.596982 2.067739
v 0.901469 0.669943 2.075256
v 0.906588 0.598685 2.067915
v 0.906588 0.668240 2.075082
v 0.883485 0.597639 2.053709
v 0.883485 0.672161 2.061387
v 0.886056 0.598840 2.053824
v 0.886056 0.670962 2.061254
v 0.881028 0.598787 2.053819
v 0.881028 0.671015 2.061261
v 0.859221 0.604761 2.054435
v 0.859221 0.665041 2.060646
v 0.864034 0.603355 2.054289
v 0.864034 0.666447 2.060790
v 0.901469 0.602858 2.054238
v 0.901469 0.666944 2.060843
v 0.906588 0.604352 2.054393
v 0.906588 0.665449 2.060688
v 0.883485 0.624943 2.062382
v 0.883485 0.643663 2.064310
v 0.886056 0.625246 2.062403
v 0.886056 0.643361 2.064269
v 0.881028 0.625233 2.062402
v 0.881028 0.643375 2.064270
v 0.883485 0.623183 2.062200
v 0.883485 0.645423 2.064491
v 0.887813 0.623692 2.062235
v 0.887813 0.644917 2.064424
v 0.879271 0.623679 2.062234
v 0.879271 0.644930 2.064425
v 0.883485 0.624035 2.053907
v 0.883485 0.646280 2.056199
v 0.887800 0.624550 2.053904
v 0.887800 0.645775 2.056090
v 0.879285 0.624537 2.053903
v 0.879285 0.645789 2.056092
v 0.827921 0.633620 2.071899
v 0.844191 0.594549 2.067873
v 0.883469 0.578365 2.066206
v 0.922747 0.594549 2.067873
v 0.939017 0.633620 2.071899
v 0.922747 0.672691 2.075924
v 0.883469 0.688875 2.077593
v 0.844191 0.672691 2.075924
v 0.827921 0.627473 2.131552
v 0.844191 0.588402 2.127527
v 0.883469 0.572218 2.125860
v 0.922747 0.588402 2.127527
v 0.939017 0.627473 2.131552
v 0.922747 0.666545 2.135579
v 0.883469 0.682729 2.137246
v 0.844191 0.666545 2.135579
v 0.883469 0.627473 2.131552
v 0.835161 0.634286 2.065439
v 0.849309 0.600306 2.061939
v 0.883469 0.586232 2.060490
v 0.917628 0.600306 2.061939
v 0.931777 0.634285 2.065439
v 0.917628 0.668264 2.068942
v 0.883469 0.682339 2.070391
v 0.849309 0.668264 2.068942
v 0.883469 0.633659 2.071517
v 0.840824 0.633659 2.071517
v 0.853314 0.603664 2.068426
v 0.883469 0.591239 2.067147
v 0.913624 0.603664 2.068426
v 0.926114 0.633659 2.071517
v 0.913624 0.663655 2.074608
v 0.883469 0.676079 2.075889
v 0.853314 0.663655 2.074608
v 0.268491 0.649678 2.075434
v 0.298539 0.579594 2.056718
v 0.371079 0.550565 2.048963
v 0.443618 0.579594 2.056718
v 0.473667 0.649678 2.075434
v 0.443618 0.719762 2.094151
v 0.371079 0.748791 2.101904
v 0.298539 0.719762 2.094151
v 0.268491 0.621099 2.182437
v 0.298539 0.551016 2.163717
v 0.371079 0.521986 2.155965
v 0.443618 0.551016 2.163717
v 0.473667 0.621099 2.182437
v 0.443618 0.691182 2.201155
v 0.371079 0.720212 2.208908
v 0.298539 0.691182 2.201155
v 0.371079 0.621099 2.182437
v 0.276843 0.651134 2.069641
v 0.304446 0.586747 2.052446
v 0.371091 0.560078 2.045322
v 0.437734 0.586747 2.052446
v 0.464888 0.651140 2.069694
v 0.437421 0.715205 2.086808
v 0.371109 0.741742 2.093895
v 0.304796 0.715205 2.086808
v 0.371109 0.649353 2.077726
v 0.284523 0.649353 2.077726
v 0.309882 0.590200 2.061928
v 0.371109 0.565700 2.055385
v 0.432336 0.590200 2.061928
v 0.457694 0.649353 2.077726
v 0.432336 0.708504 2.093526
v 0.371109 0.733006 2.100068
v 0.309882 0.708504 2.093526
v 0.588610 0.649678 2.075434
v 0.618657 0.579594 2.056718
v 0.691197 0.550565 2.048963
v 0.763737 0.579594 2.056718
v 0.793785 0.649678 2.075434
v 0.763736 0.719762 2.094151
v 0.691197 0.748791 2.101904
v 0.618657 0.719762 2.094151
v 0.588610 0.621099 2.182437
v 0.618657 0.551016 2.163717
v 0.691197 0.521986 2.155965
v 0.763737 0.551016 2.163717
v 0.793785 0.621099 2.182437
v 0.763736 0.691182 2.201155
v 0.691197 0.720212 2.208908
v 0.618657 0.691182 2.201155
v 0.691197 0.621099 2.182437
v 0.596961 0.651134 2.069641
v 0.624565 0.586747 2.052446
v 0.691209 0.560078 2.045322
v 0.757853 0.586747 2.052446
v 0.785006 0.651140 2.069694
v 0.757539 0.715205 2.086808
v 0.691227 0.741742 2.093895
v 0.624914 0.715205 2.086808
v 0.691227 0.649353 2.077726
v 0.604641 0.649353 2.077726
v 0.630001 0.590200 2.061928
v 0.691227 0.565700 2.055385
v 0.752454 0.590200 2.061928
v 0.777812 0.649353 2.077726
v 0.752454 0.708504 2.093526
v 0.691227 0.733006 2.100068
v 0.630001 0.708504 2.093526
v 0.938128 0.716948 2.173700
v 0.928189 0.768851 2.142821
v 0.788819 0.737486 2.336293
v 0.794372 0.716948 2.173700
v 0.768880 0.776589 2.142821
v 0.785744 0.767051 2.141526
v 0.801792 0.725503 2.162690
v 0.925803 0.725762 2.160276
v 0.920129 0.762693 2.142177
v 0.791820 0.765922 2.151070
v 0.806490 0.727941 2.170415
v 0.919852 0.728179 2.168208
v 0.914666 0.761939 2.151663
v 0.905215 0.728148 2.168493
v 0.898804 0.762453 2.151586
v 0.894386 0.728125 2.168705
v 0.887069 0.762834 2.151530
v 0.818967 0.727967 2.170171
v 0.808497 0.765484 2.151134
v 0.830310 0.727991 2.169952
v 0.820789 0.765085 2.151193
v 0.853944 0.728041 2.169491
v 0.846400 0.764255 2.151318
v 0.867131 0.728068 2.169233
v 0.860690 0.763792 2.151386
v 0.905161 0.726336 2.164846
v 0.898750 0.763146 2.146898
v 0.894332 0.726314 2.165057
v 0.887015 0.763527 2.146841
v 0.818912 0.726116 2.166545
v 0.808442 0.766136 2.146466
v 0.830255 0.726140 2.166324
v 0.820734 0.765738 2.146525
v 0.853889 0.726209 2.165854
v 0.846345 0.764928 2.146638
v 0.867076 0.726237 2.165597
v 0.860635 0.764465 2.146708
v -0.928612 0.737486 2.336293
v -0.938128 0.716948 2.173700
v -0.928189 0.768851 2.142821
v -0.788819 0.737486 2.336293
v -0.794372 0.716948 2.173700
v -0.768880 0.776589 2.142821
v -0.785744 0.767051 2.141526
v -0.801792 0.725503 2.162690
v -0.925803 0.725762 2.160276
v -0.920129 0.762693 2.142177
v -0.791820 0.765922 2.151070
v -0.806490 0.727941 2.170415
v -0.919852 0.728179 2.168208
v -0.914666 0.761939 2.151663
v -0.905215 0.728148 2.168493
v -0.898804 0.762453 2.151586
v -0.894386 0.728125 2.168705
v -0.887069 0.762834 2.151530
v -0.818967 0.727967 2.170171
v -0.808497 0.765484 2.151134
v -0.830310 0.727991 2.169952
v -0.820789 0.765085 2.151193
v -0.853944 0.728041 2.169491
v -0.846400 0.764255 2.151318
v -0.867131 0.728068 2.169233
v -0.860690 0.763792 2.151386
v -0.905161 0.726336 2.164846
v -0.898750 0.763146 2.146898
v -0.894332 0.726314 2.165057
v -0.887015 0.763527 2.146841
v -0.818912 0.726116 2.166545
v -0.808442 0.766136 2.146466
v -0.830255 0.726140 2.166324
v -0.820734 0.765738 2.146525
v -0.853889 0.726209 2.165854
v -0.846345 0.764928 2.146638
v -0.867076 0.726237 2.165597
v -0.860635 0.764465 2.146708
v -0.257820 0.654734 2.098543
v -0.257819 0.710495 2.145953
v -0.257822 0.551744 2.060679
v -0.257725 0.739509 2.343877
v -0.270790 0.654734 2.098543
v -0.270792 0.551744 2.060679
v -0.270788 0.710495 2.145953
v -0.270629 0.739509 2.343877
v -0.257820 0.646450 2.095498
v -0.270790 0.646450 2.095498
v -0.815965 0.654734 2.098543
v -0.815964 0.710495 2.145953
v -0.815967 0.551744 2.060679
v -0.815869 0.739509 2.343877
v -0.828934 0.654734 2.098543
v -0.828937 0.551744 2.060679
v -0.828933 0.710495 2.145953
v -0.828774 0.739509 2.343877
v -0.815965 0.646450 2.095498
v -0.828935 0.646450 2.095498
v -0.257820 0.655846 2.096639
v -0.257819 0.712524 2.144829
v -0.257822 0.552493 2.058640
v -0.257725 0.741657 2.343563
v -0.270790 0.655754 2.096595
v -0.270792 0.552493 2.058640
v -0.270788 0.712524 2.144829
v -0.270629 0.741657 2.343563
v -0.257820 0.647200 2.093461
v -0.270790 0.647200 2.093461
v -0.815965 0.655754 2.096595
v -0.815964 0.712524 2.144829
v -0.815967 0.552493 2.058640
v -0.815869 0.741657 2.343563
v -0.828934 0.655846 2.096639
v -0.828937 0.552493 2.058640
v -0.828933 0.712524 2.144829
v -0.828774 0.741657 2.343563
v -0.815965 0.647200 2.093461
v -0.828935 0.647200 2.093461
v -0.883485 0.591042 2.067127
v -0.883485 0.675883 2.075869
v -0.886056 0.592409 2.067268
v -0.886056 0.674517 2.075727
v -0.881028 0.592348 2.067263
v -0.881028 0.674577 2.075734
v -0.859221 0.599150 2.067962
v -0.859221 0.667775 2.075033
v -0.864034 0.597549 2.067798
v -0.864034 0.669376 2.075198
v -0.901469 0.596982 2.067739
v -0.901469 0.669943 2.075256
v -0.906588 0.598685 2.067915
v -0.906588 0.668240 2.075082
v -0.883485 0.597639 2.053709
v -0.883485 0.672161 2.061387
v -0.886056 0.598840 2.053824
v -0.886056 0.670962 2.061254
v -0.881028 0.598787 2.053819
v -0.881028 0.671015 2.061261
v -0.859221 0.604761 2.054435
v -0.859221 0.665041 2.060646
v -0.864034 0.603355 2.054289
v -0.864034 0.666447 2.060790
v -0.901469 0.602858 2.054238
v -0.901469 0.666944 2.060843
v -0.906588 0.604352 2.054393
v -0.906588 0.665449 2.060688
v -0.883485 0.624943 2.062382
v -0.883485 0.643663 2.064310
v -0.886056 0.625246 2.062403
v -0.886056 0.643361 2.064269
v -0.881028 0.625233 2.062402
v -0.881028 0.643375 2.064270
v -0.883485 0.623183 2.062200
v -0.883485 0.645423 2.064491
v -0.887813 0.623692 2.062235
v -0.887813 0.644917 2.064424
v -0.879271 0.623679 2.062234
v -0.879271 0.644930 2.064425
v -0.883485 0.624035 2.053907
v -0.883485 0.646280 2.056199
v -0.887800 0.624550 2.053904
v -0.887800 0.645775 2.056090
v -0.879285 0.624537 2.053903
v -0.879285 0.645789 2.056092
v -0.827921 0.633620 2.071899
v -0.844191 0.594549 2.067873
v -0.883469 0.578365 2.066206
v -0.922747 0.594549 2.067873
v -0.939017 0.633620 2.071899
v -0.922747 0.672691 2.075924
v -0.883469 0.688875 2.077593
v -0.844191 0.672691 2.075924
v -0.827921 0.627473 2.131552
v -0.844191 0.588402 2.127527
v -0.883469 0.572218 2.125860
v -0.922747 0.588402 2.127527
v -0.939017 0.627473 2.131552
v -0.922747 0.666545 2.135579
v -0.883469 0.682729 2.137246
v -0.844191 0.666545 2.135579
v -0.883469 0.627473 2.131552
v -0.835161 0.634286 2.065439
v -0.849309 0.600306 2.061939
v -0.883469 0.586232 2.060490
v -0.917628 0.600306 2.061939
v -0.931777 0.634285 2.065439
v -0.917628 0.668264 2.068942
v -0.883469 0.682339 2.070391
v -0.849309 0.668264 2.068942
v -0.883469 0.633659 2.071517
v -0.840824 0.633659 2.071517
v -0.853314 0.603664 2.068426
v -0.883469 0.591239 2.067147
v -0.913624 0.603664 2.068426
v -0.926114 0.633659 2.071517
v -0.913624 0.663655 2.074608
v -0.883469 0.676079 2.075889
v -0.853314 0.663655 2.074608
v 0.944035 0.532074 2.058141
v 0.937162 0.306897 2.382333
v 0.943722 0.434845 2.045174
v 0.943191 0.355944 2.086830
v 0.240846 0.532074 2.058141
v 0.240846 0.434845 2.045174
v 0.240846 0.355944 2.086830
v 0.240846 0.306897 2.382333
v 0.944035 0.533253 2.049253
v 0.937162 0.298053 2.380857
v 0.943722 0.433189 2.035910
v 0.943191 0.347830 2.080975
v 0.240846 0.533253 2.049253
v 0.240846 0.433189 2.035910
v 0.240846 0.347830 2.080975
v 0.240846 0.298053 2.380857
v 0.932623 0.455996 2.038190
v 0.813629 0.463340 2.039244
v 0.932623 0.522548 2.047752
v 0.813629 0.515203 2.046697
v 0.827148 0.522548 2.047752
v 0.827148 0.455996 2.038190
v 0.929428 0.458567 2.032916
v 0.815350 0.465519 2.033914
v 0.929428 0.521566 2.041965
v 0.815350 0.514613 2.040964
v 0.828148 0.521566 2.041965
v 0.828148 0.458567 2.032916
v 0.854730 0.464842 2.038951
v 0.843378 0.464842 2.038951
v 0.843728 0.512248 2.043768
v 0.854710 0.512458 2.043759
v 0.854720 0.475202 2.030215
v 0.843444 0.475160 2.030216
v 0.843650 0.503143 2.034474
v 0.854708 0.503311 2.034467
v 0.913995 0.470321 2.037961
v 0.914157 0.508800 2.042491
v 0.875462 0.508844 2.042492
v 0.875389 0.470264 2.037953
v 0.913995 0.470981 2.032377
v 0.914157 0.509460 2.036906
v 0.875462 0.509505 2.036913
v 0.875389 0.470925 2.032373
v 0.911085 0.506412 2.036657
v 0.878511 0.506443 2.036660
v 0.878443 0.473966 2.032834
v 0.910954 0.474008 2.032843
v 0.911085 0.506714 2.034224
v 0.878511 0.506745 2.034227
v 0.878443 0.474269 2.030405
v 0.910954 0.474310 2.030409
v 0.894818 0.512880 2.037299
v 0.894834 0.517143 2.037688
v 0.894818 0.513211 2.034706
v 0.894834 0.516432 2.043642
v 0.894681 0.467894 2.029401
v 0.894681 0.467565 2.031994
v 0.894672 0.463322 2.031381
v 0.894672 0.462611 2.037338
v 0.894748 0.490553 2.032053
v 0.917363 0.490554 2.032053
v 0.872135 0.490546 2.032053
v 0.917363 0.490225 2.034648
v 0.872135 0.490219 2.034647
v 0.921612 0.490238 2.034537
v 0.867895 0.490229 2.034536
v 0.921612 0.489527 2.040488
v 0.867893 0.489517 2.040487
v 0.898538 0.508446 2.034160
v 0.890983 0.508481 2.034161
v 0.890968 0.472597 2.029939
v 0.898508 0.472643 2.029946
v 0.899665 0.490555 2.032053
v 0.889833 0.490548 2.032053
v 0.897923 0.508854 2.026134
v 0.891594 0.508888 2.026140
v 0.891597 0.474062 2.022040
v 0.897882 0.474106 2.022045
v 0.894762 0.513477 2.026666
v 0.894737 0.469497 2.021515
v 0.894748 0.491488 2.024092
v 0.898856 0.491492 2.024092
v 0.890641 0.491483 2.024090
v 0.000015 0.129252 2.062278
v 0.000017 0.130742 2.355781
v 0.196835 0.134307 2.062878
v 0.196835 0.130742 2.355781
v 0.146750 0.129252 2.062278
v 0.163769 0.130742 2.355781
v -0.196835 0.134307 2.062878
v -0.196835 0.130742 2.355781
v -0.145982 0.134307 2.062878
v -0.163769 0.130742 2.355781
v 0.000021 -0.051387 2.060952
v 0.000021 -0.054952 2.305776
v 0.245137 -0.051387 2.060952
v 0.245137 -0.054952 2.305776
v 0.203957 -0.051387 2.060952
v 0.203957 -0.054952 2.305776
v -0.245137 -0.051387 2.060952
v -0.245137 -0.054952 2.305776
v -0.203957 -0.051387 2.060952
v -0.203957 -0.054952 2.305776
v 0.196835 0.355944 2.041347
v 0.163769 0.355944 2.041347
v -0.196835 0.355944 2.041347
v -0.163769 0.355944 2.041347
v 0.000017 0.134307 2.022593
v 0.196835 0.134307 2.022593
v 0.163769 0.134307 2.022593
v -0.196835 0.134307 2.022593
v -0.163769 0.134307 2.022593
v 0.000021 -0.051387 2.020668
v 0.245137 -0.051387 2.020668
v 0.203957 -0.051387 2.020668
v -0.245137 -0.051387 2.020668
v -0.203957 -0.051387 2.020668
v 0.209801 0.084462 2.022075
v 0.209801 0.084462 2.062359
v 0.209801 0.080897 2.342357
v 0.174557 0.080897 2.342357
v 0.000018 0.080897 2.342357
v -0.209801 0.084462 2.022075
v -0.174557 0.080897 2.342357
v -0.209801 0.084462 2.062359
v -0.209801 0.080897 2.342357
v 0.000017 0.134307 1.964506
v 0.168638 0.134307 1.964506
v 0.163769 0.134307 1.964506
v -0.168638 0.134307 1.964506
v -0.163769 0.134307 1.964506
v 0.000021 -0.051387 1.964504
v 0.210020 -0.051387 1.964504
v 0.203957 -0.051387 1.964504
v -0.210020 -0.051387 1.964504
v -0.203957 -0.051387 1.964504
v 0.179746 0.084462 1.964506
v 0.174557 0.084462 1.964506
v 0.000018 0.084462 1.964506
v -0.174557 0.084462 1.964506
v -0.179746 0.084462 1.964506
v 0.060266 0.134307 1.964506
v -0.161235 0.134307 1.964506
v -0.134150 0.134307 1.964506
v 0.074958 -0.051387 1.964504
v 0.200801 -0.051387 1.964504
v 0.167069 -0.051387 1.964504
v -0.200801 -0.051387 1.964504
v -0.167069 -0.051387 1.964504
v 0.171856 0.084462 1.964506
v 0.136006 0.084462 1.964506
v 0.080367 0.084462 1.964506
v -0.171856 0.084462 1.964506
v 0.060266 0.134307 1.374346
v -0.161235 0.134307 1.374346
v -0.134150 0.134307 1.374346
v 0.074958 -0.051380 1.374345
v 0.200801 -0.051380 1.374345
v 0.167069 -0.051380 1.374345
v -0.200801 -0.051380 1.374345
v -0.167069 -0.051380 1.374345
v 0.171945 0.084427 1.373715
v 0.135916 0.084427 1.373715
v 0.080367 0.084466 1.374346
v -0.171856 0.084466 1.374346
v 0.158617 0.100947 1.964506
v 0.142986 0.100947 1.964506
v 0.158641 0.100995 1.353905
v 0.142932 0.100995 1.353905
v 0.060266 0.134307 1.314566
v -0.161235 0.134307 1.314566
v -0.134150 0.134307 1.314566
v 0.200801 -0.051378 1.314566
v -0.200801 -0.051378 1.314566
v 0.171856 0.084471 1.314566
v -0.171856 0.084467 1.314566
v 0.136014 0.134308 1.314566
v 0.158694 0.134308 1.314566
v 0.142141 0.134308 1.314566
v 0.060266 0.134307 0.870642
v -0.161235 0.134307 0.870642
v -0.134150 0.134307 0.870642
v 0.200801 -0.051378 0.870642
v -0.200801 -0.051378 0.870642
v 0.171856 0.084471 0.870642
v -0.171856 0.084467 0.870642
v 0.136014 0.134308 0.870642
v 0.158694 0.134308 0.870642
v 0.142141 0.134308 0.870642
v 0.103438 -0.051378 1.083025
v -0.103438 -0.051378 1.083025
v 0.055119 0.084471 1.083025
v -0.055119 0.084467 1.083025
v 0.103438 -0.051378 0.152793
v -0.103438 -0.051378 0.152793
v 0.055119 0.084471 0.131250
v -0.055119 0.084467 0.131250
v 0.138916 0.535233 2.110300
v -0.138916 0.535233 2.110300
v 0.138915 0.509102 2.107184
v -0.138915 0.509102 2.107184
v 0.051245 0.509102 2.107184
v 0.051245 0.535233 2.110300
v -0.051231 0.509102 2.107184
v -0.051231 0.535233 2.110300
v -0.035419 0.515163 2.107906
v -0.035419 0.529172 2.109577
v 0.035438 0.515163 2.107907
v 0.035438 0.529172 2.109577
v 0.138916 0.535571 2.107465
v -0.138916 0.535571 2.107465
v 0.138915 0.509440 2.104348
v -0.138915 0.509440 2.104348
v 0.051245 0.509440 2.104348
v 0.051245 0.535571 2.107465
v -0.051231 0.509440 2.104348
v -0.051231 0.535571 2.107465
v -0.035419 0.515501 2.105072
v -0.035419 0.529510 2.106743
v 0.035438 0.515501 2.105072
v 0.035438 0.529510 2.106743
v 0.067158 0.535233 2.110300
v 0.067158 0.535571 2.107465
v 0.067158 0.509440 2.104348
v 0.067158 0.509102 2.107184
v 0.070139 0.535233 2.110300
v 0.070139 0.535571 2.107465
v 0.070139 0.509440 2.104348
v 0.070139 0.509102 2.107184
v 0.107073 0.535571 2.107465
v 0.107073 0.535233 2.110300
v 0.107073 0.509440 2.104348
v 0.107073 0.509102 2.107184
v 0.110054 0.535233 2.110300
v 0.110054 0.535571 2.107465
v 0.110054 0.509440 2.104348
v 0.110054 0.509102 2.107184
v -0.067888 0.535233 2.110300
v -0.067888 0.535571 2.107465
v -0.067888 0.509440 2.104348
v -0.067888 0.509102 2.107184
v -0.070952 0.535233 2.110300
v -0.070952 0.535571 2.107465
v -0.070952 0.509440 2.104348
v -0.070952 0.509102 2.107184
v -0.108733 0.535233 2.110300
v -0.108733 0.535571 2.107465
v -0.108733 0.509440 2.104348
v -0.108733 0.509102 2.107184
v -0.111802 0.535233 2.110300
v -0.111802 0.535571 2.107465
v -0.111801 0.509440 2.104348
v -0.111801 0.509102 2.107184
v -0.078198 0.527182 2.106465
v -0.078198 0.517829 2.105349
v -0.101487 0.527182 2.106465
v -0.101487 0.517829 2.105349
v 0.078764 0.525853 2.106307
v 0.078764 0.519158 2.105509
v 0.100921 0.525853 2.106307
v 0.100921 0.519158 2.105509
v -0.078198 0.527418 2.104485
v -0.078198 0.518065 2.103368
v -0.101487 0.527418 2.104485
v -0.101487 0.518065 2.103368
v 0.078764 0.526090 2.104326
v 0.078764 0.519394 2.103529
v 0.100921 0.526090 2.104326
v 0.100921 0.519394 2.103529
v -0.040563 0.526025 2.106327
v -0.040563 0.518986 2.105489
v -0.063969 0.526025 2.106327
v -0.063969 0.518986 2.105489
v 0.042339 0.526025 2.106327
v 0.042339 0.518986 2.105489
v 0.062193 0.526025 2.106327
v 0.062193 0.518986 2.105489
v -0.040563 0.526261 2.104346
v -0.040563 0.519223 2.103508
v -0.063969 0.526261 2.104346
v -0.063969 0.519223 2.103508
v 0.042339 0.526261 2.104346
v 0.042339 0.519223 2.103508
v 0.062193 0.526261 2.104346
v 0.062193 0.519223 2.103508
v -0.119382 0.525597 2.106277
v -0.119382 0.519414 2.105538
v -0.132056 0.525597 2.106277
v -0.132056 0.519414 2.105538
v 0.119382 0.525597 2.106277
v 0.119382 0.519414 2.105538
v 0.132056 0.525597 2.106277
v 0.132056 0.519414 2.105538
v -0.119382 0.525833 2.104296
v -0.119382 0.519651 2.103557
v -0.132056 0.525833 2.104296
v -0.132056 0.519651 2.103557
v 0.119382 0.525833 2.104296
v 0.119382 0.519651 2.103557
v 0.132056 0.525833 2.104296
v 0.132056 0.519651 2.103557
v 0.000012 0.535698 2.110356
v 0.000012 0.508638 2.107129
v -0.014864 0.508638 2.107129
v -0.014864 0.535698 2.110356
v 0.014886 0.508638 2.107129
v 0.014886 0.535698 2.110356
v 0.000012 0.532033 2.103732
v 0.000012 0.513602 2.101533
v -0.010121 0.513602 2.101533
v -0.010121 0.532033 2.103732
v 0.010142 0.513602 2.101533
v 0.010142 0.532033 2.103732
v 0.123861 0.356485 2.086837
v 0.123859 0.435948 2.098460
v -0.123861 0.356485 2.086837
v -0.123859 0.435948 2.098460
v -0.123860 0.487219 2.104574
v 0.000013 0.487219 2.104574
v 0.123860 0.487219 2.104574
v 0.000013 0.145741 2.064060
v 0.123861 0.145741 2.064060
v -0.123245 0.145742 2.064111
v 0.000012 0.357401 2.079629
v 0.119016 0.357401 2.079629
v 0.000012 0.436904 2.091259
v 0.119015 0.436904 2.091259
v -0.119016 0.357401 2.079629
v -0.119015 0.436904 2.091259
v -0.119015 0.488080 2.097360
v 0.000012 0.488080 2.097360
v 0.119015 0.488080 2.097360
v 0.000011 0.146522 2.056838
v 0.119016 0.146522 2.056838
v -0.118426 0.146521 2.056887
v 0.000007 0.457750 2.093745
v 0.070496 0.457750 2.093745
v -0.070496 0.457750 2.093745
v -0.070496 0.467233 2.094875
v 0.000007 0.467233 2.094875
v 0.070496 0.467233 2.094875
v 0.000007 0.458003 2.091622
v 0.070496 0.458003 2.091622
v -0.070496 0.458003 2.091622
v -0.070496 0.467486 2.092752
v 0.000007 0.467486 2.092752
v 0.070496 0.467486 2.092752
v 0.077613 0.448357 2.092624
v 0.091830 0.448357 2.092624
v 0.077613 0.476626 2.095996
v 0.091830 0.476626 2.095996
v 0.099154 0.455861 2.093517
v 0.070288 0.455861 2.093517
v 0.099155 0.469511 2.095148
v 0.070288 0.469511 2.095148
v 0.077613 0.449000 2.087234
v 0.091830 0.449000 2.087234
v 0.077613 0.477269 2.090607
v 0.091830 0.477269 2.090607
v 0.099154 0.456504 2.088130
v 0.070288 0.456504 2.088130
v 0.099155 0.470154 2.089756
v 0.070288 0.470154 2.089756
v -0.078756 0.448357 2.092624
v -0.092973 0.448357 2.092624
v -0.078756 0.476626 2.095996
v -0.092973 0.476626 2.095996
v -0.100298 0.455861 2.093517
v -0.071431 0.455861 2.093517
v -0.100298 0.469511 2.095148
v -0.071431 0.469511 2.095148
v -0.078756 0.449000 2.087234
v -0.092973 0.449000 2.087234
v -0.078756 0.477269 2.090607
v -0.092973 0.477269 2.090607
v -0.100298 0.456504 2.088130
v -0.071431 0.456504 2.088130
v -0.100298 0.470154 2.089756
v -0.071431 0.470154 2.089756
v 0.000007 0.379255 2.082825
v 0.071203 0.379255 2.082825
v 0.000007 0.415049 2.088062
v 0.071203 0.415049 2.088062
v -0.071204 0.379255 2.082825
v -0.071203 0.415049 2.088062
v 0.000007 0.380673 2.085558
v 0.068078 0.380673 2.085558
v 0.000007 0.412908 2.090274
v 0.068077 0.412908 2.090274
v -0.068078 0.380673 2.085558
v -0.068077 0.412908 2.090274
v 0.071194 0.379846 2.086505
v 0.103263 0.379846 2.086505
v 0.071194 0.414356 2.090621
v 0.103263 0.414356 2.090621
v 0.110957 0.389006 2.087596
v 0.071146 0.389006 2.087596
v 0.110957 0.405670 2.089585
v 0.071146 0.405670 2.089585
v 0.071194 0.380630 2.079926
v 0.103263 0.380630 2.079926
v 0.071194 0.415140 2.084042
v 0.103263 0.415140 2.084042
v 0.110957 0.389791 2.081018
v 0.071146 0.389791 2.081018
v 0.110957 0.406455 2.083006
v 0.071146 0.406455 2.083006
v -0.071119 0.379846 2.086505
v -0.103204 0.379846 2.086505
v -0.071119 0.414356 2.090622
v -0.103204 0.414356 2.090622
v -0.110898 0.389006 2.087596
v -0.071103 0.389006 2.087596
v -0.110898 0.405670 2.089585
v -0.071103 0.405670 2.089585
v -0.071119 0.380630 2.079926
v -0.103204 0.380630 2.079926
v -0.071119 0.415140 2.084042
v -0.103204 0.415140 2.084042
v -0.110898 0.389791 2.081018
v -0.071103 0.389791 2.081018
v -0.110898 0.406455 2.083006
v -0.071103 0.406455 2.083006
v 0.083692 0.383037 2.080575
v 0.097909 0.383037 2.080575
v 0.083692 0.411306 2.083946
v 0.097909 0.411306 2.083946
v 0.105234 0.390541 2.081470
v 0.076367 0.390541 2.081470
v 0.105234 0.404191 2.083098
v 0.076367 0.404191 2.083098
v 0.083692 0.384671 2.068497
v 0.097909 0.384671 2.068497
v 0.083692 0.412940 2.071868
v 0.097909 0.412940 2.071868
v 0.105234 0.392175 2.069391
v 0.076367 0.392175 2.069391
v 0.105234 0.405825 2.071020
v 0.076367 0.405825 2.071020
v -0.083164 0.383037 2.080575
v -0.097382 0.383037 2.080575
v -0.083164 0.411306 2.083946
v -0.097382 0.411306 2.083946
v -0.104706 0.390541 2.081470
v -0.075840 0.390541 2.081470
v -0.104706 0.404191 2.083098
v -0.075840 0.404191 2.083098
v -0.083164 0.384671 2.068497
v -0.097382 0.384671 2.068497
v -0.083164 0.412940 2.071868
v -0.097382 0.412940 2.071868
v -0.104706 0.392175 2.069391
v -0.075840 0.392175 2.069391
v -0.104706 0.405825 2.071020
v -0.075840 0.405825 2.071020
v 0.000038 0.299548 2.074572
v 0.101224 0.299548 2.074572
v 0.000038 0.329710 2.078169
v 0.101224 0.329710 2.078169
v 0.108766 0.307554 2.075526
v 0.108766 0.322118 2.077263
v 0.000038 0.300233 2.068821
v 0.101224 0.300233 2.068821
v 0.000038 0.330396 2.072419
v 0.101224 0.330396 2.072419
v 0.108766 0.308704 2.065906
v 0.000038 0.308704 2.065906
v 0.108766 0.323269 2.067643
v 0.000038 0.323269 2.067643
v -0.101164 0.299548 2.074572
v -0.101164 0.329710 2.078169
v -0.108706 0.307554 2.075526
v -0.108706 0.322118 2.077263
v -0.101164 0.300233 2.068821
v -0.101164 0.330396 2.072419
v -0.108706 0.308704 2.065905
v -0.108706 0.323269 2.067643
v 0.069489 0.300233 2.068821
v 0.069489 0.299548 2.074572
v 0.069516 0.308704 2.065906
v 0.069516 0.323269 2.067643
v 0.069489 0.330396 2.072419
v 0.069489 0.329710 2.078169
v -0.069310 0.308704 2.065905
v -0.069301 0.300233 2.068821
v -0.069310 0.323269 2.067643
v -0.069301 0.299548 2.074572
v -0.069301 0.330396 2.072419
v -0.069301 0.329710 2.078169
v 0.022791 0.300233 2.068821
v 0.022791 0.299548 2.074572
v 0.022798 0.308704 2.065906
v 0.022798 0.323269 2.067643
v 0.022791 0.330396 2.072419
v 0.022791 0.329710 2.078169
v -0.022754 0.299548 2.074572
v -0.022754 0.300233 2.068821
v -0.022757 0.308704 2.065905
v -0.022757 0.323269 2.067643
v -0.022754 0.330396 2.072419
v -0.022754 0.329710 2.078169
v 0.067519 0.308704 2.065906
v 0.067493 0.300233 2.068821
v 0.067519 0.323269 2.067643
v 0.067493 0.299548 2.074572
v 0.067493 0.330396 2.072419
v 0.067493 0.329710 2.078169
v 0.020680 0.308704 2.065906
v 0.020675 0.300233 2.068821
v 0.020680 0.323269 2.067643
v 0.020675 0.299548 2.074572
v 0.020675 0.330396 2.072419
v 0.020675 0.329710 2.078169
v -0.020065 0.308704 2.065905
v -0.020063 0.300233 2.068821
v -0.020065 0.323269 2.067643
v -0.020063 0.299548 2.074572
v -0.020063 0.330396 2.072419
v -0.020063 0.329710 2.078169
v -0.066818 0.308704 2.065905
v -0.066809 0.300233 2.068821
v -0.066818 0.323269 2.067643
v -0.066809 0.299548 2.074572
v -0.066809 0.330396 2.072419
v -0.066809 0.329710 2.078169
v 0.000038 0.161551 2.059080
v 0.101224 0.161551 2.059080
v 0.000038 0.191714 2.062678
v 0.101224 0.191714 2.062678
v 0.108766 0.169558 2.060033
v 0.108766 0.184122 2.061771
v 0.000038 0.162237 2.053329
v 0.101224 0.162237 2.053329
v 0.000038 0.192399 2.056928
v 0.101224 0.192399 2.056928
v 0.108766 0.170708 2.050414
v 0.000038 0.170708 2.050414
v 0.108766 0.185272 2.052151
v 0.000038 0.185272 2.052151
v -0.101164 0.161551 2.059080
v -0.101164 0.191714 2.062678
v -0.108706 0.169558 2.060034
v -0.108706 0.184122 2.061771
v -0.101164 0.162237 2.053329
v -0.101164 0.192399 2.056928
v -0.108706 0.170708 2.050414
v -0.108706 0.185272 2.052150
v 0.069489 0.162237 2.053329
v 0.069489 0.161551 2.059080
v 0.069516 0.170708 2.050414
v 0.069516 0.185272 2.052151
v 0.069489 0.192399 2.056928
v 0.069489 0.191714 2.062678
v -0.069310 0.170708 2.050414
v -0.069301 0.162237 2.053329
v -0.069310 0.185272 2.052151
v -0.069301 0.161551 2.059080
v -0.069301 0.192399 2.056928
v -0.069301 0.191714 2.062678
v 0.022791 0.162237 2.053329
v 0.022791 0.161551 2.059080
v 0.022798 0.170708 2.050414
v 0.022798 0.185272 2.052151
v 0.022791 0.192399 2.056928
v 0.022791 0.191714 2.062678
v -0.022754 0.161551 2.059080
v -0.022754 0.162237 2.053329
v -0.022757 0.170708 2.050414
v -0.022757 0.185272 2.052151
v -0.022754 0.192399 2.056928
v -0.022754 0.191714 2.062678
v 0.067519 0.170708 2.050414
v 0.067493 0.162237 2.053329
v 0.067519 0.185272 2.052151
v 0.067493 0.161551 2.059080
v 0.067493 0.192399 2.056928
v 0.067493 0.191714 2.062678
v 0.020680 0.170708 2.050414
v 0.020675 0.162237 2.053329
v 0.020680 0.185272 2.052151
v 0.020675 0.161551 2.059080
v 0.020675 0.192399 2.056928
v 0.020675 0.191714 2.062678
v -0.020065 0.170708 2.050414
v -0.020063 0.162237 2.053329
v -0.020065 0.185272 2.052151
v -0.020063 0.161551 2.059080
v -0.020063 0.192399 2.056928
v -0.020063 0.191714 2.062678
v -0.066818 0.170708 2.050414
v -0.066809 0.162237 2.053329
v -0.066818 0.185272 2.052151
v -0.066809 0.161551 2.059080
v -0.066809 0.192399 2.056928
v -0.066809 0.191714 2.062678
v 0.106438 0.222185 2.066693
v 0.106650 0.272417 2.071583
v 0.056246 0.272475 2.071585
v 0.056151 0.222112 2.066683
v 0.106438 0.222900 2.059406
v 0.106650 0.273130 2.064292
v 0.056246 0.273189 2.064299
v 0.056151 0.222824 2.059395
v 0.102648 0.269154 2.064046
v 0.060218 0.269194 2.064047
v 0.060129 0.226798 2.059922
v 0.102477 0.226854 2.059927
v 0.102648 0.269482 2.060868
v 0.060218 0.269522 2.060873
v 0.060129 0.227128 2.056746
v 0.102477 0.227183 2.056750
v 0.081458 0.277594 2.064713
v 0.081480 0.283156 2.065109
v 0.081458 0.277956 2.061327
v 0.081480 0.282386 2.072880
v 0.081280 0.218802 2.055606
v 0.081280 0.218440 2.058993
v 0.081268 0.212899 2.058309
v 0.081268 0.212130 2.066083
v 0.081368 0.248379 2.058467
v 0.110825 0.248380 2.058467
v 0.051911 0.248371 2.058467
v 0.110825 0.248021 2.061855
v 0.051912 0.248012 2.061856
v 0.116360 0.248035 2.061709
v 0.046389 0.248022 2.061709
v 0.116360 0.247264 2.069480
v 0.046388 0.247251 2.069480
v 0.086304 0.271736 2.060740
v 0.076464 0.271782 2.060740
v 0.076444 0.224939 2.056187
v 0.086265 0.225000 2.056194
v 0.087772 0.248382 2.058467
v 0.074965 0.248373 2.058467
v 0.085504 0.272058 2.050282
v 0.077259 0.272101 2.050283
v 0.077264 0.226640 2.045859
v 0.085448 0.226698 2.045864
v 0.081386 0.278091 2.050848
v 0.081353 0.220682 2.045298
v 0.081368 0.249388 2.048077
v 0.086719 0.249394 2.048076
v 0.076018 0.249382 2.048076
v 0.024444 0.222185 2.066693
v 0.024656 0.272417 2.071583
v -0.025748 0.272475 2.071585
v -0.025844 0.222112 2.066683
v 0.024444 0.222900 2.059406
v 0.024656 0.273130 2.064292
v -0.025748 0.273189 2.064299
v -0.025844 0.222824 2.059395
v 0.020654 0.269154 2.064046
v -0.021776 0.269194 2.064047
v -0.021865 0.226798 2.059922
v 0.020483 0.226854 2.059927
v 0.020654 0.269482 2.060868
v -0.021776 0.269522 2.060873
v -0.021865 0.227128 2.056746
v 0.020483 0.227183 2.056750
v -0.000536 0.277594 2.064713
v -0.000514 0.283156 2.065109
v -0.000536 0.277956 2.061327
v -0.000514 0.282386 2.072880
v -0.000714 0.218802 2.055606
v -0.000714 0.218440 2.058993
v -0.000726 0.212899 2.058309
v -0.000726 0.212130 2.066083
v -0.000626 0.248379 2.058467
v 0.028831 0.248380 2.058467
v -0.030083 0.248371 2.058467
v 0.028831 0.248021 2.061855
v -0.030082 0.248012 2.061856
v 0.034365 0.248035 2.061709
v -0.035605 0.248022 2.061709
v 0.034365 0.247264 2.069480
v -0.035607 0.247251 2.069480
v 0.004309 0.271736 2.060740
v -0.005531 0.271782 2.060740
v -0.005550 0.224939 2.056187
v 0.004271 0.225000 2.056194
v 0.005778 0.248382 2.058467
v -0.007029 0.248373 2.058467
v 0.003509 0.272058 2.050282
v -0.004735 0.272101 2.050283
v -0.004731 0.226640 2.045859
v 0.003454 0.226698 2.045864
v -0.000609 0.278091 2.050848
v -0.000641 0.220682 2.045298
v -0.000626 0.249388 2.048077
v 0.004724 0.249394 2.048076
v -0.005976 0.249382 2.048076
v -0.055236 0.222185 2.066693
v -0.055024 0.272417 2.071583
v -0.105427 0.272475 2.071585
v -0.105523 0.222112 2.066683
v -0.055236 0.222900 2.059406
v -0.055024 0.273130 2.064292
v -0.105427 0.273189 2.064299
v -0.105523 0.222824 2.059395
v -0.059026 0.269154 2.064046
v -0.101456 0.269194 2.064047
v -0.101545 0.226798 2.059922
v -0.059197 0.226854 2.059927
v -0.059026 0.269482 2.060868
v -0.101456 0.269522 2.060873
v -0.101545 0.227128 2.056746
v -0.059197 0.227183 2.056750
v -0.080215 0.277594 2.064713
v -0.080193 0.283156 2.065109
v -0.080215 0.277956 2.061327
v -0.080193 0.282386 2.072880
v -0.080394 0.218802 2.055606
v -0.080394 0.218440 2.058993
v -0.080405 0.212899 2.058309
v -0.080405 0.212130 2.066083
v -0.080306 0.248379 2.058467
v -0.050849 0.248380 2.058467
v -0.109762 0.248371 2.058467
v -0.050849 0.248021 2.061855
v -0.109762 0.248012 2.061856
v -0.045314 0.248035 2.061709
v -0.115285 0.248022 2.061709
v -0.045314 0.247264 2.069480
v -0.115286 0.247251 2.069480
v -0.075370 0.271736 2.060740
v -0.085210 0.271782 2.060740
v -0.085230 0.224939 2.056187
v -0.075408 0.225000 2.056194
v -0.073902 0.248382 2.058467
v -0.086708 0.248373 2.058467
v -0.076170 0.272058 2.050282
v -0.084415 0.272101 2.050283
v -0.084410 0.226640 2.045859
v -0.076225 0.226698 2.045864
v -0.080288 0.278091 2.050848
v -0.080321 0.220682 2.045298
v -0.080306 0.249388 2.048077
v -0.074955 0.249394 2.048076
v -0.085656 0.249382 2.048076
v 0.080367 0.084464 1.646527
v 0.135916 0.084424 1.647257
v 0.060266 0.134307 1.646527
v 0.142932 0.100992 1.636584
v -0.134150 0.134307 1.646527
v 0.158641 0.100992 1.636584
v -0.161235 0.134307 1.646527
v 0.171945 0.084424 1.647257
v -0.171856 0.084464 1.646527
v 0.200801 -0.051383 1.646525
v -0.200801 -0.051383 1.646525
v 0.167069 -0.051383 1.646525
v -0.167069 -0.051383 1.646525
v 0.074958 -0.051383 1.646525
v 0.032168 0.134307 1.348006
v 0.032168 0.134308 1.632863
v -0.095953 0.134308 1.632863
v -0.094886 0.134307 1.348006
v -0.095153 0.134308 1.463507
v 0.032168 0.134308 1.463507
v 0.032168 0.134308 1.517362
v -0.095687 0.134308 1.517362
v -0.069929 0.134308 1.478957
v 0.006704 0.134308 1.478957
v 0.006704 0.134308 1.501912
v -0.070089 0.134308 1.501912
v 0.032168 0.040993 1.348006
v 0.032168 0.040993 1.632863
v -0.095953 0.040993 1.632863
v -0.094886 0.040993 1.348006
v -0.095153 0.040993 1.463507
v 0.032168 0.040993 1.463507
v 0.032168 0.040993 1.517362
v -0.095687 0.040993 1.517362
v -0.069929 0.040993 1.478957
v 0.006704 0.040993 1.478957
v 0.006704 0.040993 1.501912
v -0.070089 0.040993 1.501912
v 0.027285 0.034366 1.353027
v 0.027255 0.034366 1.627842
v -0.091040 0.034366 1.627842
v -0.090023 0.034366 1.353027
v -0.090270 0.034366 1.459670
v 0.027285 0.034366 1.459670
v 0.027255 0.034366 1.521199
v -0.090794 0.034366 1.521199
v -0.065432 0.034366 1.473935
v 0.002218 0.034366 1.473935
v 0.002188 0.034366 1.506934
v -0.065603 0.034366 1.506934
v 0.136007 0.058997 1.405958
v 0.080367 0.058995 1.405958
v 0.080367 0.058993 1.614915
v 0.136007 0.058994 1.614915
v 0.052276 0.134307 1.314566
v -0.115959 0.134307 1.314566
v 0.117823 0.134308 1.314566
v 0.052276 0.134307 0.870642
v -0.115959 0.134307 0.870642
v 0.117823 0.134308 0.870642
v 0.052276 0.184473 1.255738
v -0.115959 0.184473 1.255738
v 0.117823 0.184473 1.255738
v 0.052276 0.184473 0.870642
v -0.115959 0.184473 0.870642
v 0.117823 0.184473 0.870642
v 0.052276 0.184473 1.277402
v -0.133181 0.184473 1.277402
v 0.135045 0.184473 1.277402
v 0.052276 0.184473 0.848978
v -0.133181 0.184473 0.848978
v 0.135045 0.184473 0.848978
v 0.052276 0.231404 1.277402
v -0.133181 0.231404 1.277402
v 0.135045 0.231404 1.277402
v 0.052276 0.231404 0.848978
v -0.133181 0.231404 0.848978
v 0.135045 0.231404 0.848978
v 0.049778 0.251927 1.262955
v -0.126657 0.251927 1.262955
v 0.128520 0.251928 1.262955
v 0.049778 0.251927 0.863426
v -0.126657 0.251927 0.863426
v 0.128520 0.251928 0.863426
v -0.001092 0.134307 1.904528
v -0.072792 0.134307 1.904528
v -0.001092 0.134307 1.689778
v -0.072792 0.134307 1.689778
v 0.044290 0.134307 1.867821
v -0.118173 0.134307 1.867821
v 0.044290 0.134307 1.729897
v -0.118173 0.134307 1.729897
v -0.001092 0.151574 1.904528
v -0.072792 0.151574 1.904528
v -0.001092 0.151574 1.689778
v -0.072792 0.151574 1.689778
v 0.044290 0.151574 1.867821
v -0.118173 0.151574 1.867821
v 0.044290 0.151574 1.729897
v -0.118173 0.151574 1.729897
v -0.003510 0.156051 1.898364
v -0.070374 0.156051 1.898364
v -0.003510 0.156051 1.695942
v -0.070374 0.156051 1.695942
v 0.038811 0.156051 1.864133
v -0.112695 0.156051 1.864133
v 0.038811 0.156051 1.733355
v -0.112695 0.156051 1.733355
v -0.008156 0.150294 1.886519
v -0.065728 0.150294 1.886519
v -0.008156 0.150294 1.707787
v -0.065728 0.150294 1.707787
v 0.028284 0.150294 1.857046
v -0.102167 0.150294 1.857046
v 0.028284 0.150294 1.740000
v -0.102167 0.150294 1.740000
v -0.008441 0.141339 1.885791
v -0.065442 0.141339 1.885791
v -0.008441 0.141339 1.708515
v -0.065442 0.141339 1.708515
v 0.027636 0.141339 1.856610
v -0.101520 0.141339 1.856610
v 0.027636 0.141339 1.740409
v -0.101520 0.141339 1.740409
v 0.444110 0.527964 2.176723
v 0.444110 0.372906 2.122546
v 0.626639 0.528001 2.176731
v 0.626639 0.372943 2.122556
v 0.535373 0.550937 2.184753
v 0.535373 0.349969 2.114526
v 0.417087 0.450429 2.149630
v 0.653660 0.450477 2.149648
v 0.444110 0.569164 2.058100
v 0.444109 0.414105 2.003926
v 0.626639 0.569201 2.058114
v 0.626640 0.414143 2.003942
v 0.535374 0.592136 2.066131
v 0.535374 0.391169 1.995911
v 0.417087 0.491629 2.031013
v 0.653660 0.491676 2.031028
v 0.462093 0.555164 2.049119
v 0.462092 0.430660 2.005617
v 0.608656 0.555195 2.049127
v 0.608656 0.430690 2.005629
v 0.535374 0.573613 2.055562
v 0.535374 0.412243 1.999185
v 0.440395 0.492909 2.027366
v 0.630354 0.492947 2.027379
v 0.477408 0.590719 1.915398
v 0.477406 0.486157 1.878865
v 0.593343 0.590744 1.915411
v 0.593344 0.486181 1.878876
v 0.535375 0.606211 1.920815
v 0.535375 0.470689 1.873464
v 0.460244 0.538434 1.897136
v 0.610508 0.538467 1.897144
v 0.465312 0.632454 1.830974
v 0.465309 0.506072 1.786819
v 0.605439 0.632486 1.830987
v 0.605442 0.506103 1.786827
v 0.535376 0.651180 1.837519
v 0.535375 0.487378 1.780285
v 0.444565 0.569260 1.808894
v 0.626185 0.569300 1.808908
v 0.483173 0.620418 1.813702
v 0.483171 0.526252 1.780805
v 0.587579 0.620441 1.813708
v 0.587581 0.526276 1.780813
v 0.535376 0.634370 1.818582
v 0.535375 0.512324 1.775941
v 0.535375 0.573347 1.797259
v 0.467715 0.573332 1.797255
v 0.603037 0.573362 1.797264
v 0.687942 0.537387 1.972509
v 0.687929 0.513114 1.963800
v 0.580575 0.512103 1.964748
v 0.584468 0.535973 1.974002
v 0.687929 0.546378 1.948891
v 0.580670 0.545915 1.949024
v 0.687909 0.522694 1.940838
v 0.575864 0.521635 1.940765
v 0.733672 0.542319 1.979735
v 0.733650 0.506568 1.966641
v 0.733650 0.554642 1.947697
v 0.733621 0.519540 1.933452
v 0.875227 0.536411 1.973064
v 0.875210 0.513055 1.963897
v 0.851807 0.502222 1.968356
v 0.851834 0.544368 1.983791
v 0.875210 0.546320 1.948337
v 0.851807 0.558894 1.946017
v 0.875191 0.522398 1.940204
v 0.851773 0.517513 1.929229
v 0.844159 0.558897 1.946020
v 0.844186 0.544370 1.983794
v 0.844123 0.517515 1.929234
v 0.844159 0.502223 1.968360
v 0.394879 0.537387 1.972509
v 0.394891 0.513114 1.963800
v 0.502246 0.512103 1.964748
v 0.498353 0.535973 1.974002
v 0.394891 0.546378 1.948891
v 0.502151 0.545915 1.949024
v 0.394912 0.522694 1.940838
v 0.506957 0.521635 1.940765
v 0.349148 0.542319 1.979735
v 0.349171 0.506568 1.966641
v 0.349171 0.554642 1.947697
v 0.349200 0.519540 1.933452
v 0.207594 0.536411 1.973064
v 0.207611 0.513055 1.963897
v 0.231014 0.502222 1.968356
v 0.230986 0.544368 1.983791
v 0.207611 0.546320 1.948337
v 0.231014 0.558894 1.946017
v 0.207630 0.522398 1.940204
v 0.231048 0.517513 1.929229
v 0.238661 0.558897 1.946020
v 0.238635 0.544370 1.983794
v 0.238698 0.517515 1.929234
v 0.238662 0.502223 1.968360
v 0.130883 1.173598 1.813172
v 0.130883 1.083474 1.813172
v 0.126345 1.083474 1.830293
v 0.126345 1.173598 1.830293
v -0.120933 1.166859 1.748703
v -0.120035 1.166859 1.745316
v -0.120035 1.090211 1.745316
v -0.120933 1.090211 1.748703
v -0.131388 1.173598 1.760593
v -0.131388 1.083474 1.760593
v -0.126850 1.083474 1.743474
v -0.126850 1.173598 1.743474
v 0.124069 1.166859 1.811330
v 0.124069 1.090211 1.811330
v 0.123171 1.090211 1.814717
v 0.123171 1.166859 1.814717
v -0.007663 1.231771 1.737218
v -0.002862 1.231771 1.754266
v -0.002862 1.182163 1.809504
v -0.007663 1.182163 1.792456
v 0.010258 1.231771 1.732649
v 0.010258 1.182163 1.787885
v 0.015059 1.231771 1.749701
v 0.015059 1.182163 1.804936
v 0.015059 1.138407 1.807151
v 0.010258 1.138407 1.790100
v -0.007663 1.138407 1.794668
v -0.002862 1.138407 1.811718
vn -0.0195 -0.0778 0.9968
vn -0.0128 0.2390 0.9709
vn -0.0123 0.2065 0.9784
vn -0.0123 0.3318 0.9433
vn -0.0167 0.3771 0.9260
vn -0.0125 0.2222 0.9749
vn -1.0000 -0.0000 -0.0000
vn -1.0000 0.0001 -0.0000
vn -0.9966 0.0723 -0.0396
vn 0.0195 -0.0778 0.9968
vn 0.0128 0.2390 0.9709
vn 0.0123 0.2065 0.9784
vn 0.0123 0.3318 0.9433
vn 0.0167 0.3771 0.9260
vn 0.0125 0.2222 0.9749
vn 1.0000 -0.0000 -0.0000
vn 1.0000 0.0001 -0.0000
vn 0.9966 0.0723 -0.0396
vn -0.0000 0.9999 0.0136
vn -0.0000 1.0000 -0.0005
vn 0.0004 -0.2812 -0.9596
vn 0.0004 0.0807 -0.9967
vn 0.0004 0.0258 -0.9997
vn 0.0004 0.2022 -0.9793
vn 0.0004 0.2429 -0.9701
vn 0.0004 0.2851 -0.9585
vn -0.0004 -0.2812 -0.9596
vn -0.0004 0.0807 -0.9967
vn -0.0004 0.0258 -0.9997
vn -0.0004 0.2022 -0.9793
vn -0.0004 0.2429 -0.9701
vn -0.0004 0.2851 -0.9585
vn 0.0485 -0.9856 0.1623
vn 0.1226 -0.9789 0.1632
vn 0.0507 -0.9929 0.1072
vn 0.1134 -0.9879 0.1058
vn -0.0236 -0.4328 0.9012
vn 0.0541 -0.9644 -0.2589
vn -0.0361 -0.4431 0.8958
vn 0.0899 -0.9626 -0.2556
vn -0.4539 -0.8777 0.1538
vn -0.5953 -0.7737 -0.2169
vn 0.6808 0.5574 0.4752
vn -0.5859 -0.6513 -0.4822
vn 0.5301 0.6622 0.5296
vn -0.5376 -0.5907 -0.6017
vn -0.5955 -0.8028 -0.0307
vn 0.0973 -0.9949 -0.0256
vn 0.0479 -0.9982 -0.0353
vn -0.0211 -0.9987 -0.0455
vn 0.8919 -0.4494 0.0503
vn -0.1265 -0.9892 -0.0739
vn 0.8844 -0.4506 0.1220
vn 0.8845 -0.4502 0.1220
vn 0.9081 -0.4060 0.1025
vn 0.9097 -0.4150 0.0168
vn -0.0193 0.1984 0.9799
vn 0.9084 -0.4181 0.0021
vn 0.9116 -0.4110 -0.0093
vn -0.0111 -0.9988 -0.0470
vn 0.9089 -0.4169 -0.0078
vn -0.0110 -0.4226 -0.9063
vn 0.0521 -0.9663 0.2522
vn -0.0368 -0.5380 -0.8422
vn 0.0471 0.5384 0.8414
vn 0.0523 -0.9424 0.3304
vn 0.9720 0.2241 -0.0706
vn 0.1447 -0.9358 0.3216
vn 0.8637 0.4188 0.2803
vn 0.1445 -0.9357 0.3220
vn 0.4770 0.5599 0.6774
vn 0.1441 -0.9355 0.3226
vn -0.1295 -0.5708 -0.8108
vn 0.1839 0.5551 0.8112
vn 0.1440 -0.9357 0.3222
vn 0.0006 -0.4235 -0.9059
vn 0.1325 -0.9591 0.2503
vn 0.7682 -0.1051 -0.6315
vn 0.1329 -0.9588 0.2511
vn 0.9742 0.2125 -0.0761
vn 0.1330 -0.9588 0.2509
vn 0.2084 -0.8891 -0.4076
vn 0.9229 -0.3837 0.0331
vn 0.9354 -0.3533 0.0166
vn 0.3518 -0.8136 -0.4630
vn 0.4365 -0.8775 -0.1985
vn 0.7560 -0.6452 -0.1108
vn -0.1506 -0.9796 0.1334
vn -0.0776 -0.9710 0.2261
vn 0.5419 -0.8404 -0.0068
vn 0.5418 -0.8405 -0.0019
vn 0.5524 -0.8285 0.0918
vn 0.5514 -0.8308 0.0760
vn 0.6073 -0.7880 0.1011
vn 0.6077 -0.7892 0.0883
vn 0.6428 -0.7488 0.1617
vn 0.6436 -0.7496 0.1547
vn 0.7422 -0.6386 0.2034
vn 0.7274 -0.6588 0.1919
vn -0.3651 -0.9236 -0.1171
vn -0.6227 -0.7616 -0.1796
vn -0.0485 -0.9856 0.1623
vn -0.1226 -0.9789 0.1632
vn -0.0507 -0.9929 0.1072
vn -0.1134 -0.9879 0.1058
vn 0.0236 -0.4328 0.9012
vn -0.0541 -0.9644 -0.2589
vn 0.0361 -0.4431 0.8958
vn -0.0899 -0.9626 -0.2556
vn 0.4539 -0.8777 0.1538
vn 0.5953 -0.7737 -0.2169
vn -0.6808 0.5574 0.4752
vn 0.5859 -0.6513 -0.4822
vn -0.5301 0.6622 0.5296
vn 0.5376 -0.5907 -0.6017
vn 0.5955 -0.8028 -0.0307
vn -0.0973 -0.9949 -0.0256
vn -0.0479 -0.9982 -0.0353
vn 0.0211 -0.9987 -0.0455
vn -0.8919 -0.4494 0.0503
vn 0.1265 -0.9892 -0.0739
vn -0.8844 -0.4506 0.1220
vn -0.8845 -0.4502 0.1220
vn -0.9081 -0.4060 0.1025
vn -0.9097 -0.4150 0.0168
vn 0.0193 0.1984 0.9799
vn -0.9084 -0.4181 0.0021
vn -0.9116 -0.4110 -0.0093
vn 0.0111 -0.9988 -0.0470
vn -0.9089 -0.4169 -0.0078
vn 0.0110 -0.4226 -0.9063
vn -0.0521 -0.9663 0.2522
vn 0.0368 -0.5380 -0.8422
vn -0.0471 0.5384 0.8414
vn -0.0523 -0.9424 0.3304
vn -0.9720 0.2241 -0.0706
vn -0.1447 -0.9358 0.3216
vn -0.8637 0.4188 0.2803
vn -0.1445 -0.9357 0.3220
vn -0.4770 0.5599 0.6774
vn -0.1441 -0.9355 0.3226
vn 0.1295 -0.5708 -0.8108
vn -0.1839 0.5551 0.8112
vn -0.1440 -0.9357 0.3222
vn -0.0006 -0.4235 -0.9059
vn -0.1325 -0.9591 0.2503
vn -0.7682 -0.1051 -0.6315
vn -0.1329 -0.9588 0.2511
vn -0.9742 0.2125 -0.0761
vn -0.1330 -0.9588 0.2509
vn -0.2084 -0.8891 -0.4076
vn -0.9229 -0.3837 0.0331
vn -0.9354 -0.3533 0.0166
vn -0.3518 -0.8136 -0.4630
vn -0.4365 -0.8775 -0.1985
vn -0.7560 -0.6452 -0.1108
vn 0.1506 -0.9796 0.1334
vn 0.0776 -0.9710 0.2261
vn -0.5419 -0.8404 -0.0068
vn -0.5418 -0.8405 -0.0019
vn -0.5524 -0.8285 0.0918
vn -0.5514 -0.8308 0.0760
vn -0.6073 -0.7880 0.1011
vn -0.6077 -0.7892 0.0883
vn -0.6428 -0.7488 0.1617
vn -0.6436 -0.7496 0.1547
vn -0.7422 -0.6386 0.2034
vn -0.7274 -0.6588 0.1919
vn 0.3651 -0.9236 -0.1171
vn 0.6227 -0.7616 -0.1796
vn 0.3778 0.3948 0.8375
vn 0.4109 0.0379 0.9109
vn 0.3944 0.2825 0.8744
vn 0.4058 0.0599 0.9120
vn 0.3996 0.2358 0.8859
vn 0.4095 0.0893 0.9079
vn -0.3769 0.3950 0.8378
vn -0.4100 0.0379 0.9113
vn -0.3936 0.2826 0.8748
vn -0.4049 0.0598 0.9124
vn -0.3987 0.2359 0.8862
vn -0.4086 0.0893 0.9083
vn 1.0000 -0.0001 -0.0002
vn 0.0022 0.4264 0.9045
vn 1.0000 -0.0000 -0.0002
vn 0.0025 0.0416 0.9991
vn 0.0023 0.3074 0.9516
vn 0.9952 0.0983 -0.0003
vn 0.0024 0.0132 0.9999
vn 0.0024 0.2572 0.9664
vn -0.0000 1.0000 -0.0073
vn 0.0025 0.0979 0.9952
vn -1.0000 -0.0001 -0.0002
vn -0.0022 0.4264 0.9045
vn -1.0000 -0.0000 -0.0002
vn -0.0025 0.0416 0.9991
vn -0.0023 0.3074 0.9516
vn -0.9952 0.0982 -0.0003
vn -0.0024 0.0132 0.9999
vn -0.0024 0.2572 0.9664
vn -0.0025 0.0979 0.9952
vn -0.0000 1.0000 -0.0000
vn -0.0508 0.9983 0.0296
vn -0.0088 0.9899 0.1414
vn 0.1064 0.9940 0.0272
vn 0.1401 0.9898 -0.0252
vn -0.0023 0.2956 0.9553
vn 0.0508 0.9983 0.0296
vn 0.0088 0.9899 0.1414
vn -0.1064 0.9940 0.0272
vn -0.1401 0.9898 -0.0252
vn 0.0023 0.2956 0.9553
vn 0.9489 -0.3141 0.0314
vn -0.9489 0.3141 -0.0314
vn -0.3529 -0.8991 0.2590
vn 0.9808 -0.1844 0.0627
vn -0.9808 0.1844 -0.0629
vn 0.0221 0.9989 0.0420
vn 0.9279 -0.1633 0.3351
vn -0.9297 0.1609 -0.3314
vn -0.0284 0.8957 0.4438
vn 0.8499 -0.4471 0.2789
vn -0.8499 0.4471 -0.2789
vn -0.1233 0.2840 0.9509
vn 0.8892 -0.4543 0.0536
vn -0.8758 0.4814 -0.0349
vn -0.2308 -0.4473 0.8641
vn 0.9634 -0.2461 0.1065
vn -0.9545 0.2635 -0.1395
vn -0.1022 -0.8557 -0.5073
vn 0.8986 -0.4266 0.1023
vn -0.8986 0.4267 -0.1023
vn 0.0297 -0.2941 -0.9553
vn 0.9157 -0.4015 -0.0148
vn -0.9157 0.4016 0.0148
vn 0.0402 0.5983 -0.8003
vn 0.9251 -0.3794 -0.0160
vn -0.9252 0.3791 0.0147
vn 0.0199 0.9985 -0.0501
vn 0.9489 0.3141 -0.0314
vn -0.9489 -0.3141 0.0314
vn 0.3529 -0.8991 0.2590
vn 0.9785 0.1968 -0.0617
vn -0.9923 -0.1014 0.0705
vn -0.0238 0.9988 0.0422
vn 0.9297 0.1609 -0.3314
vn -0.9279 -0.1633 0.3351
vn 0.0284 0.8957 0.4438
vn 0.8499 0.4471 -0.2789
vn -0.8499 -0.4471 0.2789
vn 0.1233 0.2840 0.9509
vn 0.8758 0.4814 -0.0348
vn -0.8892 -0.4543 0.0536
vn 0.2308 -0.4473 0.8641
vn 0.9545 0.2635 -0.1395
vn -0.9634 -0.2461 0.1065
vn 0.1022 -0.8557 -0.5073
vn 0.8948 0.4421 -0.0625
vn -0.8986 -0.4266 0.1023
vn -0.0287 -0.2938 -0.9554
vn 0.9270 0.3747 0.0144
vn -0.9201 -0.3831 -0.0811
vn -0.0418 0.5978 -0.8005
vn 0.9099 0.4140 0.0267
vn -0.9678 -0.2485 -0.0398
vn -0.0233 0.9984 -0.0515
vn -0.0000 0.9908 -0.1354
vn -0.0000 0.9979 0.0654
vn -0.0000 0.9918 -0.1281
vn -0.0000 0.9262 -0.3771
vn -0.6076 0.7928 0.0467
vn -0.0000 0.9997 -0.0225
vn 0.9456 0.3023 0.1205
vn -0.0275 0.9896 0.1415
vn 0.0275 0.9893 0.1433
vn 0.6076 0.7928 0.0467
vn -0.9456 0.3023 0.1205
vn 0.0275 0.9896 0.1415
vn -0.0275 0.9893 0.1433
vn -0.0118 -0.4892 -0.8721
vn -0.0000 -0.4836 -0.8753
vn 0.0154 -0.4917 -0.8706
vn 0.0021 -0.4831 -0.8756
vn -0.0019 -0.4830 -0.8756
vn 0.0118 -0.4892 -0.8721
vn -0.0157 -0.4915 -0.8708
vn -0.0021 -0.4831 -0.8756
vn 0.0019 -0.4830 -0.8756
vn 0.0273 -0.9774 -0.2097
vn -0.0257 -0.9772 -0.2108
vn -0.0273 -0.9774 -0.2096
vn 0.0257 -0.9772 -0.2109
vn 0.5983 -0.7971 -0.0814
vn -0.5993 -0.7967 -0.0785
vn 0.9727 -0.2284 -0.0413
vn -0.9796 -0.1982 -0.0316
vn -0.0000 -0.9974 0.0727
vn -0.0000 0.1315 -0.9913
vn -0.0000 -0.4669 -0.8843
vn -0.0000 -0.9865 -0.1637
vn 0.9999 -0.0029 0.0165
vn 0.9999 -0.0018 0.0109
vn 0.9969 0.0539 0.0566
vn 0.9997 0.0022 0.0234
vn -0.0000 0.3451 -0.9386
vn -0.0000 0.6478 -0.7619
vn -0.0000 0.9894 -0.1450
vn -0.0000 -0.9728 -0.2318
vn -0.9504 0.0390 -0.3086
vn -0.0000 0.1184 -0.9930
vn -0.0000 0.1447 -0.9895
vn -0.9514 0.0446 -0.3048
vn -0.9999 -0.0029 0.0165
vn -0.9999 -0.0018 0.0109
vn -0.9970 0.0529 0.0561
vn -0.9997 0.0022 0.0234
vn 0.9504 0.0390 -0.3086
vn 0.9514 0.0446 -0.3048
vn -0.0000 0.9982 -0.0600
vn -0.0000 -0.7196 -0.6944
vn -0.0000 0.3391 -0.9407
vn 1.0000 0.0064 0.0024
vn -1.0000 0.0064 0.0024
vn -0.0067 0.3226 -0.9465
vn 0.0001 0.4526 -0.8917
vn 0.0094 0.3225 -0.9465
vn 0.9940 0.0306 -0.1052
vn 0.0045 0.9982 -0.0594
vn -0.9945 0.0274 -0.1013
vn 0.0006 0.2696 -0.9630
vn -0.8445 0.5141 -0.1501
vn -0.0000 -0.9719 -0.2353
vn 0.8562 0.4924 -0.1563
vn -0.0000 0.2857 -0.9583
vn 0.4261 -0.8140 -0.3948
vn 0.4259 0.8775 -0.2205
vn -0.0036 0.1025 -0.9947
vn -0.4262 -0.8139 -0.3950
vn -0.4260 0.8774 -0.2207
vn 0.0034 0.1025 -0.9947
vn -0.2876 -0.8823 -0.3726
vn -0.2876 0.9397 -0.1848
vn -0.0002 0.1025 -0.9947
vn 0.2872 -0.8809 -0.3763
vn 0.2873 0.9391 -0.1887
vn -0.0000 0.1025 -0.9947
vn 0.0040 -0.1028 0.9947
vn 0.1174 -0.9879 -0.1017
vn 0.0036 -0.1027 0.9947
vn 0.1176 0.9878 0.1018
vn 0.0036 -0.1025 0.9947
vn 1.0000 0.0002 -0.0015
vn -0.0130 0.1025 -0.9947
vn -0.0042 -0.1029 0.9947
vn -0.1175 -0.9878 -0.1017
vn -0.0037 -0.1025 0.9947
vn -1.0000 0.0002 -0.0018
vn -0.0039 -0.1028 0.9947
vn -0.1176 0.9878 0.1018
vn 0.0133 0.1025 -0.9946
vn -0.9239 -0.3807 -0.0392
vn -0.3827 -0.9190 -0.0947
vn 0.3827 -0.9190 -0.0947
vn 0.9239 -0.3807 -0.0392
vn 0.9239 0.3807 0.0392
vn 0.3827 0.9190 0.0947
vn -0.3827 0.9190 0.0947
vn -0.9239 0.3807 0.0392
vn -0.0000 -0.1025 0.9947
vn -0.6436 -0.1916 -0.7410
vn -0.2665 -0.5666 -0.7797
vn 0.2665 -0.5666 -0.7797
vn 0.6436 -0.1916 -0.7410
vn 0.6435 0.3387 -0.6865
vn 0.2665 0.7137 -0.6478
vn -0.2666 0.7137 -0.6478
vn -0.6435 0.3387 -0.6864
vn 0.7017 0.3558 -0.6173
vn 0.2907 0.7646 -0.5752
vn -0.2907 0.7647 -0.5752
vn -0.7017 0.3558 -0.6173
vn -0.7017 -0.2224 -0.6769
vn -0.2907 -0.6314 -0.7189
vn 0.2907 -0.6314 -0.7189
vn 0.7017 -0.2224 -0.6769
vn -0.4261 -0.8140 -0.3948
vn -0.4259 0.8775 -0.2205
vn 0.0036 0.1025 -0.9947
vn 0.4262 -0.8139 -0.3950
vn 0.4260 0.8774 -0.2207
vn -0.0034 0.1025 -0.9947
vn 0.2876 -0.8823 -0.3726
vn 0.2876 0.9397 -0.1848
vn 0.0002 0.1025 -0.9947
vn -0.2872 -0.8809 -0.3763
vn -0.2873 0.9391 -0.1887
vn -0.0040 -0.1028 0.9947
vn -0.1174 -0.9879 -0.1017
vn -0.0036 -0.1027 0.9947
vn -0.0035 -0.1025 0.9947
vn -1.0000 0.0002 -0.0015
vn 0.0130 0.1025 -0.9947
vn 0.0042 -0.1029 0.9947
vn 0.1175 -0.9878 -0.1017
vn 1.0000 0.0002 -0.0018
vn 0.0038 -0.1028 0.9947
vn -0.0133 0.1025 -0.9946
vn -0.6435 0.3387 -0.6865
vn -0.2665 0.7137 -0.6478
vn 0.2666 0.7137 -0.6478
vn 0.6435 0.3387 -0.6864
vn -0.2907 0.7646 -0.5752
vn 0.2907 0.7647 -0.5752
vn 0.7017 -0.2224 -0.6768
vn -1.0000 0.0002 -0.0017
vn -0.1176 0.9878 0.1019
vn -0.7017 0.3558 -0.6172
vn -0.7017 -0.2225 -0.6768
vn -0.9239 -0.3697 -0.0988
vn -0.3827 -0.8926 -0.2384
vn 0.3827 -0.8926 -0.2384
vn 0.9239 -0.3697 -0.0988
vn 0.9239 0.3697 0.0988
vn 0.3827 0.8926 0.2384
vn -0.3827 0.8926 0.2384
vn -0.9239 0.3697 0.0988
vn -0.0000 -0.2581 0.9661
vn -0.0000 -0.2580 0.9661
vn -0.5671 -0.0233 -0.8233
vn -0.2360 -0.3472 -0.9076
vn 0.2361 -0.3477 -0.9074
vn 0.5577 -0.0153 -0.8299
vn 0.5436 0.4262 -0.7231
vn 0.2242 0.7320 -0.6434
vn -0.2237 0.7312 -0.6444
vn -0.5516 0.4297 -0.7149
vn 0.6954 0.4481 -0.5618
vn -0.0000 0.2580 -0.9661
vn 0.2848 0.8366 -0.4679
vn -0.2850 0.8370 -0.4671
vn -0.7056 0.4470 -0.5498
vn -0.7242 -0.1295 -0.6774
vn -0.0000 0.2581 -0.9661
vn -0.3032 -0.5500 -0.7782
vn 0.3032 -0.5499 -0.7782
vn 0.7147 -0.1251 -0.6881
vn -0.9239 -0.3697 -0.0987
vn -0.9239 0.3697 0.0987
vn -0.7056 0.4470 -0.5499
vn 0.0255 0.9837 0.1778
vn -0.0000 -0.9921 0.1253
vn -0.9226 -0.3854 0.0172
vn 0.0074 0.1267 -0.9919
vn -0.3968 -0.5434 -0.7398
vn 0.5012 -0.3486 -0.7920
vn -0.0044 -0.8155 -0.5788
vn 0.8452 0.0557 -0.5315
vn -0.0078 0.9549 -0.2967
vn -0.7955 -0.3608 -0.4868
vn -0.0318 -0.9947 -0.0974
vn -0.0132 -0.4503 -0.8928
vn 0.0106 -0.8956 0.4446
vn 0.9864 0.1610 -0.0344
vn 0.0314 0.9888 0.1458
vn -0.9827 -0.1817 0.0371
vn -0.0132 -0.4409 -0.8975
vn 0.0107 -0.8907 0.4544
vn 0.9746 0.2195 -0.0446
vn 0.0314 0.9899 0.1380
vn -0.9701 -0.2381 0.0473
vn -0.0132 -0.4505 -0.8927
vn 0.0106 -0.8931 0.4497
vn 0.9873 0.1548 -0.0346
vn 0.0314 0.9894 0.1419
vn -0.9831 -0.1790 0.0379
vn -0.0131 -0.4457 -0.8951
vn -0.0255 0.9837 0.1778
vn 0.9226 -0.3854 0.0172
vn -0.0074 0.1267 -0.9919
vn 0.3968 -0.5434 -0.7398
vn -0.5012 -0.3486 -0.7920
vn 0.0044 -0.8155 -0.5788
vn -0.8452 0.0557 -0.5315
vn 0.0078 0.9549 -0.2967
vn 0.7955 -0.3608 -0.4868
vn 0.0318 -0.9947 -0.0974
vn 0.0132 -0.4503 -0.8928
vn -0.0106 -0.8956 0.4446
vn -0.9864 0.1610 -0.0344
vn -0.0314 0.9888 0.1458
vn 0.9827 -0.1817 0.0371
vn 0.0132 -0.4409 -0.8975
vn -0.0107 -0.8907 0.4544
vn -0.9746 0.2195 -0.0446
vn -0.0314 0.9899 0.1380
vn 0.9701 -0.2381 0.0473
vn 0.0132 -0.4505 -0.8927
vn -0.0106 -0.8931 0.4497
vn -0.9873 0.1548 -0.0346
vn -0.0314 0.9894 0.1419
vn 0.9831 -0.1790 0.0379
vn 0.0131 -0.4457 -0.8951
vn -0.0010 0.6476 -0.7620
vn 1.0000 -0.0002 -0.0005
vn -0.0000 0.1446 0.9895
vn -1.0000 0.0003 0.0008
vn -0.0000 -0.9387 -0.3448
vn 0.0004 0.3445 -0.9388
vn 0.0010 0.6476 -0.7620
vn 1.0000 -0.0001 -0.0005
vn -0.0004 0.3445 -0.9388
vn -0.0000 0.8859 0.4639
vn -0.0000 -0.9384 -0.3455
vn -0.0000 0.3440 -0.9390
vn 1.0000 0.0002 -0.0017
vn 0.1176 0.9878 0.1019
vn 0.7017 0.3558 -0.6172
vn 0.7017 -0.2225 -0.6768
vn -0.0000 0.9913 0.1315
vn 1.0000 -0.0032 0.0001
vn -0.0000 0.1322 -0.9912
vn 1.0000 -0.0048 0.0031
vn -0.0000 -0.1646 0.9864
vn 0.9998 -0.0082 0.0189
vn -0.0000 0.9859 -0.1673
vn -0.0000 -0.8989 -0.4382
vn 0.8681 0.0706 -0.4914
vn -0.0000 0.1422 -0.9898
vn -0.4516 0.8635 -0.2245
vn -0.9557 0.0419 -0.2913
vn -0.4515 -0.7653 -0.4587
vn 0.0001 0.1422 -0.9898
vn -0.0127 0.7135 -0.7006
vn -1.0000 0.0072 0.0012
vn 0.0012 -0.6454 -0.7639
vn 1.0000 0.0005 -0.0006
vn -0.0017 0.1500 -0.9887
vn 0.0043 0.0891 -0.9960
vn -0.0045 0.0888 -0.9960
vn 0.3711 0.9213 0.1160
vn -0.3688 0.9222 0.1161
vn -0.3683 0.9232 0.1098
vn 0.3709 0.9222 0.1096
vn 0.3707 -0.9215 -0.1157
vn -0.3693 -0.9220 -0.1160
vn -0.0059 0.1444 -0.9895
vn 0.0055 0.1436 -0.9896
vn 0.3713 -0.9220 -0.1095
vn -0.3696 -0.9227 -0.1097
vn 0.0085 0.1247 -0.9922
vn 0.0079 0.1085 -0.9941
vn -0.0079 0.1085 -0.9941
vn -0.0085 0.1247 -0.9922
vn 0.9332 0.3565 0.0447
vn 0.9308 -0.3627 -0.0455
vn -0.9330 -0.3571 -0.0448
vn -0.9316 0.3606 0.0451
vn -0.0281 0.1119 -0.9933
vn -0.0281 0.1220 -0.9921
vn 0.0273 0.1216 -0.9922
vn 0.0278 0.1119 -0.9933
vn 0.9333 0.3567 0.0424
vn 0.9307 -0.3633 -0.0432
vn -0.9329 -0.3575 -0.0427
vn -0.9318 0.3605 0.0428
vn 0.9942 0.0679 -0.0829
vn 0.8060 0.5918 -0.0088
vn 0.0014 0.1165 -0.9932
vn 0.8015 -0.5809 -0.1418
vn 0.9941 -0.0486 -0.0973
vn -0.0016 0.1167 -0.9932
vn -0.9941 -0.0473 -0.0972
vn -0.8033 -0.5771 -0.1470
vn 0.0017 0.1166 -0.9932
vn -0.7993 0.6009 -0.0024
vn -0.9942 0.0689 -0.0825
vn -0.0016 0.1166 -0.9932
vn -0.0000 -0.1490 0.9888
vn -0.0000 0.1075 -0.9942
vn -0.0002 0.1073 -0.9942
vn -0.0000 -0.9999 -0.0146
vn -0.9287 0.0356 -0.3692
vn -0.0000 0.0843 -0.9964
vn 0.9259 0.0378 -0.3759
vn -0.0000 -1.0000 -0.0000
vn -0.0000 0.9920 0.1264
vn 0.0164 0.9981 0.0594
vn -0.0000 0.0484 -0.9988
vn 0.9364 0.0170 -0.3505
vn -0.9364 0.0170 -0.3505
vn 0.9678 0.2517 -0.0000
vn 0.9679 0.2513 0.0031
vn 0.9679 0.2513 0.0034
vn -0.0000 -0.2601 0.9656
vn -0.0000 -0.2600 0.9656
vn -0.9678 0.2517 -0.0000
vn -0.9679 0.2513 0.0034
vn -0.9679 0.2513 0.0031
vn 0.8488 0.2075 -0.4864
vn -0.0000 -0.0000 -1.0000
vn 0.8726 0.2130 -0.4395
vn -0.8488 0.2075 -0.4864
vn -0.8726 0.2130 -0.4395
vn -0.0000 -0.0000 1.0000
vn 0.9781 0.2081 -0.0007
vn -0.9780 0.2084 -0.0000
vn 0.9274 0.3740 -0.0000
vn 0.0033 0.7665 0.6422
vn -0.0000 0.7631 0.6462
vn 0.0095 0.7639 0.6452
vn 0.9058 0.4015 0.1356
vn 0.9668 0.2553 -0.0000
vn -0.1598 0.9871 -0.0000
vn 0.1568 -0.9876 -0.0000
vn 0.9780 0.2084 -0.0000
vn -0.9422 0.3351 -0.0000
vn 0.9422 0.3351 -0.0000
vn 0.3601 -0.9263 -0.1104
vn 0.3601 0.9263 0.1105
vn 0.0001 0.1184 -0.9930
vn -0.3602 -0.9263 -0.1104
vn -0.3602 0.9263 0.1105
vn -0.0001 0.1184 -0.9930
vn -0.0000 0.9930 0.1184
vn -0.0000 -0.9930 -0.1183
vn -0.0000 -0.9930 -0.1184
vn -0.0000 0.1186 -0.9929
vn -0.0000 0.9929 0.1188
vn -0.0000 0.1182 -0.9930
vn -0.0000 0.9930 0.1183
vn -0.0000 -0.9929 -0.1188
vn -0.0000 0.1187 -0.9929
vn -0.0000 -0.7481 -0.6636
vn -0.0000 0.8750 -0.4841
vn -0.7916 0.0724 -0.6068
vn -0.0000 0.1185 -0.9930
vn 0.7915 0.0724 -0.6068
vn 0.8320 0.0803 -0.5490
vn -0.8320 0.0803 -0.5490
vn -0.8320 0.0657 -0.5509
vn -0.0000 0.9930 0.1185
vn 0.8320 0.0657 -0.5509
vn 0.8319 0.0596 -0.5517
vn -0.0000 -0.9942 -0.1075
vn -0.0000 0.1074 -0.9942
vn -0.8327 0.0570 -0.5508
vn -0.0000 -0.9942 -0.1074
vn -0.0000 0.1183 -0.9930
vn 0.7181 -0.6910 -0.0825
vn -0.7180 -0.6911 -0.0825
vn -0.0000 -0.9930 -0.1185
vn 1.0000 -0.0001 -0.0000
vn 0.6993 0.7098 0.0847
vn -0.6993 0.7098 0.0847
vn 0.7181 -0.6911 -0.0825
vn -0.0000 0.1448 -0.9895
vn -0.0000 0.8876 -0.4605
vn -0.6244 0.1131 -0.7729
vn -0.0000 -0.7186 -0.6955
vn 0.6243 0.1131 -0.7729
vn 0.7680 -0.6360 -0.0758
vn -1.0000 -0.0052 -0.0006
vn 0.7509 0.6558 0.0782
vn -1.0000 0.0054 0.0006
vn -0.7680 -0.6360 -0.0758
vn 1.0000 -0.0017 -0.0002
vn -0.7509 0.6558 0.0782
vn 1.0000 0.0018 0.0002
vn 0.7180 -0.6898 -0.0933
vn -0.7180 -0.6898 -0.0933
vn -0.0000 -0.9910 -0.1341
vn 0.6992 0.7084 0.0958
vn -0.0000 0.9910 0.1341
vn -0.6992 0.7084 0.0958
vn -0.7181 -0.6897 -0.0933
vn 0.7181 -0.6897 -0.0933
vn -0.6993 0.7084 0.0958
vn 0.6993 0.7084 0.0958
vn 0.7304 -0.6783 -0.0810
vn 0.7119 0.6973 0.0833
vn -0.7304 -0.6783 -0.0810
vn -0.7119 0.6973 0.0833
vn -0.0000 -0.3254 -0.9456
vn -0.0000 0.5567 -0.8307
vn -0.0000 -0.3255 -0.9456
vn 0.7304 -0.6782 -0.0810
vn 0.7119 0.6974 0.0833
vn -0.7304 -0.6782 -0.0810
vn -0.7119 0.6974 0.0833
vn -0.0000 0.5568 -0.8307
vn -0.0000 0.5568 -0.8306
vn 0.0043 0.0694 -0.9976
vn -0.0044 0.0690 -0.9976
vn 0.3711 0.9235 0.0971
vn -0.3689 0.9244 0.0972
vn -0.3682 0.9252 0.0912
vn 0.3709 0.9242 0.0910
vn 0.3707 -0.9237 -0.0972
vn -0.3693 -0.9242 -0.0974
vn -0.0056 0.1236 -0.9923
vn 0.0057 0.1239 -0.9923
vn 0.3713 -0.9241 -0.0911
vn -0.3695 -0.9248 -0.0909
vn 0.0085 0.1046 -0.9945
vn 0.0079 0.0885 -0.9960
vn -0.0079 0.0885 -0.9960
vn -0.0085 0.1046 -0.9945
vn 0.9332 0.3573 0.0374
vn 0.9308 -0.3636 -0.0381
vn -0.9330 -0.3579 -0.0374
vn -0.9316 0.3615 0.0380
vn -0.0281 0.0919 -0.9954
vn -0.0277 0.1018 -0.9944
vn 0.0280 0.1019 -0.9944
vn 0.0277 0.0918 -0.9954
vn 0.9333 0.3574 0.0352
vn 0.9307 -0.3641 -0.0359
vn -0.9329 -0.3583 -0.0353
vn -0.9318 0.3613 0.0356
vn 0.9943 0.0662 -0.0841
vn 0.8060 0.5916 -0.0207
vn 0.0018 0.0965 -0.9953
vn 0.8016 -0.5836 -0.1301
vn 0.9941 -0.0506 -0.0963
vn -0.0021 0.0967 -0.9953
vn -0.9941 -0.0493 -0.0963
vn -0.8033 -0.5800 -0.1354
vn 0.0020 0.0967 -0.9953
vn -0.7993 0.6007 -0.0146
vn -0.9942 0.0672 -0.0838
vn -0.0016 0.0964 -0.9953
vn -0.9329 -0.3583 -0.0354
vn -0.9318 0.3613 0.0355
vn 0.9943 0.0662 -0.0842
vn 0.8060 0.5915 -0.0207
vn 0.9941 -0.0505 -0.0964
vn -0.9942 0.0672 -0.0839
vn 0.3712 0.9235 0.0971
vn 0.3713 -0.9241 -0.0910
vn -0.9330 -0.3579 -0.0376
vn -0.9316 0.3615 0.0378
vn 0.8015 -0.5837 -0.1301
vn 0.9941 -0.0505 -0.0963
vn -0.7993 0.6008 -0.0145
vn 0.0004 1.0000 -0.0001
vn -0.9208 0.3900 0.0002
vn -0.9208 0.3899 -0.0000
vn -0.0000 1.0000 0.0001
vn 0.7797 0.6262 0.0001
vn 0.7797 0.6261 -0.0000
vn 0.9781 0.2081 0.0001
vn 0.9782 0.2078 -0.0000
vn 1.0000 -0.0000 0.0023
vn 0.5223 -0.0000 -0.8527
vn -0.5187 -0.0000 -0.8549
vn -0.5187 -0.0000 0.8549
vn 0.5167 -0.0000 0.8561
vn 1.0000 -0.0000 0.0070
vn 0.8056 0.5925 0.0019
vn -0.0000 0.6039 0.7971
vn -0.8051 0.5932 -0.0000
vn -0.8033 0.5955 -0.0000
vn -0.0000 0.6039 -0.7971
vn 0.8040 0.5947 0.0019
vn 0.3726 0.6834 -0.6278
vn -0.3704 0.6828 -0.6298
vn -0.3699 0.6837 0.6291
vn 0.3690 0.6827 0.6307
vn -0.8272 0.5619 -0.0004
vn 0.8278 0.5610 0.0049
vn 0.0038 0.7820 0.6233
vn -1.0000 -0.0036 -0.0000
vn 0.0044 0.7824 -0.6227
vn -0.0000 0.7609 0.6489
vn -0.0000 0.5757 -0.8177
vn -0.0000 0.5756 0.8177
vn -0.9530 0.3029 -0.0000
vn -0.0000 0.5756 -0.8177
vn 0.9530 0.3030 -0.0000
vn 0.6289 -0.0000 0.7775
vn -0.6289 -0.0000 0.7775
vn 0.6623 -0.0000 -0.7492
vn -0.6623 -0.0000 -0.7492
vn 0.3638 0.8157 0.4498
vn -0.0000 0.8091 0.5877
vn -0.3638 0.8157 0.4498
vn 0.3869 0.8116 -0.4377
vn -0.3869 0.8116 -0.4377
vn -0.0000 0.8091 -0.5877
vn 0.6327 0.7744 -0.0000
vn -0.6328 0.7743 -0.0000
vn -0.2696 0.9034 -0.3334
vn -0.0000 0.8994 -0.4371
vn 0.2696 0.9034 -0.3333
vn -0.2874 0.9009 0.3251
vn 0.2874 0.9009 0.3251
vn -0.0000 0.8994 0.4371
vn -0.4798 0.8774 -0.0000
vn 0.4798 0.8774 -0.0000
vn -0.6267 0.0830 -0.7748
vn -0.0000 0.0810 -0.9967
vn 0.6267 0.0830 -0.7748
vn -0.6601 0.0818 0.7467
vn 0.6601 0.0818 0.7467
vn -0.0000 0.0810 0.9967
vn -0.9974 0.0722 -0.0000
vn 0.9974 0.0721 -0.0000
vn -0.9499 -0.2953 -0.1026
vn -0.2573 -0.9128 -0.3171
vn -0.2576 0.9128 0.3170
vn -0.9499 0.2952 0.1025
vn 0.9499 0.2953 0.1026
vn 0.2573 0.9128 0.3171
vn 0.2577 -0.9127 -0.3170
vn 0.9499 -0.2952 -0.1025
vn -0.1633 0.2742 -0.9477
vn -0.0481 0.1532 -0.9870
vn -0.0483 0.4949 -0.8676
vn -0.1633 0.3756 -0.9123
vn 0.1633 0.3757 -0.9123
vn 0.0482 0.4949 -0.8676
vn 0.0483 0.1532 -0.9870
vn 0.1633 0.2742 -0.9477
vn -0.9440 -0.2419 -0.2243
vn -0.2625 -0.8734 -0.4101
vn -0.2629 0.9386 0.2233
vn -0.9440 0.3289 -0.0247
vn 0.9440 0.3290 -0.0247
vn 0.2625 0.9387 0.2233
vn 0.2629 -0.8734 -0.4101
vn 0.9440 -0.2419 -0.2242
vn -0.9431 -0.3281 0.0530
vn -0.2688 -0.9481 -0.1698
vn -0.2692 0.8475 0.4575
vn -0.9431 0.2238 0.2458
vn 0.9431 0.2238 0.2458
vn 0.2688 0.8476 0.4576
vn 0.2692 -0.9480 -0.1698
vn 0.9432 -0.3281 0.0529
vn -0.4652 0.1520 -0.8721
vn -0.1363 -0.1700 -0.9760
vn -0.0000 0.3298 -0.9440
vn -0.1366 0.7409 -0.6576
vn -0.4653 0.4242 -0.7769
vn 0.4653 0.4242 -0.7769
vn 0.1364 0.7409 -0.6576
vn -0.0001 0.3298 -0.9440
vn 0.1365 -0.1700 -0.9759
vn 0.4653 0.1520 -0.8720
vn 0.0149 -0.3506 0.9364
vn -0.0055 0.9316 0.3634
vn -0.0025 0.3222 -0.9467
vn 0.0072 -0.9259 -0.3777
vn -0.1088 -0.3393 0.9343
vn -0.1564 0.9223 0.3533
vn -0.1069 0.3527 -0.9296
vn -0.1162 -0.9217 -0.3701
vn 0.3094 -0.3345 0.8901
vn 0.4283 0.8417 0.3288
vn 0.3081 0.3390 -0.8889
vn 0.3415 -0.8749 -0.3434
vn 1.0000 -0.0004 -0.0009
vn -0.0305 0.9329 0.3588
vn 0.0004 0.9334 0.3589
vn -0.0004 0.3759 -0.9267
vn -0.0285 0.3758 -0.9263
vn -0.0281 -0.3437 0.9386
vn 0.0004 -0.3439 0.9390
vn -0.0004 -0.9314 -0.3640
vn -0.0309 -0.9310 -0.3638
vn -0.0149 -0.3506 0.9364
vn 0.0055 0.9316 0.3634
vn 0.0025 0.3222 -0.9467
vn -0.0072 -0.9259 -0.3777
vn 0.1088 -0.3393 0.9343
vn 0.1564 0.9223 0.3533
vn 0.1069 0.3527 -0.9296
vn 0.1162 -0.9217 -0.3701
vn -0.3094 -0.3345 0.8901
vn -0.4283 0.8417 0.3288
vn -0.3081 0.3390 -0.8889
vn -0.3415 -0.8749 -0.3434
vn -1.0000 -0.0004 -0.0009
vn 0.0305 0.9329 0.3588
vn -0.0004 0.9334 0.3589
vn 0.0004 0.3759 -0.9267
vn 0.0285 0.3758 -0.9263
vn 0.0281 -0.3437 0.9386
vn -0.0003 -0.3439 0.9390
vn 0.0004 -0.9314 -0.3640
vn 0.0309 -0.9310 -0.3638
vn 0.9666 -0.0000 0.2562
vn 0.9666 -0.0000 0.2563
vn -0.9666 -0.0000 -0.2562
vn -0.2611 -0.0000 0.9653
vn 0.2610 -0.0000 -0.9653
vn 0.2611 -0.0000 -0.9653
vn 0.2609 -0.0000 -0.9654
vn -0.9666 -0.0000 -0.2563
vn -0.9215 0.2890 0.2595
vn -0.1680 -0.7334 -0.6587
vn 0.9215 -0.2889 -0.2595
vn 0.1678 0.7334 0.6587
vn 0.2467 0.0490 0.9679
vn 0.9625 -0.0137 -0.2710
vn -0.2468 -0.0490 -0.9678
vn -0.9625 0.0137 0.2710
vt 0.382690 0.848140
vt 0.358940 0.854620
vt 0.374360 0.856470
vt 0.375000 0.851740
vt 0.487010 0.882460
vt 0.446900 0.882460
vt 0.447010 0.855670
vt 0.486900 0.855670
vt 0.485350 0.873260
vt 0.448560 0.873260
vt 0.446900 0.866480
vt 0.487010 0.866480
vt 0.360000 0.847260
vt 0.351670 0.855590
vt 0.084870 0.912560
vt 0.084870 0.911110
vt 0.087460 0.911110
vt 0.087460 0.912560
vt 0.089040 0.911110
vt 0.089040 0.912560
vt 0.084870 0.909480
vt 0.087460 0.909480
vt 0.089040 0.909480
vt 0.084870 0.904230
vt 0.087460 0.904230
vt 0.084870 0.906150
vt 0.087460 0.906150
vt 0.089040 0.904230
vt 0.089040 0.906150
vt 0.089040 0.906100
vt 0.089040 0.905170
vt 0.089040 0.907660
vt 0.089040 0.911510
vt 0.089040 0.910930
vt 0.089040 0.906550
vt 0.089040 0.905180
vt 0.088630 0.912560
vt 0.088720 0.912560
vt 0.088400 0.912560
vt 0.087950 0.912560
vt 0.088810 0.912560
vt 0.066850 0.911010
vt 0.453760 0.875600
vt 0.466950 0.875630
vt 0.466950 0.882260
vt 0.453760 0.882230
vt 0.480140 0.875600
vt 0.480140 0.882230
vt 0.380530 0.848310
vt 0.378950 0.856640
vt 0.376360 0.856640
vt 0.380530 0.856640
vt 0.331840 0.854050
vt 0.331840 0.846660
vt 0.331840 0.847590
vt 0.331840 0.849150
vt 0.331840 0.853000
vt 0.331840 0.852420
vt 0.331840 0.848040
vt 0.331840 0.846670
vt 0.354140 0.850190
vt 0.345320 0.849900
vt 0.348700 0.852680
vt 0.332790 0.844000
vt 0.332050 0.844740
vt 0.160290 0.959000
vt 0.461810 0.870520
vt 0.461850 0.870480
vt 0.098960 0.902390
vt 0.248990 0.857100
vt 0.034240 0.975950
vt 0.176070 0.873810
vt 0.176190 0.873810
vt 0.172020 0.873810
vt 0.172130 0.873810
vt 0.176300 0.873810
vt 0.171910 0.873810
vt 0.176730 0.873810
vt 0.176870 0.873810
vt 0.171340 0.873810
vt 0.171470 0.873810
vt 0.175550 0.873810
vt 0.175690 0.873810
vt 0.172520 0.873810
vt 0.172660 0.873810
vt 0.094800 0.922650
vt 0.094920 0.922650
vt 0.090750 0.922650
vt 0.090860 0.922650
vt 0.095030 0.922650
vt 0.090640 0.922650
vt 0.159130 0.940680
vt 0.159130 0.949010
vt 0.160180 0.949010
vt 0.160180 0.940680
vt 0.158090 0.940680
vt 0.158090 0.949010
vt 0.157050 0.940680
vt 0.157050 0.949010
vt 0.156010 0.940680
vt 0.156010 0.949010
vt 0.154970 0.940680
vt 0.154970 0.949010
vt 0.153930 0.940680
vt 0.153930 0.949010
vt 0.152880 0.940680
vt 0.152880 0.949010
vt 0.151840 0.940680
vt 0.151840 0.949010
vt 0.159650 0.949010
vt 0.158610 0.949010
vt 0.157570 0.949010
vt 0.156530 0.949010
vt 0.155490 0.949010
vt 0.154450 0.949010
vt 0.153400 0.949010
vt 0.152360 0.949010
vt 0.240490 0.839990
vt 0.241540 0.839990
vt 0.239450 0.839990
vt 0.238410 0.839990
vt 0.237370 0.839990
vt 0.236330 0.839990
vt 0.235290 0.839990
vt 0.234240 0.839990
vt 0.233200 0.839990
vt 0.045260 0.957240
vt 0.046310 0.957240
vt 0.045780 0.957240
vt 0.044220 0.957240
vt 0.044740 0.957240
vt 0.043180 0.957240
vt 0.043700 0.957240
vt 0.042140 0.957240
vt 0.042660 0.957240
vt 0.041100 0.957240
vt 0.041620 0.957240
vt 0.040060 0.957240
vt 0.040580 0.957240
vt 0.039010 0.957240
vt 0.039530 0.957240
vt 0.037970 0.957240
vt 0.038490 0.957240
vt 0.374800 0.857270
vt 0.377670 0.859630
vt 0.375430 0.857790
vt 0.375300 0.857680
vt 0.377030 0.859100
vt 0.377040 0.859110
vt 0.035630 0.969730
vt 0.037360 0.971150
vt 0.037350 0.971150
vt 0.035760 0.969830
vt 0.136430 0.977050
vt 0.134710 0.975640
vt 0.134730 0.975650
vt 0.136430 0.977040
vt 0.134800 0.975710
vt 0.134810 0.975720
vt 0.134760 0.975670
vt 0.134770 0.975690
vt 0.098960 0.905220
vt 0.074540 0.900930
vt 0.083930 0.956050
vt 0.083190 0.956790
vt 0.350260 0.850010
vt 0.379900 0.853920
vt 0.380610 0.858130
vt 0.380220 0.856450
vt 0.326460 0.849030
vt 0.465200 0.863830
vt 0.468710 0.863830
vt 0.468710 0.882690
vt 0.465200 0.882690
vt 0.464900 0.863830
vt 0.464900 0.882260
vt 0.469000 0.863830
vt 0.469000 0.882260
vt 0.356230 0.850480
vt 0.039590 0.958990
vt 0.236880 0.957020
vt 0.254630 0.844560
vt 0.377760 0.858480
vt 0.345290 0.844010
vt 0.345330 0.843970
vt 0.012270 0.979740
vt 0.473090 0.863080
vt 0.023320 0.973430
vt 0.023360 0.973390
vt 0.435210 0.863080
vt 0.041270 0.956510
vt 0.477100 0.861020
vt 0.476710 0.859340
vt 0.454970 0.874030
vt 0.453500 0.867550
vt 0.458430 0.869020
vt 0.456510 0.865930
vt 0.456580 0.869400
vt 0.468350 0.862680
vt 0.468130 0.862850
vt 0.111090 0.898010
vt 0.452000 0.862100
vt 0.420010 0.855610
vt 0.377410 0.854740
vt 0.347530 0.851420
vt 0.123920 0.875020
vt 0.137710 0.960280
vt 0.137710 0.959920
vt 0.137350 0.959920
vt 0.137350 0.960280
vt 0.137670 0.959570
vt 0.137390 0.959570
vt 0.137710 0.959570
vt 0.137710 0.959210
vt 0.137350 0.959210
vt 0.137350 0.959570
vt 0.137710 0.958850
vt 0.137350 0.958850
vt 0.138070 0.959570
vt 0.138070 0.959210
vt 0.136990 0.959210
vt 0.136990 0.959570
vt 0.137670 0.959910
vt 0.137390 0.959910
vt 0.164590 0.882930
vt 0.164590 0.882910
vt 0.164570 0.882910
vt 0.164570 0.882930
vt 0.137500 0.959480
vt 0.137500 0.959920
vt 0.137500 0.959570
vt 0.137500 0.959210
s 0
usemtl mat1
f 1761/1456/1342 1768/1456/1342 1769/1456/1342 1762/1456/1342
f 1763/1456/1343 1770/1456/1343 1771/1456/1343 1764/1456/1343
f 1762/1456/1344 1769/1456/1344 1770/1456/1344 1763/1456/1344
f 1765/1457/1345 1772/1457/1345 1773/1457/1345 1766/1457/1345
f 1766/1457/1346 1773/1457/1346 1774/1457/1346 1767/1457/1346
f 1765/1458/1347 1764/1456/1347 1771/1456/1347 1772/1458/1347
f 1770/1456/1348 1776/1456/1348 1777/1456/1348 1771/1456/1348
f 1769/1456/1348 1775/1456/1348 1776/1456/1348 1770/1456/1348
f 1772/1457/1348 1778/1457/1348 1779/1457/1348 1773/1457/1348
f 1773/1457/1349 1779/1457/1349 1780/1457/1349 1774/1457/1349
f 1771/1456/1348 1777/1456/1348 1778/1458/1348 1772/1458/1348
f 1769/1456/1350 1768/1456/1350 1781/1459/1350 1775/1456/1350
f 1791/1456/1351 1790/1456/1351 1783/1456/1351 1784/1456/1351
f 1793/1456/1352 1792/1456/1352 1785/1456/1352 1786/1456/1352
f 1792/1456/1353 1791/1456/1353 1784/1456/1353 1785/1456/1353
f 1795/1457/1354 1794/1457/1354 1787/1457/1354 1788/1457/1354
f 1796/1457/1355 1795/1457/1355 1788/1457/1355 1789/1457/1355
f 1793/1456/1356 1786/1456/1356 1787/1458/1356 1794/1458/1356
f 1799/1456/1357 1798/1456/1357 1792/1456/1357 1793/1456/1357
f 1798/1456/1357 1797/1456/1357 1791/1456/1357 1792/1456/1357
f 1801/1457/1357 1800/1457/1357 1794/1457/1357 1795/1457/1357
f 1802/1457/1358 1801/1457/1358 1795/1457/1358 1796/1457/1358
f 1800/1458/1357 1799/1456/1357 1793/1456/1357 1794/1458/1357
f 1803/1459/1359 1790/1456/1359 1791/1456/1359 1797/1456/1359
f 1767/1460/1360 1789/1461/1360 1805/1462/1360 1804/1463/1360
f 1780/1464/1361 1802/1465/1361 1789/1466/1361 1767/1467/1361
f 1815/1468/1362 1821/1468/1362 1820/1468/1362 1806/1468/1362
f 1817/1468/1363 1823/1468/1363 1822/1468/1363 1816/1468/1363
f 1816/1468/1364 1822/1468/1364 1821/1468/1364 1815/1468/1364
f 1818/1469/1365 1824/1469/1365 1823/1468/1365 1817/1468/1365
f 1819/1469/1366 1825/1469/1366 1824/1469/1366 1818/1469/1366
f 1804/1469/1367 1826/1469/1367 1825/1469/1367 1819/1469/1367
f 1820/1468/1368 1821/1468/1368 1827/1468/1368 1809/1468/1368
f 1822/1468/1369 1823/1468/1369 1829/1468/1369 1828/1468/1369
f 1821/1468/1370 1822/1468/1370 1828/1468/1370 1827/1468/1370
f 1823/1468/1371 1824/1469/1371 1830/1469/1371 1829/1468/1371
f 1824/1469/1372 1825/1469/1372 1831/1469/1372 1830/1469/1372
f 1825/1469/1373 1826/1469/1373 1805/1469/1373 1831/1469/1373
f 1870/1470/1374 1873/1471/1374 1883/1472/1374 1882/1473/1374
f 1882/1473/1375 1883/1472/1375 1881/1474/1375 1877/1475/1375
f 1873/1471/1376 1871/1476/1376 1884/1477/1376 1883/1472/1376
f 1883/1472/1377 1884/1477/1377 1879/1478/1377 1881/1474/1377
f 1832/1479/1378 1837/1480/1378 1886/1480/1378 1869/1479/1378
f 1872/1481/1379 1869/1479/1379 1886/1480/1379 1885/1482/1379
f 1837/1480/1380 1836/1483/1380 1878/1483/1380 1886/1480/1380
f 1885/1482/1381 1886/1480/1381 1878/1483/1381 1880/1484/1381
f 1840/1478/1382 1842/1474/1382 1891/1474/1382 1889/1478/1382
f 1839/1483/1383 1841/1484/1383 1890/1484/1383 1888/1483/1383
f 1836/1483/1384 1843/1483/1384 1892/1483/1384 1878/1483/1384
f 1844/1483/1385 1839/1483/1385 1888/1483/1385 1893/1483/1385
f 1843/1483/1386 1845/1483/1386 1894/1483/1386 1892/1483/1386
f 1846/1483/1387 1844/1483/1387 1893/1483/1387 1895/1483/1387
f 1841/1484/1388 1840/1478/1388 1889/1478/1388 1890/1484/1388
f 1880/1484/1389 1879/1478/1389 1884/1477/1389 1885/1482/1389
f 1885/1482/1390 1884/1477/1390 1871/1476/1390 1872/1481/1390
f 1848/1483/1391 1849/1483/1391 1898/1483/1391 1897/1483/1391
f 1908/1485/1392 1904/1486/1392 1897/1483/1392 1898/1483/1392
f 1849/1483/1393 1853/1475/1393 1903/1475/1393 1898/1483/1393
f 1903/1475/1394 1909/1487/1394 1908/1485/1394 1898/1483/1394
f 1903/1475/1395 1910/1488/1395 1909/1487/1395
f 1910/1488/1396 1903/1475/1396 1902/1475/1396
f 1891/1474/1397 1905/1489/1397 1887/1475/1397
f 1842/1474/1398 1847/1483/1398 1896/1483/1398 1891/1474/1398
f 1896/1483/1399 1906/1490/1399 1905/1489/1399 1891/1474/1399
f 1896/1483/1400 1907/1491/1400 1906/1490/1400
f 1847/1483/1401 1848/1483/1401 1897/1483/1401 1896/1483/1401
f 1907/1491/1402 1896/1483/1402 1897/1483/1402 1904/1486/1402
f 1861/1473/1403 1834/1470/1403 1875/1470/1403 1911/1473/1403
f 1911/1473/1404 1875/1470/1404 1870/1470/1404 1882/1473/1404
f 1851/1473/1405 1833/1470/1405 1874/1470/1405 1901/1473/1405
f 1835/1470/1406 1865/1473/1406 1915/1473/1406 1876/1470/1406
f 1876/1470/1407 1915/1473/1407 1901/1473/1407 1874/1470/1407
f 1866/1492/1408 1862/1493/1408 1912/1493/1408 1916/1492/1408
f 1900/1475/1409 1916/1492/1409 1912/1493/1409 1899/1475/1409
f 1867/1494/1410 1866/1492/1410 1916/1492/1410 1917/1494/1410
f 1900/1475/1411 1917/1494/1411 1916/1492/1411
f 1868/1495/1412 1867/1494/1412 1917/1494/1412 1918/1495/1412
f 1900/1475/1413 1918/1495/1413 1917/1494/1413
f 1850/1475/1414 1851/1473/1414 1901/1473/1414 1900/1475/1414
f 1865/1473/1415 1868/1495/1415 1918/1495/1415 1915/1473/1415
f 1918/1495/1416 1900/1475/1416 1901/1473/1416 1915/1473/1416
f 1863/1493/1417 1861/1473/1417 1911/1473/1417 1913/1493/1417
f 1877/1475/1418 1913/1493/1418 1911/1473/1418 1882/1473/1418
f 1864/1496/1419 1863/1493/1419 1913/1493/1419 1914/1496/1419
f 1877/1475/1420 1914/1496/1420 1913/1493/1420
f 1862/1493/1421 1864/1496/1421 1914/1496/1421 1912/1493/1421
f 1914/1496/1422 1877/1475/1422 1899/1475/1422 1912/1493/1422
f 1888/1483/1423 1920/1483/1423 1919/1483/1423 1893/1483/1423
f 1920/1483/1424 1878/1483/1424 1892/1483/1424 1919/1483/1424
f 1894/1483/1425 1921/1483/1425 1919/1483/1425 1892/1483/1425
f 1921/1483/1426 1895/1483/1426 1893/1483/1426 1919/1483/1426
f 1890/1484/1427 1922/1484/1427 1920/1483/1427 1888/1483/1427
f 1922/1484/1428 1880/1484/1428 1878/1483/1428 1920/1483/1428
f 1845/1497/1429 1923/1497/1429 1921/1497/1429 1894/1497/1429
f 1923/1497/1430 1846/1497/1430 1895/1497/1430 1921/1497/1430
f 1889/1478/1431 1924/1478/1431 1922/1484/1431 1890/1484/1431
f 1924/1478/1432 1879/1478/1432 1880/1484/1432 1922/1484/1432
f 1891/1474/1433 1925/1474/1433 1924/1478/1433 1889/1478/1433
f 1925/1474/1434 1881/1474/1434 1879/1478/1434 1924/1478/1434
f 1887/1475/1435 1926/1475/1435 1925/1474/1435 1891/1474/1435
f 1926/1475/1436 1877/1475/1436 1881/1474/1436 1925/1474/1436
f 1902/1475/1437 1927/1475/1437 1926/1475/1437 1887/1475/1437
f 1927/1475/1438 1899/1475/1438 1877/1475/1438 1926/1475/1438
f 1903/1475/1439 1928/1475/1439 1927/1475/1439 1902/1475/1439
f 1928/1475/1440 1900/1475/1440 1899/1475/1440 1927/1475/1440
f 1853/1475/1441 1929/1475/1441 1928/1475/1441 1903/1475/1441
f 1929/1475/1442 1850/1475/1442 1900/1475/1442 1928/1475/1442
f 1981/1472/1443 1971/1471/1443 1968/1470/1443 1980/1473/1443
f 1979/1474/1444 1981/1472/1444 1980/1473/1444 1975/1475/1444
f 1982/1477/1445 1969/1476/1445 1971/1471/1445 1981/1472/1445
f 1977/1478/1446 1982/1477/1446 1981/1472/1446 1979/1474/1446
f 1984/1480/1447 1935/1480/1447 1930/1479/1447 1967/1479/1447
f 1984/1480/1448 1967/1479/1448 1970/1481/1448 1983/1482/1448
f 1976/1483/1449 1934/1483/1449 1935/1480/1449 1984/1480/1449
f 1976/1483/1450 1984/1480/1450 1983/1482/1450 1978/1484/1450
f 1989/1474/1451 1940/1474/1451 1938/1478/1451 1987/1478/1451
f 1988/1484/1452 1939/1484/1452 1937/1483/1452 1986/1483/1452
f 1990/1483/1453 1941/1483/1453 1934/1483/1453 1976/1483/1453
f 1986/1483/1454 1937/1483/1454 1942/1483/1454 1991/1483/1454
f 1992/1483/1455 1943/1483/1455 1941/1483/1455 1990/1483/1455
f 1991/1483/1456 1942/1483/1456 1944/1483/1456 1993/1483/1456
f 1987/1478/1457 1938/1478/1457 1939/1484/1457 1988/1484/1457
f 1982/1477/1458 1977/1478/1458 1978/1484/1458 1983/1482/1458
f 1969/1476/1459 1982/1477/1459 1983/1482/1459 1970/1481/1459
f 1996/1483/1460 1947/1483/1460 1946/1483/1460 1995/1483/1460
f 1995/1483/1461 2002/1486/1461 2006/1485/1461 1996/1483/1461
f 2001/1475/1462 1951/1475/1462 1947/1483/1462 1996/1483/1462
f 2006/1485/1463 2007/1487/1463 2001/1475/1463 1996/1483/1463
f 2008/1488/1464 2001/1475/1464 2007/1487/1464
f 2001/1475/1465 2008/1488/1465 2000/1475/1465
f 2003/1489/1466 1989/1474/1466 1985/1475/1466
f 1994/1483/1467 1945/1483/1467 1940/1474/1467 1989/1474/1467
f 2003/1489/1468 2004/1490/1468 1994/1483/1468 1989/1474/1468
f 2005/1491/1469 1994/1483/1469 2004/1490/1469
f 1995/1483/1470 1946/1483/1470 1945/1483/1470 1994/1483/1470
f 1995/1483/1471 1994/1483/1471 2005/1491/1471 2002/1486/1471
f 1973/1470/1472 1932/1470/1472 1959/1473/1472 2009/1473/1472
f 1968/1470/1473 1973/1470/1473 2009/1473/1473 1980/1473/1473
f 1972/1470/1474 1931/1470/1474 1949/1473/1474 1999/1473/1474
f 2013/1473/1475 1963/1473/1475 1933/1470/1475 1974/1470/1475
f 1999/1473/1476 2013/1473/1476 1974/1470/1476 1972/1470/1476
f 2010/1493/1477 1960/1493/1477 1964/1492/1477 2014/1492/1477
f 2010/1493/1478 2014/1492/1478 1998/1475/1478 1997/1475/1478
f 2014/1492/1479 1964/1492/1479 1965/1494/1479 2015/1494/1479
f 2015/1494/1480 1998/1475/1480 2014/1492/1480
f 2015/1494/1481 1965/1494/1481 1966/1495/1481 2016/1495/1481
f 2016/1495/1482 1998/1475/1482 2015/1494/1482
f 1999/1473/1483 1949/1473/1483 1948/1475/1483 1998/1475/1483
f 2016/1495/1484 1966/1495/1484 1963/1473/1484 2013/1473/1484
f 1999/1473/1485 1998/1475/1485 2016/1495/1485 2013/1473/1485
f 2009/1473/1486 1959/1473/1486 1961/1493/1486 2011/1493/1486
f 2009/1473/1487 2011/1493/1487 1975/1475/1487 1980/1473/1487
f 2011/1493/1488 1961/1493/1488 1962/1496/1488 2012/1496/1488
f 2012/1496/1489 1975/1475/1489 2011/1493/1489
f 2012/1496/1490 1962/1496/1490 1960/1493/1490 2010/1493/1490
f 1997/1475/1491 1975/1475/1491 2012/1496/1491 2010/1493/1491
f 2017/1483/1492 2018/1483/1492 1986/1483/1492 1991/1483/1492
f 1990/1483/1493 1976/1483/1493 2018/1483/1493 2017/1483/1493
f 2017/1483/1494 2019/1483/1494 1992/1483/1494 1990/1483/1494
f 1991/1483/1495 1993/1483/1495 2019/1483/1495 2017/1483/1495
f 2018/1483/1496 2020/1484/1496 1988/1484/1496 1986/1483/1496
f 1976/1483/1497 1978/1484/1497 2020/1484/1497 2018/1483/1497
f 2019/1497/1498 2021/1497/1498 1943/1497/1498 1992/1497/1498
f 1993/1497/1499 1944/1497/1499 2021/1497/1499 2019/1497/1499
f 2020/1484/1500 2022/1478/1500 1987/1478/1500 1988/1484/1500
f 1978/1484/1501 1977/1478/1501 2022/1478/1501 2020/1484/1501
f 2022/1478/1502 2023/1474/1502 1989/1474/1502 1987/1478/1502
f 1977/1478/1503 1979/1474/1503 2023/1474/1503 2022/1478/1503
f 2023/1474/1504 2024/1475/1504 1985/1475/1504 1989/1474/1504
f 1979/1474/1505 1975/1475/1505 2024/1475/1505 2023/1474/1505
f 2024/1475/1506 2025/1475/1506 2000/1475/1506 1985/1475/1506
f 1975/1475/1507 1997/1475/1507 2025/1475/1507 2024/1475/1507
f 2025/1475/1508 2026/1475/1508 2001/1475/1508 2000/1475/1508
f 1997/1475/1509 1998/1475/1509 2026/1475/1509 2025/1475/1509
f 2026/1475/1510 2027/1475/1510 1951/1475/1510 2001/1475/1510
f 1998/1475/1511 1948/1475/1511 2027/1475/1511 2026/1475/1511
f 1799/1456/1512 2029/1456/1512 2028/1456/1512 1798/1456/1512
f 2030/1456/1513 1797/1456/1513 1798/1456/1513 2028/1456/1513
f 1800/1458/1514 2031/1458/1514 2029/1456/1514 1799/1456/1514
f 2032/1459/1515 1803/1459/1515 1797/1456/1515 2030/1456/1515
f 1801/1457/1516 2033/1457/1516 2031/1457/1516 1800/1457/1516
f 1802/1457/1517 2034/1457/1517 2033/1457/1517 1801/1457/1517
f 2036/1456/1518 1777/1456/1518 1776/1456/1518 2035/1456/1518
f 1775/1456/1519 2037/1456/1519 2035/1456/1519 1776/1456/1519
f 2038/1458/1520 1778/1458/1520 1777/1456/1520 2036/1456/1520
f 1781/1459/1521 2039/1459/1521 2037/1456/1521 1775/1456/1521
f 2040/1457/1522 1779/1457/1522 1778/1457/1522 2038/1457/1522
f 2041/1457/1523 1780/1457/1523 1779/1457/1523 2040/1457/1523
f 2028/1456/1524 2029/1456/1524 2051/1456/1524 2050/1456/1524
f 2051/1456/1525 2044/1456/1525 2043/1456/1525 2050/1456/1525
f 2030/1456/1526 2028/1456/1526 2050/1456/1526 2052/1456/1526
f 2042/1456/1527 2052/1456/1527 2050/1456/1527 2043/1456/1527
f 2029/1456/1524 2031/1458/1524 2053/1458/1524 2051/1456/1524
f 2053/1458/1528 2045/1458/1528 2044/1456/1528 2051/1456/1528
f 2032/1459/1529 2030/1456/1529 2052/1456/1529 2054/1459/1529
f 2049/1459/1530 2054/1459/1530 2052/1456/1530 2042/1456/1530
f 2031/1457/1526 2033/1457/1526 2055/1457/1526 2053/1457/1526
f 2055/1457/1531 2046/1457/1531 2045/1457/1531 2053/1457/1531
f 2034/1498/1532 1782/1499/1532 2047/1500/1532 2056/1501/1532
f 2033/1457/1526 2034/1457/1526 2056/1457/1526 2055/1457/1526
f 2056/1457/1533 2047/1457/1533 2046/1457/1533 2055/1457/1533
f 2036/1456/1534 2035/1456/1534 2057/1456/1534 2058/1456/1534
f 2044/1456/1535 2058/1456/1535 2057/1456/1535 2043/1456/1535
f 2035/1456/1536 2037/1456/1536 2059/1456/1536 2057/1456/1536
f 2059/1456/1537 2042/1456/1537 2043/1456/1537 2057/1456/1537
f 2038/1458/1534 2036/1456/1534 2058/1456/1534 2060/1458/1534
f 2045/1458/1538 2060/1458/1538 2058/1456/1538 2044/1456/1538
f 2037/1456/1539 2039/1459/1539 2061/1459/1539 2059/1456/1539
f 2061/1459/1540 2048/1459/1540 2042/1456/1540 2059/1456/1540
f 2040/1457/1536 2038/1457/1536 2060/1457/1536 2062/1457/1536
f 2046/1457/1541 2062/1457/1541 2060/1457/1541 2045/1457/1541
f 2041/1457/1536 2040/1457/1536 2062/1457/1536 2063/1457/1536
f 1782/1499/1532 2041/1502/1532 2063/1503/1532 2047/1500/1532
f 2047/1457/1542 2063/1457/1542 2062/1457/1542 2046/1457/1542
f 1780/1464/1543 2041/1502/1543 2034/1498/1543 1802/1465/1543
f 2039/1459/1544 1781/1459/1544 1996/1504/1544 2061/1459/1544
f 1996/1504/1545 2013/1505/1545 1876/1506/1545 2048/1459/1545
f 1996/1504/1546 2001/1507/1546 2013/1505/1546
f 2001/1507/1547 2026/1507/1547 1998/1507/1547 2013/1505/1547
f 2049/1459/1548 2061/1459/1548 1996/1504/1548
f 2066/1504/1549 2064/1459/1549 2071/1459/1549 2074/1459/1549
f 2065/1506/1550 2069/1505/1550 2066/1504/1550 2072/1459/1550
f 2068/1507/1551 2066/1504/1551 2069/1505/1551
f 2067/1507/1552 2070/1507/1552 2068/1507/1552 2069/1505/1552
f 2074/1459/1553 2073/1459/1553 2066/1504/1553
f 1902/1508/1554 1887/1508/1554 2084/1508/1554 2085/1508/1554
f 1838/1508/1555 1852/1508/1555 2076/1508/1555 2075/1508/1555
f 2075/1508/1556 2076/1508/1556 2085/1508/1556 2084/1508/1556
f 1904/1509/1557 1908/1510/1557 2090/1510/1557 2086/1509/1557
f 1858/1510/1558 1854/1509/1558 2077/1509/1558 2081/1510/1558
f 2081/1510/1559 2077/1509/1559 2086/1509/1559 2090/1510/1559
f 1908/1510/1560 1909/1511/1560 2091/1511/1560 2090/1510/1560
f 1859/1511/1561 1858/1510/1561 2081/1510/1561 2082/1511/1561
f 2082/1511/1562 2081/1510/1562 2090/1510/1562 2091/1511/1562
f 1909/1511/1563 1910/1512/1563 2092/1512/1563 2091/1511/1563
f 1860/1512/1564 1859/1511/1564 2082/1511/1564 2083/1512/1564
f 2083/1512/1565 2082/1511/1565 2091/1511/1565 2092/1512/1565
f 1910/1512/1566 1902/1508/1566 2085/1508/1566 2092/1512/1566
f 1852/1508/1567 1860/1512/1567 2083/1512/1567 2076/1508/1567
f 2076/1508/1568 2083/1512/1568 2092/1512/1568 2085/1508/1568
f 1887/1508/1569 1905/1513/1569 2087/1513/1569 2084/1508/1569
f 1855/1513/1570 1838/1508/1570 2075/1508/1570 2078/1513/1570
f 2078/1513/1571 2075/1508/1571 2084/1508/1571 2087/1513/1571
f 1905/1513/1572 1906/1514/1572 2088/1514/1572 2087/1513/1572
f 1856/1514/1573 1855/1513/1573 2078/1513/1573 2079/1514/1573
f 2079/1514/1574 2078/1513/1574 2087/1513/1574 2088/1514/1574
f 1906/1514/1575 1907/1515/1575 2089/1515/1575 2088/1514/1575
f 1857/1515/1576 1856/1514/1576 2079/1514/1576 2080/1515/1576
f 2080/1515/1577 2079/1514/1577 2088/1514/1577 2089/1515/1577
f 1907/1515/1578 1904/1509/1578 2086/1509/1578 2089/1515/1578
f 1854/1509/1579 1857/1515/1579 2080/1515/1579 2077/1509/1579
f 2077/1509/1580 2080/1515/1580 2089/1515/1580 2086/1509/1580
f 1950/1508/1581 1936/1508/1581 2093/1508/1581 2094/1508/1581
f 1985/1508/1582 2000/1508/1582 2103/1508/1582 2102/1508/1582
f 2103/1508/1583 2094/1508/1583 2093/1508/1583 2102/1508/1583
f 1952/1509/1584 1956/1510/1584 2099/1510/1584 2095/1509/1584
f 2006/1510/1585 2002/1509/1585 2104/1509/1585 2108/1510/1585
f 2104/1509/1586 2095/1509/1586 2099/1510/1586 2108/1510/1586
f 1956/1510/1587 1957/1511/1587 2100/1511/1587 2099/1510/1587
f 2007/1511/1588 2006/1510/1588 2108/1510/1588 2109/1511/1588
f 2108/1510/1589 2099/1510/1589 2100/1511/1589 2109/1511/1589
f 1957/1511/1590 1958/1512/1590 2101/1512/1590 2100/1511/1590
f 2008/1512/1591 2007/1511/1591 2109/1511/1591 2110/1512/1591
f 2109/1511/1592 2100/1511/1592 2101/1512/1592 2110/1512/1592
f 1958/1512/1593 1950/1508/1593 2094/1508/1593 2101/1512/1593
f 2000/1508/1594 2008/1512/1594 2110/1512/1594 2103/1508/1594
f 2110/1512/1595 2101/1512/1595 2094/1508/1595 2103/1508/1595
f 1936/1508/1596 1953/1513/1596 2096/1513/1596 2093/1508/1596
f 2003/1513/1597 1985/1508/1597 2102/1508/1597 2105/1513/1597
f 2102/1508/1598 2093/1508/1598 2096/1513/1598 2105/1513/1598
f 1953/1513/1599 1954/1514/1599 2097/1514/1599 2096/1513/1599
f 2004/1514/1600 2003/1513/1600 2105/1513/1600 2106/1514/1600
f 2105/1513/1601 2096/1513/1601 2097/1514/1601 2106/1514/1601
f 1954/1514/1602 1955/1515/1602 2098/1515/1602 2097/1514/1602
f 2005/1515/1603 2004/1514/1603 2106/1514/1603 2107/1515/1603
f 2106/1514/1604 2097/1514/1604 2098/1515/1604 2107/1515/1604
f 1955/1515/1605 1952/1509/1605 2095/1509/1605 2098/1515/1605
f 2002/1509/1606 2005/1515/1606 2107/1515/1606 2104/1509/1606
f 2107/1515/1607 2098/1515/1607 2095/1509/1607 2104/1509/1607
f 1806/1516/1608 2112/1516/1608 2111/1516/1608 1807/1516/1608
f 2112/1516/1608 1809/1516/1608 1808/1516/1608 2111/1516/1608
f 1810/1516/1609 2113/1516/1609 2111/1516/1609 1808/1516/1609
f 2113/1516/1609 1811/1516/1609 1807/1516/1609 2111/1516/1609
f 1813/1516/1610 2114/1516/1610 2113/1516/1610 1810/1516/1610
f 2114/1516/1610 1812/1516/1610 1811/1516/1610 2113/1516/1610
f 1814/1516/1611 2114/1516/1611 1813/1516/1611
f 1814/1516/1611 1812/1516/1611 2114/1516/1611
f 2120/1517/1612 2119/1517/1612 2121/1517/1612
f 2121/1517/1613 2118/1517/1613 2116/1517/1613 2120/1517/1613
f 2122/1518/1614 2117/1517/1614 2115/1517/1614
f 2120/1517/1615 2124/1517/1615 2123/1517/1615 2119/1517/1615
f 2124/1517/1616 2115/1517/1616 2117/1517/1616 2123/1517/1616
f 2127/1517/1617 2128/1517/1617 2129/1517/1617
f 2116/1517/1613 2118/1517/1613 2129/1517/1613 2128/1517/1613
f 2126/1517/1618 2130/1518/1618 2125/1517/1618
f 2131/1517/1619 2132/1517/1619 2128/1517/1619 2127/1517/1619
f 2126/1517/1620 2125/1517/1620 2132/1517/1620 2131/1517/1620
f 2119/1517/1621 2135/1517/1621 2136/1517/1621 2121/1517/1621
f 2121/1517/1622 2136/1517/1622 2134/1517/1622 2118/1517/1622
f 2122/1518/1623 2137/1518/1623 2133/1517/1623 2117/1517/1623
f 2123/1517/1624 2138/1517/1624 2135/1517/1624 2119/1517/1624
f 2117/1517/1625 2133/1517/1625 2138/1517/1625 2123/1517/1625
f 2129/1517/1626 2141/1517/1626 2140/1517/1626 2127/1517/1626
f 2118/1517/1622 2134/1517/1622 2141/1517/1622 2129/1517/1622
f 2126/1517/1627 2139/1517/1627 2142/1518/1627 2130/1518/1627
f 2127/1517/1628 2140/1517/1628 2143/1517/1628 2131/1517/1628
f 2131/1517/1629 2143/1517/1629 2139/1517/1629 2126/1517/1629
f 2138/1517/1630 2146/1517/1630 2145/1517/1630 2135/1517/1630
f 2133/1517/1631 2144/1517/1631 2146/1517/1631 2138/1517/1631
f 2140/1517/1632 2148/1517/1632 2149/1517/1632 2143/1517/1632
f 2143/1517/1633 2149/1517/1633 2147/1517/1633 2139/1517/1633
f 2136/1517/1634 2135/1517/1634 2145/1517/1634
f 2148/1517/1635 2140/1517/1635 2141/1517/1635
f 2142/1518/1636 2139/1517/1636 2147/1517/1636
f 2144/1517/1637 2133/1517/1637 2137/1518/1637
f 2134/1517/1638 2136/1517/1638 2145/1517/1638
f 2148/1517/1638 2141/1517/1638 2134/1517/1638
f 2148/1517/1638 2134/1517/1638 2145/1517/1638
f 2155/1519/1639 2164/1519/1639 2163/1519/1639 2153/1519/1639
f 2156/1520/1640 2166/1520/1640 2164/1520/1640 2155/1520/1640
f 2154/1520/1641 2168/1520/1641 2166/1520/1641 2156/1520/1641
f 2155/1520/1642 2153/1520/1642 2151/1520/1642 2152/1520/1642
f 2152/1520/1643 2156/1520/1643 2155/1520/1643
f 2156/1520/1644 2152/1520/1644 2150/1520/1644 2170/1520/1644
f 2170/1520/1645 2154/1520/1645 2156/1520/1645
f 2164/1519/1639 2172/1519/1639 2171/1519/1639 2163/1519/1639
f 2158/1521/1646 2173/1521/1646 2171/1521/1646 2157/1521/1646
f 2173/1521/1646 2165/1521/1646 2163/1521/1646 2171/1521/1646
f 2160/1521/1647 2175/1521/1647 2173/1521/1647 2158/1521/1647
f 2175/1521/1647 2167/1521/1647 2165/1521/1647 2173/1521/1647
f 2162/1521/1648 2177/1521/1648 2175/1521/1648 2160/1521/1648
f 2177/1521/1648 2169/1521/1648 2167/1521/1648 2175/1521/1648
f 2157/1519/1649 2171/1519/1649 2180/1519/1649 2178/1519/1649
f 2171/1519/1650 2172/1519/1650 2181/1519/1650 2180/1519/1650
f 2181/1522/1651 2179/1522/1651 2178/1522/1651 2180/1522/1651
f 2181/1522/1652 2174/1523/1652 2159/1523/1652 2179/1522/1652
f 2172/1519/1653 2174/1520/1653 2181/1519/1653
f 2189/1519/1639 2190/1519/1639 2187/1519/1639 2185/1519/1639
f 2185/1521/1646 2183/1521/1646 2191/1521/1646 2189/1521/1646
f 2190/1520/1640 2192/1520/1640 2188/1520/1640 2187/1520/1640
f 2183/1521/1647 2184/1521/1647 2193/1521/1647 2191/1521/1647
f 2192/1520/1641 2194/1520/1641 2186/1520/1641 2188/1520/1641
f 2184/1521/1648 2182/1521/1648 2195/1521/1648 2193/1521/1648
f 2183/1520/1654 2185/1520/1654 2187/1520/1654 2184/1520/1654
f 2188/1520/1655 2184/1520/1655 2187/1520/1655
f 2182/1520/1656 2184/1520/1656 2188/1520/1656 2196/1520/1656
f 2186/1520/1657 2196/1520/1657 2188/1520/1657
f 2197/1519/1639 2198/1519/1639 2190/1519/1639 2189/1519/1639
f 2197/1521/1646 2199/1521/1646 2158/1521/1646 2157/1521/1646
f 2189/1521/1646 2191/1521/1646 2199/1521/1646 2197/1521/1646
f 2199/1521/1647 2201/1521/1647 2160/1521/1647 2158/1521/1647
f 2191/1521/1647 2193/1521/1647 2201/1521/1647 2199/1521/1647
f 2201/1521/1648 2203/1521/1648 2162/1521/1648 2160/1521/1648
f 2193/1521/1648 2195/1521/1648 2203/1521/1648 2201/1521/1648
f 2204/1519/1649 2197/1519/1649 2157/1519/1649 2178/1519/1649
f 2205/1519/1658 2198/1519/1658 2197/1519/1658 2204/1519/1658
f 2178/1522/1651 2179/1522/1651 2205/1522/1651 2204/1522/1651
f 2159/1523/1652 2200/1523/1652 2205/1522/1652 2179/1522/1652
f 2200/1520/1659 2198/1519/1659 2205/1519/1659
f 2207/1524/1660 2206/1524/1660 2214/1524/1660 2215/1524/1660
f 2163/1524/1661 2189/1524/1661 2213/1524/1661 2211/1524/1661
f 2213/1524/1662 2215/1524/1662 2214/1524/1662 2211/1524/1662
f 2153/1524/1661 2163/1524/1661 2211/1524/1661 2210/1524/1661
f 2208/1524/1663 2153/1524/1663 2210/1524/1663 2216/1524/1663
f 2206/1524/1660 2208/1524/1660 2216/1524/1660 2214/1524/1660
f 2216/1524/1662 2210/1524/1662 2211/1524/1662 2214/1524/1662
f 2209/1524/1660 2207/1524/1660 2215/1524/1660 2217/1524/1660
f 2185/1524/1664 2209/1524/1664 2217/1524/1664 2212/1524/1664
f 2189/1524/1661 2185/1524/1661 2212/1524/1661 2213/1524/1661
f 2212/1524/1662 2217/1524/1662 2215/1524/1662 2213/1524/1662
f 2219/1521/1647 2152/1521/1647 2151/1521/1647 2218/1521/1647
f 2220/1521/1647 2165/1521/1647 2167/1521/1647 2223/1521/1647
f 2221/1521/1665 2218/1521/1665 2151/1521/1665 2153/1521/1665
f 2222/1521/1666 2221/1521/1666 2153/1521/1666 2163/1521/1666
f 2163/1521/1667 2165/1521/1667 2220/1521/1667 2222/1521/1667
f 2223/1521/1648 2167/1521/1648 2169/1521/1648
f 2219/1521/1648 2223/1521/1648 2169/1521/1648 2150/1521/1648
f 2150/1521/1648 2152/1521/1648 2219/1521/1648
f 2222/1525/1668 2220/1525/1668 2226/1525/1668 2228/1525/1668
f 2221/1525/1669 2222/1525/1669 2228/1525/1669 2227/1525/1669
f 2218/1525/1670 2221/1525/1670 2227/1525/1670 2224/1525/1670
f 2227/1526/1671 2228/1526/1671 2226/1526/1671 2224/1526/1671
f 2219/1525/1672 2218/1525/1672 2224/1525/1672 2225/1525/1672
f 2223/1525/1673 2219/1525/1673 2225/1525/1673 2229/1525/1673
f 2220/1525/1674 2223/1525/1674 2229/1525/1674 2226/1525/1674
f 2229/1526/1675 2225/1526/1675 2224/1526/1675 2226/1526/1675
f 2246/1527/1676 2232/1527/1676 2230/1528/1676 2244/1528/1676
f 2245/1529/1677 2231/1529/1677 2233/1530/1677 2247/1530/1677
f 2247/1530/1357 2233/1530/1357 2232/1527/1357 2246/1527/1357
f 2244/1528/1678 2245/1529/1678 2247/1530/1678 2246/1527/1678
f 2244/1528/1679 2230/1528/1679 2234/1531/1679 2248/1531/1679
f 2248/1531/1348 2234/1531/1348 2235/1532/1348 2249/1532/1348
f 2249/1532/1680 2235/1532/1680 2231/1529/1680 2245/1529/1680
f 2248/1531/1681 2249/1532/1681 2245/1529/1681 2244/1528/1681
f 2252/1533/1682 2238/1533/1682 2236/1534/1682 2250/1534/1682
f 2250/1534/1348 2236/1534/1348 2237/1535/1348 2251/1535/1348
f 2251/1535/1683 2237/1535/1683 2239/1536/1683 2253/1536/1683
f 2253/1536/1357 2239/1536/1357 2238/1533/1357 2252/1533/1357
f 2250/1534/1684 2251/1535/1684 2253/1536/1684 2252/1533/1684
f 2256/1537/1685 2242/1537/1685 2240/1538/1685 2254/1538/1685
f 2254/1538/1348 2240/1538/1348 2241/1539/1348 2255/1539/1348
f 2255/1539/1686 2241/1539/1686 2243/1540/1686 2257/1540/1686
f 2257/1540/1357 2243/1540/1357 2242/1537/1357 2256/1537/1357
f 2254/1538/1687 2255/1539/1687 2257/1540/1687 2256/1537/1687
f 2266/1541/1688 2260/1541/1688 2258/1542/1688 2264/1542/1688
f 2272/1541/1689 2266/1541/1689 2264/1542/1689 2270/1542/1689
f 2265/1543/1690 2259/1543/1690 2261/1544/1690 2267/1544/1690
f 2271/1543/1691 2265/1543/1691 2267/1544/1691 2273/1544/1691
f 2267/1544/1692 2261/1544/1692 2260/1541/1692 2266/1541/1692
f 2273/1544/1693 2267/1544/1693 2266/1541/1693 2272/1541/1693
f 2270/1542/1694 2271/1543/1694 2273/1544/1694 2272/1541/1694
f 2264/1542/1695 2258/1542/1695 2262/1545/1695 2268/1545/1695
f 2270/1542/1696 2264/1542/1696 2268/1545/1696 2274/1545/1696
f 2268/1545/1697 2262/1545/1697 2263/1546/1697 2269/1546/1697
f 2274/1545/1698 2268/1545/1698 2269/1546/1698 2275/1546/1698
f 2269/1546/1699 2263/1546/1699 2259/1543/1699 2265/1543/1699
f 2275/1546/1700 2269/1546/1700 2265/1543/1700 2271/1543/1700
f 2274/1545/1701 2275/1546/1701 2271/1543/1701 2270/1542/1701
f 2277/1547/1702 2285/1548/1702 2284/1549/1702 2276/1550/1702
f 2278/1551/1703 2286/1552/1703 2285/1548/1703 2277/1547/1703
f 2279/1553/1704 2287/1554/1704 2286/1552/1704 2278/1551/1704
f 2280/1555/1705 2288/1556/1705 2287/1554/1705 2279/1553/1705
f 2281/1557/1706 2289/1558/1706 2288/1556/1706 2280/1555/1706
f 2282/1559/1707 2290/1560/1707 2289/1558/1707 2281/1557/1707
f 2283/1561/1708 2291/1562/1708 2290/1560/1708 2282/1559/1708
f 2276/1563/1709 2284/1564/1709 2291/1562/1709 2283/1561/1709
f 2284/1549/1710 2285/1548/1710 2292/1565/1710
f 2285/1548/1710 2286/1552/1710 2292/1566/1710
f 2286/1552/1710 2287/1554/1710 2292/1567/1710
f 2287/1554/1710 2288/1556/1710 2292/1568/1710
f 2288/1556/1710 2289/1558/1710 2292/1569/1710
f 2289/1558/1710 2290/1560/1710 2292/1570/1710
f 2290/1560/1710 2291/1562/1710 2292/1571/1710
f 2291/1562/1710 2284/1564/1710 2292/1572/1710
f 2294/1573/1711 2277/1573/1711 2276/1574/1711 2293/1574/1711
f 2295/1575/1712 2278/1575/1712 2277/1573/1712 2294/1573/1712
f 2296/1576/1713 2279/1576/1713 2278/1575/1713 2295/1575/1713
f 2297/1577/1714 2280/1577/1714 2279/1576/1714 2296/1576/1714
f 2298/1578/1715 2281/1578/1715 2280/1577/1715 2297/1577/1715
f 2299/1579/1716 2282/1579/1716 2281/1578/1716 2298/1578/1716
f 2300/1580/1717 2283/1580/1717 2282/1579/1717 2299/1579/1717
f 2293/1581/1718 2276/1581/1718 2283/1580/1718 2300/1580/1718
f 2303/1573/1719 2294/1573/1719 2293/1574/1719 2302/1574/1719
f 2303/1582/1687 2302/1583/1687 2301/1584/1687
f 2304/1575/1720 2295/1575/1720 2294/1573/1720 2303/1573/1720
f 2304/1585/1687 2303/1582/1687 2301/1586/1687
f 2305/1576/1721 2296/1576/1721 2295/1575/1721 2304/1575/1721
f 2305/1587/1687 2304/1585/1687 2301/1588/1687
f 2306/1577/1722 2297/1577/1722 2296/1576/1722 2305/1576/1722
f 2306/1589/1687 2305/1587/1687 2301/1590/1687
f 2307/1578/1723 2298/1578/1723 2297/1577/1723 2306/1577/1723
f 2307/1591/1687 2306/1589/1687 2301/1592/1687
f 2308/1579/1724 2299/1579/1724 2298/1578/1724 2307/1578/1724
f 2308/1593/1687 2307/1591/1687 2301/1594/1687
f 2309/1580/1725 2300/1580/1725 2299/1579/1725 2308/1579/1725
f 2309/1595/1687 2308/1593/1687 2301/1596/1687
f 2302/1581/1726 2293/1581/1726 2300/1580/1726 2309/1580/1726
f 2302/1597/1687 2309/1595/1687 2301/1598/1687
f 2310/1528/1727 2312/1527/1727 2326/1527/1727 2324/1528/1727
f 2313/1530/1728 2311/1529/1728 2325/1529/1728 2327/1530/1728
f 2312/1527/1348 2313/1530/1348 2327/1530/1348 2326/1527/1348
f 2327/1530/1729 2325/1529/1729 2324/1528/1729 2326/1527/1729
f 2314/1531/1730 2310/1528/1730 2324/1528/1730 2328/1531/1730
f 2315/1532/1357 2314/1531/1357 2328/1531/1357 2329/1532/1357
f 2311/1529/1731 2315/1532/1731 2329/1532/1731 2325/1529/1731
f 2325/1529/1732 2329/1532/1732 2328/1531/1732 2324/1528/1732
f 2316/1534/1733 2318/1533/1733 2332/1533/1733 2330/1534/1733
f 2317/1535/1357 2316/1534/1357 2330/1534/1357 2331/1535/1357
f 2319/1536/1734 2317/1535/1734 2331/1535/1734 2333/1536/1734
f 2318/1533/1348 2319/1536/1348 2333/1536/1348 2332/1533/1348
f 2333/1536/1735 2331/1535/1735 2330/1534/1735 2332/1533/1735
f 2320/1538/1736 2322/1537/1736 2336/1537/1736 2334/1538/1736
f 2321/1539/1357 2320/1538/1357 2334/1538/1357 2335/1539/1357
f 2323/1540/1737 2321/1539/1737 2335/1539/1737 2337/1540/1737
f 2322/1537/1348 2323/1540/1348 2337/1540/1348 2336/1537/1348
f 2337/1540/1687 2335/1539/1687 2334/1538/1687 2336/1537/1687
f 2338/1542/1738 2340/1541/1738 2346/1541/1738 2344/1542/1738
f 2344/1542/1739 2346/1541/1739 2352/1541/1739 2350/1542/1739
f 2341/1544/1740 2339/1543/1740 2345/1543/1740 2347/1544/1740
f 2347/1544/1700 2345/1543/1700 2351/1543/1700 2353/1544/1700
f 2340/1541/1741 2341/1544/1741 2347/1544/1741 2346/1541/1741
f 2346/1541/1742 2347/1544/1742 2353/1544/1742 2352/1541/1742
f 2353/1544/1743 2351/1543/1743 2350/1542/1743 2352/1541/1743
f 2342/1545/1744 2338/1542/1744 2344/1542/1744 2348/1545/1744
f 2348/1545/1745 2344/1542/1745 2350/1542/1745 2354/1545/1745
f 2343/1546/1692 2342/1545/1692 2348/1545/1692 2349/1546/1692
f 2349/1546/1746 2348/1545/1746 2354/1545/1746 2355/1546/1746
f 2339/1543/1747 2343/1546/1747 2349/1546/1747 2345/1543/1747
f 2345/1543/1691 2349/1546/1691 2355/1546/1691 2351/1543/1691
f 2351/1543/1748 2355/1546/1748 2354/1545/1748 2350/1542/1748
f 2364/1549/1705 2365/1548/1705 2357/1547/1705 2356/1550/1705
f 2365/1548/1704 2366/1552/1704 2358/1551/1704 2357/1547/1704
f 2366/1552/1703 2367/1554/1703 2359/1553/1703 2358/1551/1703
f 2367/1554/1702 2368/1556/1702 2360/1555/1702 2359/1553/1702
f 2368/1556/1709 2369/1558/1709 2361/1557/1709 2360/1555/1709
f 2369/1558/1708 2370/1560/1708 2362/1559/1708 2361/1557/1708
f 2370/1560/1707 2371/1562/1707 2363/1561/1707 2362/1559/1707
f 2371/1562/1706 2364/1564/1706 2356/1563/1706 2363/1561/1706
f 2365/1548/1710 2364/1549/1710 2372/1565/1710
f 2366/1552/1710 2365/1548/1710 2372/1566/1710
f 2367/1554/1710 2366/1552/1710 2372/1567/1710
f 2368/1556/1710 2367/1554/1710 2372/1568/1710
f 2369/1558/1710 2368/1556/1710 2372/1569/1710
f 2370/1560/1710 2369/1558/1710 2372/1570/1710
f 2371/1562/1710 2370/1560/1710 2372/1571/1710
f 2364/1564/1710 2371/1562/1710 2372/1572/1710
f 2356/1574/1714 2357/1573/1714 2374/1573/1714 2373/1574/1714
f 2357/1573/1713 2358/1575/1713 2375/1575/1713 2374/1573/1713
f 2358/1575/1712 2359/1576/1712 2376/1576/1712 2375/1575/1712
f 2359/1576/1711 2360/1577/1711 2377/1577/1711 2376/1576/1711
f 2360/1577/1749 2361/1578/1749 2378/1578/1749 2377/1577/1749
f 2361/1578/1750 2362/1579/1750 2379/1579/1750 2378/1578/1750
f 2362/1579/1751 2363/1580/1751 2380/1580/1751 2379/1579/1751
f 2363/1580/1752 2356/1581/1752 2373/1581/1752 2380/1580/1752
f 2373/1574/1722 2374/1573/1722 2383/1573/1722 2382/1574/1722
f 2382/1583/1687 2383/1582/1687 2381/1584/1687
f 2374/1573/1753 2375/1575/1753 2384/1575/1753 2383/1573/1753
f 2383/1582/1687 2384/1585/1687 2381/1586/1687
f 2375/1575/1754 2376/1576/1754 2385/1576/1754 2384/1575/1754
f 2384/1585/1687 2385/1587/1687 2381/1588/1687
f 2376/1576/1719 2377/1577/1719 2386/1577/1719 2385/1576/1719
f 2385/1587/1687 2386/1589/1687 2381/1590/1687
f 2377/1577/1755 2378/1578/1755 2387/1578/1755 2386/1577/1755
f 2386/1589/1687 2387/1591/1687 2381/1592/1687
f 2378/1578/1725 2379/1579/1725 2388/1579/1725 2387/1578/1725
f 2387/1591/1687 2388/1593/1687 2381/1594/1687
f 2379/1579/1724 2380/1580/1724 2389/1580/1724 2388/1579/1724
f 2388/1593/1687 2389/1595/1687 2381/1596/1687
f 2380/1580/1723 2373/1581/1723 2382/1581/1723 2389/1580/1723
f 2389/1595/1687 2382/1597/1687 2381/1598/1687
f 2406/1527/1676 2392/1527/1676 2390/1528/1676 2404/1528/1676
f 2405/1529/1677 2391/1529/1677 2393/1530/1677 2407/1530/1677
f 2407/1530/1357 2393/1530/1357 2392/1527/1357 2406/1527/1357
f 2404/1528/1678 2405/1529/1678 2407/1530/1678 2406/1527/1678
f 2404/1528/1679 2390/1528/1679 2394/1531/1679 2408/1531/1679
f 2408/1531/1348 2394/1531/1348 2395/1532/1348 2409/1532/1348
f 2409/1532/1680 2395/1532/1680 2391/1529/1680 2405/1529/1680
f 2408/1531/1681 2409/1532/1681 2405/1529/1681 2404/1528/1681
f 2412/1533/1682 2398/1533/1682 2396/1534/1682 2410/1534/1682
f 2410/1534/1348 2396/1534/1348 2397/1535/1348 2411/1535/1348
f 2411/1535/1683 2397/1535/1683 2399/1536/1683 2413/1536/1683
f 2413/1536/1357 2399/1536/1357 2398/1533/1357 2412/1533/1357
f 2410/1534/1684 2411/1535/1684 2413/1536/1684 2412/1533/1684
f 2416/1537/1685 2402/1537/1685 2400/1538/1685 2414/1538/1685
f 2414/1538/1348 2400/1538/1348 2401/1539/1348 2415/1539/1348
f 2415/1539/1686 2401/1539/1686 2403/1540/1686 2417/1540/1686
f 2417/1540/1357 2403/1540/1357 2402/1537/1357 2416/1537/1357
f 2414/1538/1687 2415/1539/1687 2417/1540/1687 2416/1537/1687
f 2426/1541/1688 2420/1541/1688 2418/1542/1688 2424/1542/1688
f 2432/1541/1689 2426/1541/1689 2424/1542/1689 2430/1542/1689
f 2425/1543/1690 2419/1543/1690 2421/1544/1690 2427/1544/1690
f 2431/1543/1691 2425/1543/1691 2427/1544/1691 2433/1544/1691
f 2427/1544/1692 2421/1544/1692 2420/1541/1692 2426/1541/1692
f 2433/1544/1693 2427/1544/1693 2426/1541/1693 2432/1541/1693
f 2430/1542/1694 2431/1543/1694 2433/1544/1694 2432/1541/1694
f 2424/1542/1695 2418/1542/1695 2422/1545/1695 2428/1545/1695
f 2430/1542/1696 2424/1542/1696 2428/1545/1696 2434/1545/1696
f 2428/1545/1697 2422/1545/1697 2423/1546/1697 2429/1546/1697
f 2434/1545/1756 2428/1545/1756 2429/1546/1756 2435/1546/1756
f 2429/1546/1699 2423/1546/1699 2419/1543/1699 2425/1543/1699
f 2435/1546/1757 2429/1546/1757 2425/1543/1757 2431/1543/1757
f 2434/1545/1701 2435/1546/1701 2431/1543/1701 2430/1542/1701
f 2437/1547/1702 2445/1548/1702 2444/1549/1702 2436/1550/1702
f 2438/1551/1703 2446/1552/1703 2445/1548/1703 2437/1547/1703
f 2439/1553/1704 2447/1554/1704 2446/1552/1704 2438/1551/1704
f 2440/1555/1705 2448/1556/1705 2447/1554/1705 2439/1553/1705
f 2441/1557/1706 2449/1558/1706 2448/1556/1706 2440/1555/1706
f 2442/1559/1707 2450/1560/1707 2449/1558/1707 2441/1557/1707
f 2443/1561/1708 2451/1562/1708 2450/1560/1708 2442/1559/1708
f 2436/1563/1709 2444/1564/1709 2451/1562/1709 2443/1561/1709
f 2444/1549/1710 2445/1548/1710 2452/1565/1710
f 2445/1548/1710 2446/1552/1710 2452/1566/1710
f 2446/1552/1710 2447/1554/1710 2452/1567/1710
f 2447/1554/1710 2448/1556/1710 2452/1568/1710
f 2448/1556/1710 2449/1558/1710 2452/1569/1710
f 2449/1558/1710 2450/1560/1710 2452/1570/1710
f 2450/1560/1710 2451/1562/1710 2452/1571/1710
f 2451/1562/1710 2444/1564/1710 2452/1572/1710
f 2454/1573/1711 2437/1573/1711 2436/1574/1711 2453/1574/1711
f 2455/1575/1712 2438/1575/1712 2437/1573/1712 2454/1573/1712
f 2456/1576/1713 2439/1576/1713 2438/1575/1713 2455/1575/1713
f 2457/1577/1714 2440/1577/1714 2439/1576/1714 2456/1576/1714
f 2458/1578/1715 2441/1578/1715 2440/1577/1715 2457/1577/1715
f 2459/1579/1751 2442/1579/1751 2441/1578/1751 2458/1578/1751
f 2460/1580/1717 2443/1580/1717 2442/1579/1717 2459/1579/1717
f 2453/1581/1718 2436/1581/1718 2443/1580/1718 2460/1580/1718
f 2463/1573/1719 2454/1573/1719 2453/1574/1719 2462/1574/1719
f 2463/1582/1687 2462/1583/1687 2461/1584/1687
f 2464/1575/1720 2455/1575/1720 2454/1573/1720 2463/1573/1720
f 2464/1585/1687 2463/1582/1687 2461/1586/1687
f 2465/1576/1721 2456/1576/1721 2455/1575/1721 2464/1575/1721
f 2465/1587/1687 2464/1585/1687 2461/1588/1687
f 2466/1577/1758 2457/1577/1758 2456/1576/1758 2465/1576/1758
f 2466/1589/1687 2465/1587/1687 2461/1590/1687
f 2467/1578/1759 2458/1578/1759 2457/1577/1759 2466/1577/1759
f 2467/1591/1687 2466/1589/1687 2461/1592/1687
f 2468/1579/1724 2459/1579/1724 2458/1578/1724 2467/1578/1724
f 2468/1593/1687 2467/1591/1687 2461/1594/1687
f 2469/1580/1725 2460/1580/1725 2459/1579/1725 2468/1579/1725
f 2469/1595/1687 2468/1593/1687 2461/1596/1687
f 2462/1581/1726 2453/1581/1726 2460/1580/1726 2469/1580/1726
f 2462/1597/1687 2469/1595/1687 2461/1598/1687
f 2471/1547/1760 2479/1548/1760 2478/1549/1760 2470/1550/1760
f 2472/1551/1761 2480/1552/1761 2479/1548/1761 2471/1547/1761
f 2473/1553/1762 2481/1554/1762 2480/1552/1762 2472/1551/1762
f 2474/1555/1763 2482/1556/1763 2481/1554/1763 2473/1553/1763
f 2475/1557/1764 2483/1558/1764 2482/1556/1764 2474/1555/1764
f 2476/1559/1765 2484/1560/1765 2483/1558/1765 2475/1557/1765
f 2477/1561/1766 2485/1562/1766 2484/1560/1766 2476/1559/1766
f 2470/1563/1767 2478/1564/1767 2485/1562/1767 2477/1561/1767
f 2478/1549/1768 2479/1548/1768 2486/1565/1768
f 2479/1548/1769 2480/1552/1769 2486/1566/1769
f 2480/1552/1769 2481/1554/1769 2486/1567/1769
f 2481/1554/1768 2482/1556/1768 2486/1568/1768
f 2482/1556/1769 2483/1558/1769 2486/1569/1769
f 2483/1558/1769 2484/1560/1769 2486/1570/1769
f 2484/1560/1769 2485/1562/1769 2486/1571/1769
f 2485/1562/1769 2478/1564/1769 2486/1572/1769
f 2488/1573/1770 2471/1573/1770 2470/1574/1770 2487/1574/1770
f 2489/1575/1771 2472/1575/1771 2471/1573/1771 2488/1573/1771
f 2490/1576/1772 2473/1576/1772 2472/1575/1772 2489/1575/1772
f 2491/1577/1773 2474/1577/1773 2473/1576/1773 2490/1576/1773
f 2492/1578/1774 2475/1578/1774 2474/1577/1774 2491/1577/1774
f 2493/1579/1775 2476/1579/1775 2475/1578/1775 2492/1578/1775
f 2494/1580/1776 2477/1580/1776 2476/1579/1776 2493/1579/1776
f 2487/1581/1777 2470/1581/1777 2477/1580/1777 2494/1580/1777
f 2497/1573/1778 2488/1573/1778 2487/1574/1778 2496/1574/1778
f 2497/1582/1779 2496/1583/1779 2495/1584/1779
f 2498/1575/1780 2489/1575/1780 2488/1573/1780 2497/1573/1780
f 2498/1585/1779 2497/1582/1779 2495/1586/1779
f 2499/1576/1781 2490/1576/1781 2489/1575/1781 2498/1575/1781
f 2499/1587/1779 2498/1585/1779 2495/1588/1779
f 2500/1577/1782 2491/1577/1782 2490/1576/1782 2499/1576/1782
f 2500/1589/1779 2499/1587/1779 2495/1590/1779
f 2501/1578/1783 2492/1578/1783 2491/1577/1783 2500/1577/1783
f 2501/1591/1784 2500/1589/1784 2495/1592/1784
f 2502/1579/1785 2493/1579/1785 2492/1578/1785 2501/1578/1785
f 2502/1593/1779 2501/1591/1779 2495/1594/1779
f 2503/1580/1786 2494/1580/1786 2493/1579/1786 2502/1579/1786
f 2503/1595/1779 2502/1593/1779 2495/1596/1779
f 2496/1581/1787 2487/1581/1787 2494/1580/1787 2503/1580/1787
f 2496/1597/1784 2503/1595/1784 2495/1598/1784
f 2505/1547/1788 2513/1548/1788 2512/1549/1788 2504/1550/1788
f 2506/1551/1761 2514/1552/1761 2513/1548/1761 2505/1547/1761
f 2507/1553/1762 2515/1554/1762 2514/1552/1762 2506/1551/1762
f 2508/1555/1763 2516/1556/1763 2515/1554/1763 2507/1553/1763
f 2509/1557/1764 2517/1558/1764 2516/1556/1764 2508/1555/1764
f 2510/1559/1765 2518/1560/1765 2517/1558/1765 2509/1557/1765
f 2511/1561/1766 2519/1562/1766 2518/1560/1766 2510/1559/1766
f 2504/1563/1789 2512/1564/1789 2519/1562/1789 2511/1561/1789
f 2512/1549/1768 2513/1548/1768 2520/1565/1768
f 2513/1548/1769 2514/1552/1769 2520/1566/1769
f 2514/1552/1769 2515/1554/1769 2520/1567/1769
f 2515/1554/1768 2516/1556/1768 2520/1568/1768
f 2516/1556/1769 2517/1558/1769 2520/1569/1769
f 2517/1558/1769 2518/1560/1769 2520/1570/1769
f 2518/1560/1769 2519/1562/1769 2520/1571/1769
f 2519/1562/1769 2512/1564/1769 2520/1572/1769
f 2522/1573/1770 2505/1573/1770 2504/1574/1770 2521/1574/1770
f 2523/1575/1771 2506/1575/1771 2505/1573/1771 2522/1573/1771
f 2524/1576/1772 2507/1576/1772 2506/1575/1772 2523/1575/1772
f 2525/1577/1773 2508/1577/1773 2507/1576/1773 2524/1576/1773
f 2526/1578/1774 2509/1578/1774 2508/1577/1774 2525/1577/1774
f 2527/1579/1775 2510/1579/1775 2509/1578/1775 2526/1578/1775
f 2528/1580/1776 2511/1580/1776 2510/1579/1776 2527/1579/1776
f 2521/1581/1777 2504/1581/1777 2511/1580/1777 2528/1580/1777
f 2531/1573/1778 2522/1573/1778 2521/1574/1778 2530/1574/1778
f 2531/1582/1779 2530/1583/1779 2529/1584/1779
f 2532/1575/1780 2523/1575/1780 2522/1573/1780 2531/1573/1780
f 2532/1585/1779 2531/1582/1779 2529/1586/1779
f 2533/1576/1781 2524/1576/1781 2523/1575/1781 2532/1575/1781
f 2533/1587/1779 2532/1585/1779 2529/1588/1779
f 2534/1577/1790 2525/1577/1790 2524/1576/1790 2533/1576/1790
f 2534/1589/1779 2533/1587/1779 2529/1590/1779
f 2535/1578/1783 2526/1578/1783 2525/1577/1783 2534/1577/1783
f 2535/1591/1784 2534/1589/1784 2529/1592/1784
f 2536/1579/1785 2527/1579/1785 2526/1578/1785 2535/1578/1785
f 2536/1593/1779 2535/1591/1779 2529/1594/1779
f 2537/1580/1786 2528/1580/1786 2527/1579/1786 2536/1579/1786
f 2537/1595/1779 2536/1593/1779 2529/1596/1779
f 2530/1581/1787 2521/1581/1787 2528/1580/1787 2537/1580/1787
f 2530/1597/1784 2537/1595/1784 2529/1598/1784
f 2144/1599/1791 2539/1599/1791 2542/1599/1791 2540/1599/1791
f 2538/1600/1792 2144/1599/1792 2540/1599/1792 2541/1600/1792
f 2541/1600/1793 2540/1599/1793 2542/1599/1793
f 2543/1601/1794 2542/1599/1794 2539/1599/1794 2546/1602/1794
f 2541/1600/1795 2542/1599/1795 2543/1601/1795 2544/1603/1795
f 2545/1604/1796 2546/1602/1796 2539/1599/1796 2538/1600/1796
f 2538/1600/1797 2541/1600/1797 2544/1603/1797 2545/1604/1797
f 2544/1603/1798 2543/1601/1798 2547/1601/1798 2548/1603/1798
f 2545/1604/1799 2544/1603/1799 2548/1603/1799 2549/1604/1799
f 2546/1602/1800 2545/1604/1800 2549/1604/1800 2550/1602/1800
f 2543/1601/1801 2546/1602/1801 2550/1602/1801 2547/1601/1801
f 2550/1605/1802 2549/1606/1802 2548/1607/1802 2547/1608/1802
f 2551/1609/1803 2553/1609/1803 2565/1609/1803 2563/1609/1803
f 2552/1610/1804 2551/1609/1804 2563/1609/1804 2564/1610/1804
f 2554/1611/1805 2552/1610/1805 2564/1610/1805 2566/1611/1805
f 2553/1609/1806 2554/1611/1806 2566/1611/1806 2565/1609/1806
f 2566/1611/1807 2564/1610/1807 2563/1609/1807 2565/1609/1807
f 2557/1612/1808 2555/1612/1808 2567/1612/1808 2569/1612/1808
f 2558/1613/1809 2557/1612/1809 2569/1612/1809 2570/1613/1809
f 2556/1614/1810 2558/1613/1810 2570/1613/1810 2568/1614/1810
f 2555/1612/1811 2556/1614/1811 2568/1614/1811 2567/1612/1811
f 2568/1614/1812 2570/1613/1812 2569/1612/1812 2567/1612/1812
f 2561/1609/1813 2559/1609/1813 2571/1609/1813 2573/1609/1813
f 2562/1615/1814 2561/1609/1814 2573/1609/1814 2574/1615/1814
f 2560/1616/1815 2562/1615/1815 2574/1615/1815 2572/1616/1815
f 2559/1609/1816 2560/1616/1816 2572/1616/1816 2571/1609/1816
f 2572/1616/1817 2574/1615/1817 2573/1609/1817 2571/1609/1817
f 2580/1599/1818 2577/1599/1818 2575/1599/1818 2578/1599/1818
f 2578/1599/1792 2575/1599/1792 2576/1600/1792 2579/1600/1792
f 2578/1599/1819 2579/1600/1819 2580/1599/1819
f 2577/1599/1820 2580/1599/1820 2581/1601/1820 2584/1602/1820
f 2581/1601/1821 2580/1599/1821 2579/1600/1821 2582/1603/1821
f 2577/1599/1822 2584/1602/1822 2583/1604/1822 2576/1600/1822
f 2582/1603/1823 2579/1600/1823 2576/1600/1823 2583/1604/1823
f 2585/1601/1824 2581/1601/1824 2582/1603/1824 2586/1603/1824
f 2586/1603/1825 2582/1603/1825 2583/1604/1825 2587/1604/1825
f 2587/1604/1826 2583/1604/1826 2584/1602/1826 2588/1602/1826
f 2588/1602/1827 2584/1602/1827 2581/1601/1827 2585/1601/1827
f 2586/1607/1828 2587/1606/1828 2588/1605/1828 2585/1608/1828
f 2603/1609/1829 2591/1609/1829 2589/1609/1829 2601/1609/1829
f 2601/1609/1830 2589/1609/1830 2590/1610/1830 2602/1610/1830
f 2602/1610/1831 2590/1610/1831 2592/1611/1831 2604/1611/1831
f 2604/1611/1832 2592/1611/1832 2591/1609/1832 2603/1609/1832
f 2601/1609/1833 2602/1610/1833 2604/1611/1833 2603/1609/1833
f 2605/1612/1834 2593/1612/1834 2595/1612/1834 2607/1612/1834
f 2607/1612/1835 2595/1612/1835 2596/1613/1835 2608/1613/1835
f 2608/1613/1836 2596/1613/1836 2594/1614/1836 2606/1614/1836
f 2606/1614/1837 2594/1614/1837 2593/1612/1837 2605/1612/1837
f 2607/1612/1838 2608/1613/1838 2606/1614/1838 2605/1612/1838
f 2609/1609/1839 2597/1609/1839 2599/1609/1839 2611/1609/1839
f 2611/1609/1840 2599/1609/1840 2600/1615/1840 2612/1615/1840
f 2612/1615/1841 2600/1615/1841 2598/1616/1841 2610/1616/1841
f 2610/1616/1842 2598/1616/1842 2597/1609/1842 2609/1609/1842
f 2611/1609/1843 2612/1615/1843 2610/1616/1843 2609/1609/1843
f 2614/1617/1357 2613/1617/1357 2633/1617/1357 2634/1617/1357
f 2617/1617/1348 2619/1617/1348 2639/1617/1348 2637/1617/1348
f 2639/1617/1844 2634/1617/1844 2633/1617/1844 2637/1617/1844
f 2616/1617/1845 2614/1617/1845 2634/1617/1845 2636/1617/1845
f 2620/1617/1846 2616/1617/1846 2636/1617/1846 2640/1617/1846
f 2619/1617/1847 2620/1617/1847 2640/1617/1847 2639/1617/1847
f 2640/1617/1648 2636/1617/1648 2634/1617/1648 2639/1617/1648
f 2618/1617/1348 2622/1617/1348 2642/1617/1348 2638/1617/1348
f 2615/1617/1848 2618/1617/1848 2638/1617/1848 2635/1617/1848
f 2621/1617/1357 2615/1617/1357 2635/1617/1357 2641/1617/1357
f 2641/1617/1646 2635/1617/1646 2638/1617/1646 2642/1617/1646
f 2613/1617/1357 2621/1617/1357 2641/1617/1357 2633/1617/1357
f 2642/1617/1849 2637/1617/1849 2633/1617/1849 2641/1617/1849
f 2624/1617/1357 2623/1617/1357 2643/1617/1357 2644/1617/1357
f 2627/1617/1348 2629/1617/1348 2649/1617/1348 2647/1617/1348
f 2649/1617/1850 2644/1617/1850 2643/1617/1850 2647/1617/1850
f 2626/1617/1851 2624/1617/1851 2644/1617/1851 2646/1617/1851
f 2630/1617/1846 2626/1617/1846 2646/1617/1846 2650/1617/1846
f 2629/1617/1847 2630/1617/1847 2650/1617/1847 2649/1617/1847
f 2650/1617/1648 2646/1617/1648 2644/1617/1648 2649/1617/1648
f 2628/1617/1348 2632/1617/1348 2652/1617/1348 2648/1617/1348
f 2625/1617/1848 2628/1617/1848 2648/1617/1848 2645/1617/1848
f 2631/1617/1357 2625/1617/1357 2645/1617/1357 2651/1617/1357
f 2651/1617/1646 2645/1617/1646 2648/1617/1646 2652/1617/1646
f 2632/1617/1349 2627/1617/1349 2647/1617/1349 2652/1617/1349
f 2652/1617/1852 2647/1617/1852 2643/1617/1852 2651/1617/1852
f 2623/1617/1853 2617/1618/1853 2637/1618/1853 2643/1617/1853
f 2622/1618/1854 2631/1617/1854 2651/1617/1854 2642/1618/1854
f 2651/1617/1855 2643/1617/1855 2637/1618/1855 2642/1618/1855
f 2653/1528/1727 2655/1527/1727 2669/1527/1727 2667/1528/1727
f 2656/1530/1728 2654/1529/1728 2668/1529/1728 2670/1530/1728
f 2655/1527/1348 2656/1530/1348 2670/1530/1348 2669/1527/1348
f 2670/1530/1729 2668/1529/1729 2667/1528/1729 2669/1527/1729
f 2657/1531/1730 2653/1528/1730 2667/1528/1730 2671/1531/1730
f 2658/1532/1357 2657/1531/1357 2671/1531/1357 2672/1532/1357
f 2654/1529/1731 2658/1532/1731 2672/1532/1731 2668/1529/1731
f 2668/1529/1732 2672/1532/1732 2671/1531/1732 2667/1528/1732
f 2659/1534/1733 2661/1533/1733 2675/1533/1733 2673/1534/1733
f 2660/1535/1357 2659/1534/1357 2673/1534/1357 2674/1535/1357
f 2662/1536/1734 2660/1535/1734 2674/1535/1734 2676/1536/1734
f 2661/1533/1348 2662/1536/1348 2676/1536/1348 2675/1533/1348
f 2676/1536/1735 2674/1535/1735 2673/1534/1735 2675/1533/1735
f 2663/1538/1736 2665/1537/1736 2679/1537/1736 2677/1538/1736
f 2664/1539/1357 2663/1538/1357 2677/1538/1357 2678/1539/1357
f 2666/1540/1737 2664/1539/1737 2678/1539/1737 2680/1540/1737
f 2665/1537/1348 2666/1540/1348 2680/1540/1348 2679/1537/1348
f 2680/1540/1687 2678/1539/1687 2677/1538/1687 2679/1537/1687
f 2681/1542/1738 2683/1541/1738 2689/1541/1738 2687/1542/1738
f 2687/1542/1739 2689/1541/1739 2695/1541/1739 2693/1542/1739
f 2684/1544/1740 2682/1543/1740 2688/1543/1740 2690/1544/1740
f 2690/1544/1700 2688/1543/1700 2694/1543/1700 2696/1544/1700
f 2683/1541/1741 2684/1544/1741 2690/1544/1741 2689/1541/1741
f 2689/1541/1742 2690/1544/1742 2696/1544/1742 2695/1541/1742
f 2696/1544/1743 2694/1543/1743 2693/1542/1743 2695/1541/1743
f 2685/1545/1744 2681/1542/1744 2687/1542/1744 2691/1545/1744
f 2691/1545/1745 2687/1542/1745 2693/1542/1745 2697/1545/1745
f 2686/1546/1692 2685/1545/1692 2691/1545/1692 2692/1546/1692
f 2692/1546/1856 2691/1545/1856 2697/1545/1856 2698/1546/1856
f 2682/1543/1747 2686/1546/1747 2692/1546/1747 2688/1543/1747
f 2688/1543/1857 2692/1546/1857 2698/1546/1857 2694/1543/1857
f 2694/1543/1748 2698/1546/1748 2697/1545/1748 2693/1542/1748
f 2707/1549/1705 2708/1548/1705 2700/1547/1705 2699/1550/1705
f 2708/1548/1704 2709/1552/1704 2701/1551/1704 2700/1547/1704
f 2709/1552/1703 2710/1554/1703 2702/1553/1703 2701/1551/1703
f 2710/1554/1702 2711/1556/1702 2703/1555/1702 2702/1553/1702
f 2711/1556/1709 2712/1558/1709 2704/1557/1709 2703/1555/1709
f 2712/1558/1708 2713/1560/1708 2705/1559/1708 2704/1557/1708
f 2713/1560/1707 2714/1562/1707 2706/1561/1707 2705/1559/1707
f 2714/1562/1706 2707/1564/1706 2699/1563/1706 2706/1561/1706
f 2708/1548/1710 2707/1549/1710 2715/1565/1710
f 2709/1552/1710 2708/1548/1710 2715/1566/1710
f 2710/1554/1710 2709/1552/1710 2715/1567/1710
f 2711/1556/1710 2710/1554/1710 2715/1568/1710
f 2712/1558/1710 2711/1556/1710 2715/1569/1710
f 2713/1560/1710 2712/1558/1710 2715/1570/1710
f 2714/1562/1710 2713/1560/1710 2715/1571/1710
f 2707/1564/1710 2714/1562/1710 2715/1572/1710
f 2699/1574/1714 2700/1573/1714 2717/1573/1714 2716/1574/1714
f 2700/1573/1713 2701/1575/1713 2718/1575/1713 2717/1573/1713
f 2701/1575/1712 2702/1576/1712 2719/1576/1712 2718/1575/1712
f 2702/1576/1711 2703/1577/1711 2720/1577/1711 2719/1576/1711
f 2703/1577/1749 2704/1578/1749 2721/1578/1749 2720/1577/1749
f 2704/1578/1750 2705/1579/1750 2722/1579/1750 2721/1578/1750
f 2705/1579/1751 2706/1580/1751 2723/1580/1751 2722/1579/1751
f 2706/1580/1752 2699/1581/1752 2716/1581/1752 2723/1580/1752
f 2716/1574/1722 2717/1573/1722 2726/1573/1722 2725/1574/1722
f 2725/1583/1687 2726/1582/1687 2724/1584/1687
f 2717/1573/1753 2718/1575/1753 2727/1575/1753 2726/1573/1753
f 2726/1582/1687 2727/1585/1687 2724/1586/1687
f 2718/1575/1754 2719/1576/1754 2728/1576/1754 2727/1575/1754
f 2727/1585/1687 2728/1587/1687 2724/1588/1687
f 2719/1576/1858 2720/1577/1858 2729/1577/1858 2728/1576/1858
f 2728/1587/1687 2729/1589/1687 2724/1590/1687
f 2720/1577/1859 2721/1578/1859 2730/1578/1859 2729/1577/1859
f 2729/1589/1687 2730/1591/1687 2724/1592/1687
f 2721/1578/1725 2722/1579/1725 2731/1579/1725 2730/1578/1725
f 2730/1591/1687 2731/1593/1687 2724/1594/1687
f 2722/1579/1724 2723/1580/1724 2732/1580/1724 2731/1579/1724
f 2731/1593/1687 2732/1595/1687 2724/1596/1687
f 2723/1580/1723 2716/1581/1723 2725/1581/1723 2732/1580/1723
f 2732/1595/1687 2725/1597/1687 2724/1598/1687
f 2737/1619/1860 2733/1619/1860 2741/1619/1860 2745/1619/1860
f 2738/1619/1348 2737/1619/1348 2745/1619/1348 2746/1619/1348
f 2733/1619/1861 2735/1619/1861 2743/1619/1861 2741/1619/1861
f 2743/1619/1862 2746/1619/1862 2745/1619/1862 2741/1619/1862
f 2739/1620/1348 2738/1620/1348 2746/1620/1348 2747/1620/1348
f 2735/1620/1863 2736/1620/1863 2744/1620/1863 2743/1620/1863
f 2744/1620/1640 2747/1620/1640 2746/1620/1640 2743/1620/1640
f 2740/1620/1348 2739/1620/1348 2747/1620/1348 2748/1620/1348
f 2734/1620/1864 2740/1620/1864 2748/1620/1864 2742/1620/1864
f 2736/1620/1865 2734/1620/1865 2742/1620/1865 2744/1620/1865
f 2742/1620/1641 2748/1620/1641 2747/1620/1641 2744/1620/1641
f 2753/1621/1866 2751/1621/1866 2757/1621/1866 2759/1621/1866
f 2749/1621/1867 2754/1621/1867 2760/1621/1867 2755/1621/1867
f 2751/1621/1868 2749/1621/1868 2755/1621/1868 2757/1621/1868
f 2755/1621/1869 2760/1621/1869 2759/1621/1869 2757/1621/1869
f 2752/1621/1870 2753/1621/1870 2759/1621/1870 2758/1621/1870
f 2750/1621/1871 2752/1621/1871 2758/1621/1871 2756/1621/1871
f 2754/1621/1872 2750/1621/1872 2756/1621/1872 2760/1621/1872
f 2760/1621/1873 2756/1621/1873 2758/1621/1873 2759/1621/1873
f 2763/1622/1874 2764/1622/1874 2768/1622/1874 2767/1622/1874
f 2762/1622/1875 2763/1622/1875 2767/1622/1875 2766/1622/1875
f 2761/1622/1876 2762/1622/1876 2766/1622/1876 2765/1622/1876
f 2764/1622/1877 2761/1622/1877 2765/1622/1877 2768/1622/1877
f 2765/1622/1878 2766/1622/1878 2767/1622/1878 2768/1622/1878
f 2775/1623/1879 2786/1623/1879 2785/1623/1879 2778/1623/1879
f 2786/1623/1880 2774/1623/1880 2777/1623/1880 2785/1623/1880
f 2781/1623/1881 2787/1623/1881 2785/1623/1881 2777/1623/1881
f 2787/1623/1882 2782/1623/1882 2778/1623/1882 2785/1623/1882
f 2771/1623/1883 2788/1623/1883 2786/1623/1883 2775/1623/1883
f 2788/1623/1884 2770/1623/1884 2774/1623/1884 2786/1623/1884
f 2780/1623/1885 2790/1623/1885 2789/1623/1885 2784/1623/1885
f 2790/1623/1886 2779/1623/1886 2783/1623/1886 2789/1623/1886
f 2773/1623/1887 2791/1623/1887 2790/1623/1887 2780/1623/1887
f 2791/1623/1888 2776/1623/1888 2779/1623/1888 2790/1623/1888
f 2769/1623/1889 2792/1623/1889 2791/1623/1889 2773/1623/1889
f 2792/1623/1890 2772/1623/1890 2776/1623/1890 2791/1623/1890
f 2781/1623/1891 2794/1623/1891 2793/1623/1891 2787/1623/1891
f 2794/1623/1892 2784/1623/1892 2789/1623/1892 2793/1623/1892
f 2783/1623/1893 2795/1623/1893 2793/1623/1893 2789/1623/1893
f 2795/1623/1894 2782/1623/1894 2787/1623/1894 2793/1623/1894
f 2777/1623/1895 2796/1623/1895 2794/1623/1895 2781/1623/1895
f 2796/1623/1896 2780/1623/1896 2784/1623/1896 2794/1623/1896
f 2779/1623/1897 2797/1623/1897 2795/1623/1897 2783/1623/1897
f 2797/1623/1898 2778/1623/1898 2782/1623/1898 2795/1623/1898
f 2774/1623/1899 2798/1623/1899 2796/1623/1899 2777/1623/1899
f 2798/1623/1900 2773/1623/1900 2780/1623/1900 2796/1623/1900
f 2776/1623/1901 2799/1623/1901 2797/1623/1901 2779/1623/1901
f 2799/1623/1902 2775/1623/1902 2778/1623/1902 2797/1623/1902
f 2770/1623/1903 2800/1623/1903 2798/1623/1903 2774/1623/1903
f 2800/1623/1904 2769/1623/1904 2773/1623/1904 2798/1623/1904
f 2772/1623/1905 2801/1623/1905 2799/1623/1905 2776/1623/1905
f 2801/1623/1906 2771/1623/1906 2775/1623/1906 2799/1623/1906
f 2802/1624/1907 2806/1624/1907 2815/1624/1907 2808/1624/1907
f 2787/1624/1908 2802/1624/1908 2808/1624/1908 2812/1624/1908
f 2808/1624/1909 2815/1624/1909 2814/1624/1909 2812/1624/1909
f 2805/1624/1910 2789/1624/1910 2813/1624/1910 2811/1624/1910
f 2806/1624/1911 2805/1624/1911 2811/1624/1911 2815/1624/1911
f 2815/1624/1912 2811/1624/1912 2813/1624/1912 2814/1624/1912
f 2804/1624/1913 2807/1624/1913 2816/1624/1913 2810/1624/1913
f 2789/1624/1914 2804/1624/1914 2810/1624/1914 2813/1624/1914
f 2810/1624/1915 2816/1624/1915 2814/1624/1915 2813/1624/1915
f 2803/1624/1916 2787/1624/1916 2812/1624/1916 2809/1624/1916
f 2807/1624/1917 2803/1624/1917 2809/1624/1917 2816/1624/1917
f 2816/1624/1918 2809/1624/1918 2812/1624/1918 2814/1624/1918
f 2168/1520/1919 2176/1520/1919 2822/1520/1919 2820/1520/1919
f 2166/1520/1357 2168/1520/1357 2820/1520/1357 2819/1520/1357
f 2159/1523/1920 2174/1523/1920 2821/1523/1920 2817/1523/1920
f 2176/1520/1919 2161/1520/1919 2818/1520/1919 2822/1520/1919
f 2194/1520/1348 2192/1520/1348 2823/1520/1348 2824/1520/1348
f 2202/1520/1919 2194/1520/1919 2824/1520/1919 2826/1520/1919
f 2161/1520/1919 2202/1520/1919 2826/1520/1919 2818/1520/1919
f 2200/1523/1921 2159/1523/1921 2817/1523/1921 2825/1523/1921
f 2830/1520/1922 2832/1520/1922 2831/1520/1922 2829/1520/1922
f 2832/1520/1922 2828/1520/1922 2827/1520/1922 2831/1520/1922
f 2835/1520/1922 2836/1520/1922 2834/1520/1922 2833/1520/1922
f 2827/1520/1922 2828/1520/1922 2836/1520/1922 2835/1520/1922
f 2166/1520/1357 2819/1520/1357 2842/1520/1357 2837/1520/1357
f 2821/1520/1923 2174/1520/1923 2838/1520/1923 2843/1520/1923
f 2838/1520/1924 2837/1520/1924 2842/1520/1924 2843/1520/1924
f 2200/1520/1925 2825/1520/1925 2845/1520/1925 2840/1520/1925
f 2823/1520/1348 2192/1520/1348 2839/1520/1348 2844/1520/1348
f 2839/1520/1924 2840/1520/1924 2845/1520/1924 2844/1520/1924
f 2829/1520/1926 2831/1520/1926 2848/1520/1926 2847/1520/1926
f 2831/1520/1926 2827/1520/1926 2846/1520/1926 2848/1520/1926
f 2817/1520/1927 2821/1520/1927 2843/1520/1927 2841/1520/1927
f 2835/1520/1926 2833/1520/1926 2849/1520/1926 2850/1520/1926
f 2827/1520/1926 2835/1520/1926 2850/1520/1926 2846/1520/1926
f 2825/1520/1928 2817/1520/1928 2841/1520/1928 2845/1520/1928
f 2837/1520/1929 2838/1520/1929 2172/1519/1929 2164/1519/1929
f 2164/1519/1357 2166/1520/1357 2837/1520/1357
f 2198/1519/1930 2200/1520/1930 2840/1520/1930
f 2840/1520/1929 2839/1520/1929 2190/1519/1929 2198/1519/1929
f 2190/1519/1348 2839/1520/1348 2192/1520/1348
f 2172/1519/1931 2838/1520/1931 2174/1520/1931
f 2819/1520/1932 2852/1520/1932 2851/1520/1932 2842/1520/1932
f 2852/1520/1932 2829/1520/1932 2847/1520/1932 2851/1520/1932
f 2820/1520/1933 2853/1520/1933 2852/1520/1933 2819/1520/1933
f 2853/1520/1934 2830/1520/1934 2829/1520/1934 2852/1520/1934
f 2822/1520/1935 2854/1520/1935 2853/1520/1935 2820/1520/1935
f 2854/1520/1936 2832/1520/1936 2830/1520/1936 2853/1520/1936
f 2818/1520/1935 2855/1520/1935 2854/1520/1935 2822/1520/1935
f 2855/1520/1936 2828/1520/1936 2832/1520/1936 2854/1520/1936
f 2826/1520/1935 2857/1520/1935 2855/1520/1935 2818/1520/1935
f 2857/1520/1936 2836/1520/1936 2828/1520/1936 2855/1520/1936
f 2833/1520/1937 2858/1520/1937 2856/1520/1937 2849/1520/1937
f 2858/1520/1937 2823/1520/1937 2844/1520/1937 2856/1520/1937
f 2824/1520/1935 2859/1520/1935 2857/1520/1935 2826/1520/1935
f 2859/1520/1936 2834/1520/1936 2836/1520/1936 2857/1520/1936
f 2834/1520/1938 2859/1520/1938 2858/1520/1938 2833/1520/1938
f 2859/1520/1939 2824/1520/1939 2823/1520/1939 2858/1520/1939
f 2851/1520/1940 2847/1520/1940 2866/1520/1940 2870/1520/1940
f 2847/1520/1926 2848/1520/1926 2867/1520/1926 2866/1520/1926
f 2867/1520/1941 2871/1520/1941 2870/1520/1941 2866/1520/1941
f 2842/1520/1942 2851/1520/1942 2870/1520/1942 2861/1520/1942
f 2843/1520/1543 2842/1520/1543 2861/1520/1543 2862/1520/1543
f 2871/1520/1941 2862/1520/1941 2861/1520/1941 2870/1520/1941
f 2848/1520/1926 2846/1520/1926 2865/1520/1926 2867/1520/1926
f 2865/1520/1941 2872/1520/1941 2871/1520/1941 2867/1520/1941
f 2841/1520/1543 2843/1520/1543 2862/1520/1543 2860/1520/1543
f 2872/1520/1941 2860/1520/1941 2862/1520/1941 2871/1520/1941
f 2846/1520/1926 2850/1520/1926 2869/1520/1926 2865/1520/1926
f 2869/1520/1941 2873/1520/1941 2872/1520/1941 2865/1520/1941
f 2845/1520/1543 2841/1520/1543 2860/1520/1543 2864/1520/1543
f 2873/1520/1941 2864/1520/1941 2860/1520/1941 2872/1520/1941
f 2849/1520/1943 2856/1520/1943 2874/1520/1943 2868/1520/1943
f 2850/1520/1926 2849/1520/1926 2868/1520/1926 2869/1520/1926
f 2868/1520/1941 2874/1520/1941 2873/1520/1941 2869/1520/1941
f 2844/1520/1543 2845/1520/1543 2864/1520/1543 2863/1520/1543
f 2856/1520/1944 2844/1520/1944 2863/1520/1944 2874/1520/1944
f 2874/1520/1941 2863/1520/1941 2864/1520/1941 2873/1520/1941
f 2884/1520/1945 2883/1520/1945 2899/1520/1945 2900/1520/1945
f 2895/1520/1946 2891/1520/1946 2906/1520/1946 2908/1520/1946
f 2891/1520/1926 2893/1520/1926 2907/1520/1926 2906/1520/1926
f 2888/1520/1543 2889/1520/1543 2905/1520/1543 2904/1520/1543
f 2898/1520/1947 2888/1520/1947 2904/1520/1947 2909/1520/1947
f 2893/1520/1947 2898/1520/1947 2909/1520/1947 2907/1520/1947
f 2903/1520/1948 2887/1520/1948 2897/1520/1948
f 2910/1625/1949 2903/1520/1949 2897/1520/1949 2896/1520/1949
f 2901/1520/1950 2911/1520/1950 2912/1520/1950 2902/1520/1950
f 2912/1520/1951 2910/1625/1951 2896/1520/1951 2902/1520/1951
f 2901/1520/1952 2895/1520/1952 2908/1520/1952 2911/1520/1952
f 2904/1520/1543 2905/1520/1543 2915/1520/1543 2914/1520/1543
f 2909/1520/1947 2904/1520/1947 2914/1520/1947 2919/1520/1947
f 2919/1520/1941 2914/1520/1941 2915/1520/1941
f 2912/1520/1543 2911/1520/1543 2921/1520/1543 2922/1520/1543
f 2911/1520/1953 2908/1520/1953 2918/1520/1953 2921/1520/1953
f 2918/1520/1941 2922/1520/1941 2921/1520/1941
f 2919/1520/1941 2920/1625/1941 2922/1520/1941 2918/1520/1941
f 2905/1520/1543 2903/1520/1543 2913/1520/1543 2915/1520/1543
f 2919/1520/1941 2915/1520/1941 2913/1520/1941
f 2910/1625/1543 2912/1520/1543 2922/1520/1543 2920/1625/1543
f 2909/1520/1954 2910/1625/1954 2920/1625/1954 2919/1520/1954
f 2912/1520/1955 2909/1520/1955 2919/1520/1955 2922/1520/1955
f 2919/1520/1941 2920/1625/1941 2922/1520/1941
f 2903/1520/1543 2910/1625/1543 2920/1625/1543 2913/1520/1543
f 2919/1520/1941 2913/1520/1941 2920/1625/1941
f 2907/1520/1947 2909/1520/1947 2919/1520/1947 2917/1520/1947
f 2906/1520/1926 2907/1520/1926 2917/1520/1926 2916/1520/1926
f 2908/1520/1956 2906/1520/1956 2916/1520/1956 2918/1520/1956
f 2916/1520/1941 2917/1520/1941 2919/1520/1941 2918/1520/1941
f 2926/1626/1543 2925/1627/1543 2929/1628/1543 2930/1629/1543
f 2924/1630/1957 2926/1626/1957 2930/1629/1957 2928/1631/1957
f 2925/1627/1958 2923/1632/1958 2927/1633/1958 2929/1628/1958
f 2931/1634/1357 2933/1634/1357 2945/1634/1357 2943/1634/1357
f 2934/1634/1348 2932/1634/1348 2944/1634/1348 2946/1634/1348
f 2939/1634/1959 2937/1634/1959 2949/1634/1959 2951/1634/1959
f 2940/1634/1357 2939/1634/1357 2951/1634/1357 2952/1634/1357
f 2938/1634/1960 2940/1634/1960 2952/1634/1960 2950/1634/1960
f 2950/1634/1961 2952/1634/1961 2951/1634/1961 2949/1634/1961
f 2935/1634/1962 2941/1634/1962 2953/1634/1962 2947/1634/1962
f 2942/1634/1963 2936/1634/1963 2948/1634/1963 2954/1634/1963
f 2941/1634/1348 2942/1634/1348 2954/1634/1348 2953/1634/1348
f 2954/1634/1964 2948/1634/1964 2947/1634/1964 2953/1634/1964
f 2956/1634/1965 2948/1634/1965 2936/1634/1965 2955/1634/1965
f 2957/1634/1651 2947/1634/1651 2948/1634/1651 2956/1634/1651
f 2958/1634/1966 2935/1634/1966 2947/1634/1966 2957/1634/1966
f 2960/1635/1965 2956/1635/1965 2955/1635/1965 2959/1635/1965
f 2961/1635/1651 2957/1635/1651 2956/1635/1651 2960/1635/1651
f 2962/1635/1966 2958/1635/1966 2957/1635/1966 2961/1635/1966
f 2959/1634/1965 2964/1634/1965 2963/1634/1965 2960/1634/1965
f 2965/1634/1651 2961/1634/1651 2960/1634/1651 2963/1634/1651
f 2966/1634/1967 2962/1634/1967 2961/1634/1967 2965/1634/1967
f 2943/1634/1965 2968/1634/1965 2967/1634/1965 2931/1634/1965
f 2968/1635/1965 2963/1635/1965 2964/1635/1965 2967/1635/1965
f 2945/1634/1651 2969/1634/1651 2968/1634/1651 2943/1634/1651
f 2969/1635/1651 2965/1635/1651 2963/1635/1651 2968/1635/1651
f 2933/1634/1967 2970/1634/1967 2969/1634/1967 2945/1634/1967
f 2970/1635/1966 2966/1635/1966 2965/1635/1966 2969/1635/1966
f 2950/1634/1965 2972/1634/1965 2971/1634/1965 2938/1634/1965
f 2949/1634/1651 2973/1634/1651 2972/1634/1651 2950/1634/1651
f 2937/1634/1966 2974/1634/1966 2973/1634/1966 2949/1634/1966
f 2972/1635/1965 2976/1635/1965 2975/1635/1965 2971/1635/1965
f 2973/1635/1651 2977/1635/1651 2976/1635/1651 2972/1635/1651
f 2974/1635/1967 2978/1635/1967 2977/1635/1967 2973/1635/1967
f 2976/1634/1965 2980/1634/1965 2979/1634/1965 2975/1634/1965
f 2977/1634/1651 2981/1634/1651 2980/1634/1651 2976/1634/1651
f 2978/1634/1967 2982/1634/1967 2981/1634/1967 2977/1634/1967
f 2980/1635/1965 2984/1635/1965 2983/1635/1965 2979/1635/1965
f 2984/1634/1965 2944/1634/1965 2932/1634/1965 2983/1634/1965
f 2981/1635/1651 2985/1635/1651 2984/1635/1651 2980/1635/1651
f 2985/1634/1651 2946/1634/1651 2944/1634/1651 2984/1634/1651
f 2982/1635/1966 2986/1635/1966 2985/1635/1966 2981/1635/1966
f 2986/1634/1967 2934/1634/1967 2946/1634/1967 2985/1634/1967
f 2989/1636/1965 2987/1636/1965 2995/1636/1965 2997/1636/1965
f 2990/1636/1348 2989/1636/1348 2997/1636/1348 2998/1636/1348
f 2988/1636/1966 2990/1636/1966 2998/1636/1966 2996/1636/1966
f 2987/1636/1357 2988/1636/1357 2996/1636/1357 2995/1636/1357
f 2996/1636/1968 2998/1636/1968 2997/1636/1968 2995/1636/1968
f 2992/1637/1348 2991/1637/1348 2999/1637/1348 3000/1637/1348
f 2994/1637/1966 2992/1637/1966 3000/1637/1966 3002/1637/1966
f 2993/1637/1357 2994/1637/1357 3002/1637/1357 3001/1637/1357
f 2991/1637/1969 2993/1637/1969 3001/1637/1969 2999/1637/1969
f 3001/1637/1970 3002/1637/1970 3000/1637/1970 2999/1637/1970
f 3005/1637/1971 3003/1637/1971 3011/1637/1971 3013/1637/1971
f 3006/1637/1348 3005/1637/1348 3013/1637/1348 3014/1637/1348
f 3004/1637/1972 3006/1637/1972 3014/1637/1972 3012/1637/1972
f 3003/1637/1357 3004/1637/1357 3012/1637/1357 3011/1637/1357
f 3012/1637/1970 3014/1637/1970 3013/1637/1970 3011/1637/1970
f 3008/1637/1348 3007/1637/1348 3015/1637/1348 3016/1637/1348
f 3010/1637/1972 3008/1637/1972 3016/1637/1972 3018/1637/1972
f 3009/1637/1357 3010/1637/1357 3018/1637/1357 3017/1637/1357
f 3007/1637/1971 3009/1637/1971 3017/1637/1971 3015/1637/1971
f 3017/1637/1970 3018/1637/1970 3016/1637/1970 3015/1637/1970
f 3021/1637/1971 3019/1637/1971 3027/1637/1971 3029/1637/1971
f 3022/1637/1348 3021/1637/1348 3029/1637/1348 3030/1637/1348
f 3020/1637/1972 3022/1637/1972 3030/1637/1972 3028/1637/1972
f 3019/1637/1357 3020/1637/1357 3028/1637/1357 3027/1637/1357
f 3028/1637/1973 3030/1637/1973 3029/1637/1973 3027/1637/1973
f 3024/1637/1348 3023/1637/1348 3031/1637/1348 3032/1637/1348
f 3026/1637/1972 3024/1637/1972 3032/1637/1972 3034/1637/1972
f 3025/1637/1357 3026/1637/1357 3034/1637/1357 3033/1637/1357
f 3023/1637/1971 3025/1637/1971 3033/1637/1971 3031/1637/1971
f 3033/1637/1973 3034/1637/1973 3032/1637/1973 3031/1637/1973
f 3036/1638/1974 3037/1638/1974 3043/1638/1974 3042/1638/1974
f 3038/1638/1975 3035/1638/1975 3041/1638/1975 3044/1638/1975
f 3037/1638/1976 3038/1638/1976 3044/1638/1976 3043/1638/1976
f 3044/1638/1977 3041/1638/1977 3042/1638/1977 3043/1638/1977
f 3039/1638/1974 3036/1638/1974 3042/1638/1974 3045/1638/1974
f 3040/1638/1978 3039/1638/1978 3045/1638/1978 3046/1638/1978
f 3035/1638/1975 3040/1638/1975 3046/1638/1975 3041/1638/1975
f 3041/1638/1977 3046/1638/1977 3045/1638/1977 3042/1638/1977
f 3048/1639/1979 3047/1640/1979 3058/1640/1979 3060/1639/1979
f 3049/1640/1980 3050/1639/1980 3062/1639/1980 3061/1640/1980
f 3050/1639/1981 3051/1639/1981 3063/1639/1981 3062/1639/1981
f 3051/1639/1982 3052/1639/1982 3064/1639/1982 3063/1639/1982
f 3064/1639/1651 3059/1639/1651 3062/1639/1651 3063/1639/1651
f 3053/1639/1983 3048/1639/1983 3060/1639/1983 3065/1639/1983
f 3052/1639/1982 3053/1639/1982 3065/1639/1982 3064/1639/1982
f 3065/1639/1651 3060/1639/1651 3059/1639/1651 3064/1639/1651
f 3047/1640/1984 3055/1640/1984 3067/1640/1984 3058/1640/1984
f 3055/1640/1985 3054/1640/1985 3066/1640/1985 3067/1640/1985
f 3066/1640/1986 3057/1640/1986 3058/1640/1986 3067/1640/1986
f 3056/1640/1987 3049/1640/1987 3061/1640/1987 3068/1640/1987
f 3054/1640/1988 3056/1640/1988 3068/1640/1988 3066/1640/1988
f 3068/1640/1921 3061/1640/1921 3057/1640/1921 3066/1640/1921
f 3071/1641/1348 3072/1641/1348 3078/1641/1348 3077/1641/1348
f 3069/1641/1967 3071/1641/1967 3077/1641/1967 3075/1641/1967
f 3072/1641/1971 3073/1641/1971 3079/1641/1971 3078/1641/1971
f 3079/1641/1989 3075/1641/1989 3077/1641/1989 3078/1641/1989
f 3070/1641/1967 3069/1641/1967 3075/1641/1967 3076/1641/1967
f 3074/1641/1357 3070/1641/1357 3076/1641/1357 3080/1641/1357
f 3073/1641/1971 3074/1641/1971 3080/1641/1971 3079/1641/1971
f 3080/1641/1989 3076/1641/1989 3075/1641/1989 3079/1641/1989
f 3085/1642/1990 3082/1642/1990 3090/1642/1990 3093/1642/1990
f 3081/1642/1991 3086/1642/1991 3094/1642/1991 3089/1642/1991
f 3082/1642/1992 3081/1642/1992 3089/1642/1992 3090/1642/1992
f 3089/1642/1968 3094/1642/1968 3093/1642/1968 3090/1642/1968
f 3087/1642/1993 3085/1642/1993 3093/1642/1993 3095/1642/1993
f 3086/1642/1348 3088/1642/1348 3096/1642/1348 3094/1642/1348
f 3094/1642/1989 3096/1642/1989 3095/1642/1989 3093/1642/1989
f 3084/1642/1994 3087/1642/1994 3095/1642/1994 3092/1642/1994
f 3083/1642/1982 3084/1642/1982 3092/1642/1982 3091/1642/1982
f 3088/1642/1995 3083/1642/1995 3091/1642/1995 3096/1642/1995
f 3096/1642/1973 3091/1642/1973 3092/1642/1973 3095/1642/1973
f 3106/1642/1991 3098/1642/1991 3101/1642/1991 3109/1642/1991
f 3110/1642/1996 3102/1642/1996 3097/1642/1996 3105/1642/1996
f 3105/1642/1992 3097/1642/1992 3098/1642/1992 3106/1642/1992
f 3109/1642/1968 3110/1642/1968 3105/1642/1968 3106/1642/1968
f 3109/1642/1348 3101/1642/1348 3103/1642/1348 3111/1642/1348
f 3112/1642/1357 3104/1642/1357 3102/1642/1357 3110/1642/1357
f 3111/1642/1989 3112/1642/1989 3110/1642/1989 3109/1642/1989
f 3111/1642/1995 3103/1642/1995 3100/1642/1995 3108/1642/1995
f 3108/1642/1982 3100/1642/1982 3099/1642/1982 3107/1642/1982
f 3107/1642/1994 3099/1642/1994 3104/1642/1994 3112/1642/1994
f 3108/1642/1973 3107/1642/1973 3112/1642/1973 3111/1642/1973
f 3058/1640/1652 3057/1640/1652 3113/1640/1652 3114/1640/1652
f 3060/1639/1997 3058/1640/1997 3114/1640/1997 3116/1639/1997
f 3059/1639/1652 3060/1639/1652 3116/1639/1652 3115/1639/1652
f 3062/1639/1652 3059/1639/1652 3115/1639/1652 3118/1639/1652
f 3061/1640/1997 3062/1639/1997 3118/1639/1997 3117/1640/1997
f 3057/1640/1652 3061/1640/1652 3117/1640/1652 3113/1640/1652
f 3114/1640/1998 3113/1640/1998 3119/1640/1998 3120/1640/1998
f 3116/1639/1999 3114/1640/1999 3120/1640/1999 3122/1639/1999
f 3115/1639/2000 3116/1639/2000 3122/1639/2000 3121/1639/2000
f 3122/1643/1997 3120/1644/1997 3119/1644/1997 3121/1643/1997
f 3118/1639/2000 3115/1639/2000 3121/1639/2000 3124/1639/2000
f 3117/1640/2001 3118/1639/2001 3124/1639/2001 3123/1640/2001
f 3113/1640/1998 3117/1640/1998 3123/1640/1998 3119/1640/1998
f 3119/1644/1997 3123/1644/1997 3124/1643/1997 3121/1643/1997
f 3129/1642/2002 3126/1642/2002 3134/1642/2002 3137/1642/2002
f 3125/1642/2003 3130/1642/2003 3138/1642/2003 3133/1642/2003
f 3126/1642/1966 3125/1642/1966 3133/1642/1966 3134/1642/1966
f 3133/1642/1651 3138/1642/1651 3137/1642/1651 3134/1642/1651
f 3131/1642/1357 3129/1642/1357 3137/1642/1357 3139/1642/1357
f 3130/1642/1348 3132/1642/1348 3140/1642/1348 3138/1642/1348
f 3138/1642/1977 3140/1642/1977 3139/1642/1977 3137/1642/1977
f 3128/1642/2004 3131/1642/2004 3139/1642/2004 3136/1642/2004
f 3127/1642/1971 3128/1642/1971 3136/1642/1971 3135/1642/1971
f 3132/1642/2005 3127/1642/2005 3135/1642/2005 3140/1642/2005
f 3140/1642/1977 3135/1642/1977 3136/1642/1977 3139/1642/1977
f 3150/1642/2006 3142/1642/2006 3145/1642/2006 3153/1642/2006
f 3154/1642/2007 3146/1642/2007 3141/1642/2007 3149/1642/2007
f 3149/1642/1966 3141/1642/1966 3142/1642/1966 3150/1642/1966
f 3153/1642/1651 3154/1642/1651 3149/1642/1651 3150/1642/1651
f 3153/1642/1348 3145/1642/1348 3147/1642/1348 3155/1642/1348
f 3156/1642/1357 3148/1642/1357 3146/1642/1357 3154/1642/1357
f 3155/1642/1977 3156/1642/1977 3154/1642/1977 3153/1642/1977
f 3155/1642/2008 3147/1642/2008 3144/1642/2008 3152/1642/2008
f 3152/1642/1971 3144/1642/1971 3143/1642/1971 3151/1642/1971
f 3151/1642/2009 3143/1642/2009 3148/1642/2009 3156/1642/2009
f 3152/1642/1977 3151/1642/1977 3156/1642/1977 3155/1642/1977
f 3161/1645/2010 3158/1645/2010 3166/1645/2010 3169/1645/2010
f 3157/1645/2011 3162/1645/2011 3170/1645/2011 3165/1645/2011
f 3158/1645/2012 3157/1645/2012 3165/1645/2012 3166/1645/2012
f 3165/1645/1989 3170/1645/1989 3169/1645/1989 3166/1645/1989
f 3163/1645/1357 3161/1645/1357 3169/1645/1357 3171/1645/1357
f 3162/1645/1348 3164/1645/1348 3172/1645/1348 3170/1645/1348
f 3170/1645/1977 3172/1645/1977 3171/1645/1977 3169/1645/1977
f 3160/1645/2013 3163/1645/2013 3171/1645/2013 3168/1645/2013
f 3159/1645/2014 3160/1645/2014 3168/1645/2014 3167/1645/2014
f 3164/1645/2015 3159/1645/2015 3167/1645/2015 3172/1645/2015
f 3172/1645/1651 3167/1645/1651 3168/1645/1651 3171/1645/1651
f 3182/1645/2016 3174/1645/2016 3177/1645/2016 3185/1645/2016
f 3186/1645/2017 3178/1645/2017 3173/1645/2017 3181/1645/2017
f 3181/1645/2012 3173/1645/2012 3174/1645/2012 3182/1645/2012
f 3185/1645/1989 3186/1645/1989 3181/1645/1989 3182/1645/1989
f 3185/1645/1348 3177/1645/1348 3179/1645/1348 3187/1645/1348
f 3188/1645/1357 3180/1645/1357 3178/1645/1357 3186/1645/1357
f 3187/1645/1977 3188/1645/1977 3186/1645/1977 3185/1645/1977
f 3187/1645/2018 3179/1645/2018 3176/1645/2018 3184/1645/2018
f 3184/1645/2014 3176/1645/2014 3175/1645/2014 3183/1645/2014
f 3183/1645/2019 3175/1645/2019 3180/1645/2019 3188/1645/2019
f 3184/1645/1651 3183/1645/1651 3188/1645/1651 3187/1645/1651
f 3193/1642/2020 3190/1642/2020 3196/1642/2020 3199/1642/2020
f 3194/1642/1357 3193/1642/1357 3199/1642/1357 3201/1642/1357
f 3192/1642/2021 3194/1642/2021 3201/1642/2021 3198/1642/2021
f 3207/1642/2022 3203/1642/2022 3205/1642/2022 3209/1642/2022
f 3209/1642/1348 3205/1642/1348 3206/1642/1348 3210/1642/1348
f 3210/1642/2023 3206/1642/2023 3204/1642/2023 3208/1642/2023
f 3190/1642/1966 3212/1642/1966 3211/1642/1966 3196/1642/1966
f 3213/1642/2024 3199/1642/2024 3196/1642/2024 3211/1642/2024
f 3214/1642/1651 3201/1642/1651 3199/1642/1651 3213/1642/1651
f 3215/1642/2025 3198/1642/2025 3201/1642/2025 3214/1642/2025
f 3216/1642/1982 3192/1642/1982 3198/1642/1982 3215/1642/1982
f 3218/1642/2026 3207/1642/2026 3209/1642/2026 3217/1642/2026
f 3210/1642/1977 3219/1642/1977 3217/1642/1977 3209/1642/1977
f 3220/1642/1966 3203/1642/1966 3207/1642/1966 3218/1642/1966
f 3208/1642/2025 3221/1642/2025 3219/1642/2025 3210/1642/2025
f 3204/1642/1982 3222/1642/1982 3221/1642/1982 3208/1642/1982
f 3211/1646/2024 3236/1646/2024 3235/1646/2024 3213/1646/2024
f 3236/1642/2024 3223/1642/2024 3225/1642/2024 3235/1642/2024
f 3226/1642/1651 3237/1642/1651 3235/1642/1651 3225/1642/1651
f 3237/1646/1651 3214/1646/1651 3213/1646/1651 3235/1646/1651
f 3212/1646/1966 3238/1646/1966 3236/1646/1966 3211/1646/1966
f 3238/1642/1966 3224/1642/1966 3223/1642/1966 3236/1642/1966
f 3227/1642/2025 3239/1642/2025 3237/1642/2025 3226/1642/2025
f 3239/1646/2025 3215/1646/2025 3214/1646/2025 3237/1646/2025
f 3228/1642/1982 3240/1642/1982 3239/1642/1982 3227/1642/1982
f 3240/1646/1982 3216/1646/1982 3215/1646/1982 3239/1646/1982
f 3223/1646/2024 3242/1646/2024 3241/1646/2024 3225/1646/2024
f 3242/1642/2024 3195/1642/2024 3200/1642/2024 3241/1642/2024
f 3202/1642/1651 3243/1642/1651 3241/1642/1651 3200/1642/1651
f 3243/1646/1651 3226/1646/1651 3225/1646/1651 3241/1646/1651
f 3224/1646/1966 3244/1646/1966 3242/1646/1966 3223/1646/1966
f 3244/1642/1966 3189/1642/1966 3195/1642/1966 3242/1642/1966
f 3197/1642/2025 3245/1642/2025 3243/1642/2025 3202/1642/2025
f 3245/1646/2025 3227/1646/2025 3226/1646/2025 3243/1646/2025
f 3191/1642/1982 3246/1642/1982 3245/1642/1982 3197/1642/1982
f 3246/1646/1982 3228/1646/1982 3227/1646/1982 3245/1646/1982
f 3195/1642/2024 3248/1642/2024 3247/1642/2024 3200/1642/2024
f 3248/1646/2026 3230/1646/2026 3231/1646/2026 3247/1646/2026
f 3232/1646/1977 3249/1646/1977 3247/1646/1977 3231/1646/1977
f 3249/1642/1651 3202/1642/1651 3200/1642/1651 3247/1642/1651
f 3189/1642/1966 3250/1642/1966 3248/1642/1966 3195/1642/1966
f 3250/1646/1966 3229/1646/1966 3230/1646/1966 3248/1646/1966
f 3233/1646/2025 3251/1646/2025 3249/1646/2025 3232/1646/2025
f 3251/1642/2025 3197/1642/2025 3202/1642/2025 3249/1642/2025
f 3234/1646/1982 3252/1646/1982 3251/1646/1982 3233/1646/1982
f 3252/1642/1982 3191/1642/1982 3197/1642/1982 3251/1642/1982
f 3230/1642/2026 3254/1642/2026 3253/1642/2026 3231/1642/2026
f 3254/1646/2026 3218/1646/2026 3217/1646/2026 3253/1646/2026
f 3219/1646/1977 3255/1646/1977 3253/1646/1977 3217/1646/1977
f 3255/1642/1977 3232/1642/1977 3231/1642/1977 3253/1642/1977
f 3229/1642/1966 3256/1642/1966 3254/1642/1966 3230/1642/1966
f 3256/1646/1966 3220/1646/1966 3218/1646/1966 3254/1646/1966
f 3221/1646/2025 3257/1646/2025 3255/1646/2025 3219/1646/2025
f 3257/1642/2025 3233/1642/2025 3232/1642/2025 3255/1642/2025
f 3222/1646/1982 3258/1646/1982 3257/1646/1982 3221/1646/1982
f 3258/1642/1982 3234/1642/1982 3233/1642/1982 3257/1642/1982
f 3263/1642/2027 3260/1642/2027 3266/1642/2027 3269/1642/2027
f 3264/1642/1357 3263/1642/1357 3269/1642/1357 3271/1642/1357
f 3262/1642/2028 3264/1642/2028 3271/1642/2028 3268/1642/2028
f 3277/1642/2029 3273/1642/2029 3275/1642/2029 3279/1642/2029
f 3279/1642/1348 3275/1642/1348 3276/1642/1348 3280/1642/1348
f 3280/1642/2030 3276/1642/2030 3274/1642/2030 3278/1642/2030
f 3260/1642/1967 3282/1642/1967 3281/1642/1967 3266/1642/1967
f 3283/1642/2024 3269/1642/2024 3266/1642/2024 3281/1642/2024
f 3284/1642/1651 3271/1642/1651 3269/1642/1651 3283/1642/1651
f 3285/1642/2031 3268/1642/2031 3271/1642/2031 3284/1642/2031
f 3286/1642/1971 3262/1642/1971 3268/1642/1971 3285/1642/1971
f 3288/1642/2024 3277/1642/2024 3279/1642/2024 3287/1642/2024
f 3280/1642/1651 3289/1642/1651 3287/1642/1651 3279/1642/1651
f 3290/1642/1967 3273/1642/1967 3277/1642/1967 3288/1642/1967
f 3278/1642/2032 3291/1642/2032 3289/1642/2032 3280/1642/2032
f 3274/1642/1971 3292/1642/1971 3291/1642/1971 3278/1642/1971
f 3281/1646/2024 3306/1646/2024 3305/1646/2024 3283/1646/2024
f 3306/1642/2024 3293/1642/2024 3295/1642/2024 3305/1642/2024
f 3296/1642/1651 3307/1642/1651 3305/1642/1651 3295/1642/1651
f 3307/1646/1651 3284/1646/1651 3283/1646/1651 3305/1646/1651
f 3282/1646/1967 3308/1646/1967 3306/1646/1967 3281/1646/1967
f 3308/1642/1967 3294/1642/1967 3293/1642/1967 3306/1642/1967
f 3297/1642/2031 3309/1642/2031 3307/1642/2031 3296/1642/2031
f 3309/1646/2031 3285/1646/2031 3284/1646/2031 3307/1646/2031
f 3298/1642/1971 3310/1642/1971 3309/1642/1971 3297/1642/1971
f 3310/1646/1971 3286/1646/1971 3285/1646/1971 3309/1646/1971
f 3293/1646/2024 3312/1646/2024 3311/1646/2024 3295/1646/2024
f 3312/1642/2024 3265/1642/2024 3270/1642/2024 3311/1642/2024
f 3272/1642/1651 3313/1642/1651 3311/1642/1651 3270/1642/1651
f 3313/1646/1651 3296/1646/1651 3295/1646/1651 3311/1646/1651
f 3294/1646/1967 3314/1646/1967 3312/1646/1967 3293/1646/1967
f 3314/1642/1967 3259/1642/1967 3265/1642/1967 3312/1642/1967
f 3267/1642/2031 3315/1642/2031 3313/1642/2031 3272/1642/2031
f 3315/1646/2031 3297/1646/2031 3296/1646/2031 3313/1646/2031
f 3261/1642/1971 3316/1642/1971 3315/1642/1971 3267/1642/1971
f 3316/1646/1971 3298/1646/1971 3297/1646/1971 3315/1646/1971
f 3265/1642/2024 3318/1642/2024 3317/1642/2024 3270/1642/2024
f 3318/1646/2024 3300/1646/2024 3301/1646/2024 3317/1646/2024
f 3302/1646/1651 3319/1646/1651 3317/1646/1651 3301/1646/1651
f 3319/1642/1651 3272/1642/1651 3270/1642/1651 3317/1642/1651
f 3259/1642/1967 3320/1642/1967 3318/1642/1967 3265/1642/1967
f 3320/1646/1967 3299/1646/1967 3300/1646/1967 3318/1646/1967
f 3303/1646/2031 3321/1646/2031 3319/1646/2031 3302/1646/2031
f 3321/1642/2031 3267/1642/2031 3272/1642/2031 3319/1642/2031
f 3304/1646/1971 3322/1646/1971 3321/1646/1971 3303/1646/1971
f 3322/1642/1971 3261/1642/1971 3267/1642/1971 3321/1642/1971
f 3300/1642/2024 3324/1642/2024 3323/1642/2024 3301/1642/2024
f 3324/1646/2024 3288/1646/2024 3287/1646/2024 3323/1646/2024
f 3289/1646/1651 3325/1646/1651 3323/1646/1651 3287/1646/1651
f 3325/1642/1651 3302/1642/1651 3301/1642/1651 3323/1642/1651
f 3299/1642/1967 3326/1642/1967 3324/1642/1967 3300/1642/1967
f 3326/1646/1967 3290/1646/1967 3288/1646/1967 3324/1646/1967
f 3291/1646/2031 3327/1646/2031 3325/1646/2031 3289/1646/2031
f 3327/1642/2031 3303/1642/2031 3302/1642/2031 3325/1642/2031
f 3292/1646/1971 3328/1646/1971 3327/1646/1971 3291/1646/1971
f 3328/1642/1971 3304/1642/1971 3303/1642/1971 3327/1642/1971
f 3335/1647/2033 3346/1647/2033 3345/1647/2033 3338/1647/2033
f 3346/1647/2034 3334/1647/2034 3337/1647/2034 3345/1647/2034
f 3341/1647/2035 3347/1647/2035 3345/1647/2035 3337/1647/2035
f 3347/1647/2036 3342/1647/2036 3338/1647/2036 3345/1647/2036
f 3331/1647/2037 3348/1647/2037 3346/1647/2037 3335/1647/2037
f 3348/1647/2038 3330/1647/2038 3334/1647/2038 3346/1647/2038
f 3340/1647/2039 3350/1647/2039 3349/1647/2039 3344/1647/2039
f 3350/1647/2040 3339/1647/2040 3343/1647/2040 3349/1647/2040
f 3333/1647/2041 3351/1647/2041 3350/1647/2041 3340/1647/2041
f 3351/1647/2042 3336/1647/2042 3339/1647/2042 3350/1647/2042
f 3329/1647/2043 3352/1647/2043 3351/1647/2043 3333/1647/2043
f 3352/1647/2044 3332/1647/2044 3336/1647/2044 3351/1647/2044
f 3341/1647/2045 3354/1647/2045 3353/1647/2045 3347/1647/2045
f 3354/1647/2046 3344/1647/2046 3349/1647/2046 3353/1647/2046
f 3343/1647/2047 3355/1647/2047 3353/1647/2047 3349/1647/2047
f 3355/1647/2048 3342/1647/2048 3347/1647/2048 3353/1647/2048
f 3337/1647/2049 3356/1647/2049 3354/1647/2049 3341/1647/2049
f 3356/1647/2050 3340/1647/2050 3344/1647/2050 3354/1647/2050
f 3339/1647/2051 3357/1647/2051 3355/1647/2051 3343/1647/2051
f 3357/1647/2052 3338/1647/2052 3342/1647/2052 3355/1647/2052
f 3334/1647/2053 3358/1647/2053 3356/1647/2053 3337/1647/2053
f 3358/1647/2054 3333/1647/2054 3340/1647/2054 3356/1647/2054
f 3336/1647/2055 3359/1647/2055 3357/1647/2055 3339/1647/2055
f 3359/1647/2056 3335/1647/2056 3338/1647/2056 3357/1647/2056
f 3330/1647/2057 3360/1647/2057 3358/1647/2057 3334/1647/2057
f 3360/1647/2058 3329/1647/2058 3333/1647/2058 3358/1647/2058
f 3332/1647/2059 3361/1647/2059 3359/1647/2059 3336/1647/2059
f 3361/1647/2060 3331/1647/2060 3335/1647/2060 3359/1647/2060
f 3362/1648/2061 3366/1648/2061 3375/1648/2061 3368/1648/2061
f 3347/1648/2062 3362/1648/2062 3368/1648/2062 3372/1648/2062
f 3368/1648/2063 3375/1648/2063 3374/1648/2063 3372/1648/2063
f 3365/1648/2064 3349/1648/2064 3373/1648/2064 3371/1648/2064
f 3366/1648/2065 3365/1648/2065 3371/1648/2065 3375/1648/2065
f 3375/1648/2066 3371/1648/2066 3373/1648/2066 3374/1648/2066
f 3364/1648/2067 3367/1648/2067 3376/1648/2067 3370/1648/2067
f 3349/1648/2068 3364/1648/2068 3370/1648/2068 3373/1648/2068
f 3370/1648/2069 3376/1648/2069 3374/1648/2069 3373/1648/2069
f 3363/1648/2070 3347/1648/2070 3372/1648/2070 3369/1648/2070
f 3367/1648/2071 3363/1648/2071 3369/1648/2071 3376/1648/2071
f 3376/1648/2072 3369/1648/2072 3372/1648/2072 3374/1648/2072
f 3383/1647/2033 3394/1647/2033 3393/1647/2033 3386/1647/2033
f 3394/1647/2034 3382/1647/2034 3385/1647/2034 3393/1647/2034
f 3389/1647/2035 3395/1647/2035 3393/1647/2035 3385/1647/2035
f 3395/1647/2036 3390/1647/2036 3386/1647/2036 3393/1647/2036
f 3379/1647/2037 3396/1647/2037 3394/1647/2037 3383/1647/2037
f 3396/1647/2038 3378/1647/2038 3382/1647/2038 3394/1647/2038
f 3388/1647/2039 3398/1647/2039 3397/1647/2039 3392/1647/2039
f 3398/1647/2040 3387/1647/2040 3391/1647/2040 3397/1647/2040
f 3381/1647/2041 3399/1647/2041 3398/1647/2041 3388/1647/2041
f 3399/1647/2042 3384/1647/2042 3387/1647/2042 3398/1647/2042
f 3377/1647/2043 3400/1647/2043 3399/1647/2043 3381/1647/2043
f 3400/1647/2044 3380/1647/2044 3384/1647/2044 3399/1647/2044
f 3389/1647/2045 3402/1647/2045 3401/1647/2045 3395/1647/2045
f 3402/1647/2046 3392/1647/2046 3397/1647/2046 3401/1647/2046
f 3391/1647/2047 3403/1647/2047 3401/1647/2047 3397/1647/2047
f 3403/1647/2048 3390/1647/2048 3395/1647/2048 3401/1647/2048
f 3385/1647/2049 3404/1647/2049 3402/1647/2049 3389/1647/2049
f 3404/1647/2050 3388/1647/2050 3392/1647/2050 3402/1647/2050
f 3387/1647/2051 3405/1647/2051 3403/1647/2051 3391/1647/2051
f 3405/1647/2052 3386/1647/2052 3390/1647/2052 3403/1647/2052
f 3382/1647/2053 3406/1647/2053 3404/1647/2053 3385/1647/2053
f 3406/1647/2054 3381/1647/2054 3388/1647/2054 3404/1647/2054
f 3384/1647/2055 3407/1647/2055 3405/1647/2055 3387/1647/2055
f 3407/1647/2056 3383/1647/2056 3386/1647/2056 3405/1647/2056
f 3378/1647/2057 3408/1647/2057 3406/1647/2057 3382/1647/2057
f 3408/1647/2058 3377/1647/2058 3381/1647/2058 3406/1647/2058
f 3380/1647/2073 3409/1647/2073 3407/1647/2073 3384/1647/2073
f 3409/1647/2074 3379/1647/2074 3383/1647/2074 3407/1647/2074
f 3410/1648/2075 3414/1648/2075 3423/1648/2075 3416/1648/2075
f 3395/1648/2076 3410/1648/2076 3416/1648/2076 3420/1648/2076
f 3416/1648/2063 3423/1648/2063 3422/1648/2063 3420/1648/2063
f 3413/1648/2064 3397/1648/2064 3421/1648/2064 3419/1648/2064
f 3414/1648/2077 3413/1648/2077 3419/1648/2077 3423/1648/2077
f 3423/1648/2066 3419/1648/2066 3421/1648/2066 3422/1648/2066
f 3412/1648/2067 3415/1648/2067 3424/1648/2067 3418/1648/2067
f 3397/1648/2068 3412/1648/2068 3418/1648/2068 3421/1648/2068
f 3418/1648/2069 3424/1648/2069 3422/1648/2069 3421/1648/2069
f 3411/1648/2070 3395/1648/2070 3420/1648/2070 3417/1648/2070
f 3415/1648/2078 3411/1648/2078 3417/1648/2078 3424/1648/2078
f 3424/1648/2072 3417/1648/2072 3420/1648/2072 3422/1648/2072
f 3431/1647/2033 3442/1647/2033 3441/1647/2033 3434/1647/2033
f 3442/1647/2034 3430/1647/2034 3433/1647/2034 3441/1647/2034
f 3437/1647/2079 3443/1647/2079 3441/1647/2079 3433/1647/2079
f 3443/1647/2036 3438/1647/2036 3434/1647/2036 3441/1647/2036
f 3427/1647/2037 3444/1647/2037 3442/1647/2037 3431/1647/2037
f 3444/1647/2038 3426/1647/2038 3430/1647/2038 3442/1647/2038
f 3436/1647/2039 3446/1647/2039 3445/1647/2039 3440/1647/2039
f 3446/1647/2040 3435/1647/2040 3439/1647/2040 3445/1647/2040
f 3429/1647/2041 3447/1647/2041 3446/1647/2041 3436/1647/2041
f 3447/1647/2042 3432/1647/2042 3435/1647/2042 3446/1647/2042
f 3425/1647/2080 3448/1647/2080 3447/1647/2080 3429/1647/2080
f 3448/1647/2044 3428/1647/2044 3432/1647/2044 3447/1647/2044
f 3437/1647/2045 3450/1647/2045 3449/1647/2045 3443/1647/2045
f 3450/1647/2046 3440/1647/2046 3445/1647/2046 3449/1647/2046
f 3439/1647/2047 3451/1647/2047 3449/1647/2047 3445/1647/2047
f 3451/1647/2048 3438/1647/2048 3443/1647/2048 3449/1647/2048
f 3433/1647/2049 3452/1647/2049 3450/1647/2049 3437/1647/2049
f 3452/1647/2050 3436/1647/2050 3440/1647/2050 3450/1647/2050
f 3435/1647/2081 3453/1647/2081 3451/1647/2081 3439/1647/2081
f 3453/1647/2082 3434/1647/2082 3438/1647/2082 3451/1647/2082
f 3430/1647/2053 3454/1647/2053 3452/1647/2053 3433/1647/2053
f 3454/1647/2054 3429/1647/2054 3436/1647/2054 3452/1647/2054
f 3432/1647/2055 3455/1647/2055 3453/1647/2055 3435/1647/2055
f 3455/1647/2056 3431/1647/2056 3434/1647/2056 3453/1647/2056
f 3426/1647/2057 3456/1647/2057 3454/1647/2057 3430/1647/2057
f 3456/1647/2058 3425/1647/2058 3429/1647/2058 3454/1647/2058
f 3428/1647/2059 3457/1647/2059 3455/1647/2059 3432/1647/2059
f 3457/1647/2060 3427/1647/2060 3431/1647/2060 3455/1647/2060
f 3458/1648/2061 3462/1648/2061 3471/1648/2061 3464/1648/2061
f 3443/1648/2076 3458/1648/2076 3464/1648/2076 3468/1648/2076
f 3464/1648/2063 3471/1648/2063 3470/1648/2063 3468/1648/2063
f 3461/1648/2083 3445/1648/2083 3469/1648/2083 3467/1648/2083
f 3462/1648/2084 3461/1648/2084 3467/1648/2084 3471/1648/2084
f 3471/1648/2066 3467/1648/2066 3469/1648/2066 3470/1648/2066
f 3460/1648/2067 3463/1648/2067 3472/1648/2067 3466/1648/2067
f 3445/1648/2068 3460/1648/2068 3466/1648/2068 3469/1648/2068
f 3466/1648/2069 3472/1648/2069 3470/1648/2069 3469/1648/2069
f 3459/1648/2085 3443/1648/2085 3468/1648/2085 3465/1648/2085
f 3463/1648/2071 3459/1648/2071 3465/1648/2071 3472/1648/2071
f 3472/1648/2072 3465/1648/2072 3468/1648/2072 3470/1648/2072
f 2884/1649/2086 3474/1649/2086 3473/1649/2086 2885/1649/2086
f 2887/1520/1948 3475/1520/1948 3473/1520/1948 2897/1520/1948
f 3475/1520/1948 2875/1520/1948 2885/1520/1948 3473/1520/1948
f 2900/1520/2087 3476/1520/2087 3474/1520/2087 2884/1520/2087
f 3476/1520/2088 2902/1520/2088 2896/1520/2088 3474/1520/2088
f 3477/1520/1543 2877/1520/1543 2875/1520/1543 3475/1520/1543
f 2899/1520/2089 3478/1520/2089 3476/1520/2089 2900/1520/2089
f 3478/1520/1543 2901/1520/1543 2902/1520/1543 3476/1520/1543
f 2888/1520/1543 3479/1520/1543 3477/1520/1543 2889/1520/1543
f 3479/1520/1543 2876/1520/1543 2877/1520/1543 3477/1520/1543
f 2883/1520/2090 3480/1520/2090 3478/1520/2090 2899/1520/2090
f 3480/1520/2091 2895/1520/2091 2901/1520/2091 3478/1520/2091
f 2898/1520/1947 3481/1520/1947 3479/1520/1947 2888/1520/1947
f 3481/1520/1947 2886/1520/1947 2876/1520/1947 3479/1520/1947
f 2879/1520/2092 3482/1520/2092 3480/1520/2092 2883/1520/2092
f 3482/1520/2093 2891/1520/2093 2895/1520/2093 3480/1520/2093
f 2893/1520/1947 3483/1520/1947 3481/1520/1947 2898/1520/1947
f 3483/1520/1947 2881/1520/1947 2886/1520/1947 3481/1520/1947
f 2880/1520/1926 3484/1520/1926 3482/1520/1926 2879/1520/1926
f 3484/1520/1926 2892/1520/1926 2891/1520/1926 3482/1520/1926
f 2894/1520/1926 3485/1520/1926 3483/1520/1926 2893/1520/1926
f 3485/1520/1926 2882/1520/1926 2881/1520/1926 3483/1520/1926
f 2878/1520/1926 3486/1520/1926 3484/1520/1926 2880/1520/1926
f 3486/1520/1926 2890/1520/1926 2892/1520/1926 3484/1520/1926
f 2890/1520/1926 3486/1520/1926 3485/1520/1926 2894/1520/1926
f 3486/1520/1926 2878/1520/1926 2882/1520/1926 3485/1520/1926
f 3487/1520/1543 2887/1520/1543 2903/1520/1543
f 3489/1520/2089 3477/1520/2089 3475/1520/2089 3488/1520/2089
f 3490/1520/1543 3487/1520/1543 2903/1520/1543 2905/1520/1543
f 2905/1520/1543 2889/1520/1543 3490/1520/1543
f 3477/1520/1543 3494/1520/1543 3491/1520/1543 2889/1520/1543
f 3477/1520/1543 3489/1520/1543 3494/1520/1543
f 3494/1520/1543 3498/1520/1543 3495/1520/1543 3491/1520/1543
f 3491/1520/1543 3490/1520/1543 2889/1520/1543
f 3492/1520/1543 2887/1520/1543 3487/1520/1543
f 3493/1520/1543 3475/1520/1543 2887/1520/1543 3492/1520/1543
f 3492/1520/1543 3496/1520/1543 3497/1520/1543 3493/1520/1543
f 3493/1520/1543 3488/1520/1543 3475/1520/1543
f 3490/1650/2094 3491/1650/2094 3503/1650/2094 3502/1650/2094
f 3487/1650/1945 3490/1650/1945 3502/1650/1945 3499/1650/1945
f 3492/1650/1348 3487/1650/1348 3499/1650/1348 3504/1650/1348
f 3488/1650/1348 3493/1650/1348 3505/1650/1348 3500/1650/1348
f 3489/1650/1941 3488/1650/1941 3500/1650/1941 3501/1650/1941
f 3494/1650/2094 3489/1650/2094 3501/1650/2094 3506/1650/2094
f 3491/1651/2095 3495/1651/2095 3507/1651/2095 3503/1651/2095
f 3496/1651/2096 3492/1651/2096 3504/1651/2096 3508/1651/2096
f 3493/1651/2097 3497/1651/2097 3509/1651/2097 3505/1651/2097
f 3498/1651/2098 3494/1651/2098 3506/1651/2098 3510/1651/2098
f 3497/1650/1348 3496/1650/1348 3508/1650/1348 3509/1650/1348
f 3495/1650/2099 3498/1650/2099 3510/1650/2099 3507/1650/2099
f 3502/1650/2100 3503/1650/2100 3515/1650/2100 3514/1650/2100
f 3499/1650/2101 3502/1650/2101 3514/1650/2101 3511/1650/2101
f 3504/1650/2102 3499/1650/2102 3511/1650/2102 3516/1650/2102
f 3516/1650/1543 3511/1650/1543 3514/1650/1543 3515/1650/1543
f 3500/1650/2103 3505/1650/2103 3517/1650/2103 3512/1650/2103
f 3501/1650/2104 3500/1650/2104 3512/1650/2104 3513/1650/2104
f 3506/1650/2105 3501/1650/2105 3513/1650/2105 3518/1650/2105
f 3518/1650/1543 3513/1650/1543 3512/1650/1543 3517/1650/1543
f 3503/1651/2106 3507/1651/2106 3519/1651/2106 3515/1651/2106
f 3508/1651/2107 3504/1651/2107 3516/1651/2107 3520/1651/2107
f 3520/1651/1543 3516/1651/1543 3515/1651/1543 3519/1651/1543
f 3505/1651/2108 3509/1651/2108 3521/1651/2108 3517/1651/2108
f 3510/1651/2109 3506/1651/2109 3518/1651/2109 3522/1651/2109
f 3522/1651/1543 3518/1651/1543 3517/1651/1543 3521/1651/1543
f 3509/1650/2110 3508/1650/2110 3520/1650/2110 3521/1650/2110
f 3507/1650/2111 3510/1650/2111 3522/1650/2111 3519/1650/2111
f 3519/1650/1543 3522/1650/1543 3521/1650/1543 3520/1650/1543
f 2897/1652/1357 3473/1652/1357 3525/1652/1357 3524/1652/1357
f 2896/1653/2112 2897/1653/2112 3524/1653/2112 3523/1653/2112
f 3474/1652/2113 2896/1652/2113 3523/1652/2113 3526/1652/2113
f 3473/1653/2114 3474/1653/2114 3526/1653/2114 3525/1653/2114
f 3526/1653/1543 3523/1653/1543 3524/1653/1543 3525/1653/1543
f 3530/1520/1941 3531/1520/1941 3537/1520/1941 3536/1520/1941
f 3528/1520/2115 3527/1520/2115 3533/1520/2115 3534/1520/2115
f 3531/1520/1348 3528/1520/1348 3534/1520/1348 3537/1520/1348
f 3532/1625/1941 3530/1520/1941 3536/1520/1941 3538/1625/1941
f 3529/1625/1357 3532/1625/1357 3538/1625/1357 3535/1625/1357
f 3527/1520/2115 3529/1625/2115 3535/1625/2115 3533/1520/2115
f 3536/1654/1926 3537/1654/1926 3543/1654/1926 3542/1654/1926
f 3542/1654/1941 3543/1654/1941 3549/1654/1941 3548/1654/1941
f 3534/1654/1926 3533/1654/1926 3539/1654/1926 3540/1654/1926
f 3540/1654/1945 3539/1654/1945 3545/1654/1945 3546/1654/1945
f 3537/1654/1926 3534/1654/1926 3540/1654/1926 3543/1654/1926
f 3543/1654/1348 3540/1654/1348 3546/1654/1348 3549/1654/1348
f 3538/1655/1926 3536/1654/1926 3542/1654/1926 3544/1655/1926
f 3544/1655/1941 3542/1654/1941 3548/1654/1941 3550/1655/1941
f 3535/1655/1926 3538/1655/1926 3544/1655/1926 3541/1655/1926
f 3541/1655/1357 3544/1655/1357 3550/1655/1357 3547/1655/1357
f 3533/1654/1926 3535/1655/1926 3541/1655/1926 3539/1654/1926
f 3539/1654/1945 3541/1655/1945 3547/1655/1945 3545/1654/1945
f 3548/1654/2116 3549/1654/2116 3555/1654/2116 3554/1654/2116
f 3546/1654/2117 3545/1654/2117 3551/1654/2117 3552/1654/2117
f 3549/1654/2118 3546/1654/2118 3552/1654/2118 3555/1654/2118
f 3552/1654/1543 3551/1654/1543 3554/1654/1543 3555/1654/1543
f 3550/1655/2119 3548/1654/2119 3554/1654/2119 3556/1655/2119
f 3547/1655/2120 3550/1655/2120 3556/1655/2120 3553/1655/2120
f 3545/1654/2117 3547/1655/2117 3553/1655/2117 3551/1654/2117
f 3551/1654/1543 3553/1655/1543 3556/1655/1543 3554/1654/1543
f 3557/1656/2121 3561/1656/2121 3569/1656/2121 3565/1656/2121
f 3558/1656/1945 3557/1656/1945 3565/1656/1945 3566/1656/1945
f 3562/1656/2122 3558/1656/2122 3566/1656/2122 3570/1656/2122
f 3563/1656/2123 3559/1656/2123 3567/1656/2123 3571/1656/2123
f 3560/1656/2124 3564/1656/2124 3572/1656/2124 3568/1656/2124
f 3559/1656/1941 3560/1656/1941 3568/1656/1941 3567/1656/1941
f 3561/1656/1357 3563/1656/1357 3571/1656/1357 3569/1656/1357
f 3564/1656/1348 3562/1656/1348 3570/1656/1348 3572/1656/1348
f 3565/1656/2125 3569/1656/2125 3577/1656/2125 3573/1656/2125
f 3566/1656/2126 3565/1656/2126 3573/1656/2126 3574/1656/2126
f 3570/1656/2127 3566/1656/2127 3574/1656/2127 3578/1656/2127
f 3571/1656/2128 3567/1656/2128 3575/1656/2128 3579/1656/2128
f 3568/1656/2129 3572/1656/2129 3580/1656/2129 3576/1656/2129
f 3567/1656/2130 3568/1656/2130 3576/1656/2130 3575/1656/2130
f 3569/1656/2131 3571/1656/2131 3579/1656/2131 3577/1656/2131
f 3572/1656/2132 3570/1656/2132 3578/1656/2132 3580/1656/2132
f 3573/1656/2133 3577/1656/2133 3585/1656/2133 3581/1656/2133
f 3574/1656/2134 3573/1656/2134 3581/1656/2134 3582/1656/2134
f 3578/1656/2135 3574/1656/2135 3582/1656/2135 3586/1656/2135
f 3579/1656/2136 3575/1656/2136 3583/1656/2136 3587/1656/2136
f 3576/1656/2137 3580/1656/2137 3588/1656/2137 3584/1656/2137
f 3575/1656/2138 3576/1656/2138 3584/1656/2138 3583/1656/2138
f 3577/1656/2139 3579/1656/2139 3587/1656/2139 3585/1656/2139
f 3580/1656/2140 3578/1656/2140 3586/1656/2140 3588/1656/2140
f 3581/1656/2141 3585/1656/2141 3593/1656/2141 3589/1656/2141
f 3582/1656/2142 3581/1656/2142 3589/1656/2142 3590/1656/2142
f 3586/1656/2143 3582/1656/2143 3590/1656/2143 3594/1656/2143
f 3594/1657/1543 3590/1657/1543 3589/1657/1543 3593/1657/1543
f 3587/1656/2144 3583/1656/2144 3591/1656/2144 3595/1656/2144
f 3584/1656/2145 3588/1656/2145 3596/1656/2145 3592/1656/2145
f 3583/1656/2146 3584/1656/2146 3592/1656/2146 3591/1656/2146
f 3592/1657/1543 3596/1657/1543 3595/1657/1543 3591/1657/1543
f 3585/1656/2147 3587/1656/2147 3595/1656/2147 3593/1656/2147
f 3588/1656/2148 3586/1656/2148 3594/1656/2148 3596/1656/2148
f 3596/1657/1543 3594/1657/1543 3593/1657/1543 3595/1657/1543
f 3598/1658/2149 3603/1658/2149 3611/1658/2149 3606/1658/2149
f 3602/1658/2150 3598/1658/2150 3606/1658/2150 3610/1658/2150
f 3597/1658/2151 3601/1658/2151 3609/1658/2151 3605/1658/2151
f 3603/1658/2152 3597/1658/2152 3605/1658/2152 3611/1658/2152
f 3599/1658/2153 3604/1658/2153 3612/1658/2153 3607/1658/2153
f 3601/1658/2154 3599/1658/2154 3607/1658/2154 3609/1658/2154
f 3600/1658/2155 3602/1658/2155 3610/1658/2155 3608/1658/2155
f 3604/1658/2156 3600/1658/2156 3608/1658/2156 3612/1658/2156
f 3606/1658/2157 3611/1658/2157 3619/1658/2157 3614/1658/2157
f 3610/1658/2158 3606/1658/2158 3614/1658/2158 3618/1658/2158
f 3605/1658/2159 3609/1658/2159 3617/1658/2159 3613/1658/2159
f 3611/1658/2160 3605/1658/2160 3613/1658/2160 3619/1658/2160
f 3607/1658/2161 3612/1658/2161 3620/1658/2161 3615/1658/2161
f 3609/1658/2162 3607/1658/2162 3615/1658/2162 3617/1658/2162
f 3608/1658/2163 3610/1658/2163 3618/1658/2163 3616/1658/2163
f 3612/1658/2164 3608/1658/2164 3616/1658/2164 3620/1658/2164
f 3614/1659/2165 3619/1659/2165 3627/1659/2165 3622/1659/2165
f 3618/1659/2166 3614/1659/2166 3622/1659/2166 3626/1659/2166
f 3613/1659/2167 3617/1659/2167 3625/1659/2167 3621/1659/2167
f 3619/1659/2168 3613/1659/2168 3621/1659/2168 3627/1659/2168
f 3615/1659/2169 3620/1659/2169 3628/1659/2169 3623/1659/2169
f 3617/1659/2170 3615/1659/2170 3623/1659/2170 3625/1659/2170
f 3616/1659/2171 3618/1659/2171 3626/1659/2171 3624/1659/2171
f 3620/1659/2172 3616/1659/2172 3624/1659/2172 3628/1659/2172
f 3622/1659/2173 3627/1659/2173 3635/1659/2173 3630/1659/2173
f 3626/1659/2174 3622/1659/2174 3630/1659/2174 3634/1659/2174
f 3621/1659/2175 3625/1659/2175 3633/1659/2175 3629/1659/2175
f 3627/1659/2176 3621/1659/2176 3629/1659/2176 3635/1659/2176
f 3623/1659/2177 3628/1659/2177 3636/1659/2177 3631/1659/2177
f 3625/1659/2178 3623/1659/2178 3631/1659/2178 3633/1659/2178
f 3624/1659/2179 3626/1659/2179 3634/1659/2179 3632/1659/2179
f 3628/1659/2180 3624/1659/2180 3632/1659/2180 3636/1659/2180
f 3630/1659/2181 3635/1659/2181 3644/1659/2181 3638/1659/2181
f 3634/1659/2182 3630/1659/2182 3638/1659/2182 3642/1659/2182
f 3638/1659/2183 3644/1659/2183 3643/1659/2183 3642/1659/2183
f 3629/1659/2184 3633/1659/2184 3641/1659/2184 3637/1659/2184
f 3635/1659/2185 3629/1659/2185 3637/1659/2185 3644/1659/2185
f 3644/1659/2183 3637/1659/2183 3641/1659/2183 3643/1659/2183
f 3631/1659/2186 3636/1659/2186 3645/1659/2186 3639/1659/2186
f 3633/1659/2187 3631/1659/2187 3639/1659/2187 3641/1659/2187
f 3639/1659/2188 3645/1659/2188 3643/1659/2188 3641/1659/2188
f 3632/1659/2189 3634/1659/2189 3642/1659/2189 3640/1659/2189
f 3636/1659/2190 3632/1659/2190 3640/1659/2190 3645/1659/2190
f 3645/1659/2183 3640/1659/2183 3642/1659/2183 3643/1659/2183
f 3649/1660/2191 3648/1660/2191 3647/1660/2191 3646/1660/2191
f 3651/1660/2192 3649/1660/2192 3646/1660/2192 3650/1660/2192
f 3653/1660/2193 3651/1660/2193 3650/1660/2193 3652/1660/2193
f 3648/1660/2194 3653/1660/2194 3652/1660/2194 3647/1660/2194
f 3646/1660/2195 3647/1660/2195 3655/1660/2195 3654/1660/2195
f 3650/1660/2196 3646/1660/2196 3654/1660/2196 3656/1660/2196
f 3652/1660/2197 3650/1660/2197 3656/1660/2197 3657/1660/2197
f 3647/1660/2198 3652/1660/2198 3657/1660/2198 3655/1660/2198
f 3661/1660/2199 3660/1660/2199 3659/1660/2199 3658/1660/2199
f 3663/1660/2200 3661/1660/2200 3658/1660/2200 3662/1660/2200
f 3665/1660/2201 3663/1660/2201 3662/1660/2201 3664/1660/2201
f 3660/1660/2202 3665/1660/2202 3664/1660/2202 3659/1660/2202
f 3664/1660/2203 3662/1660/2203 3658/1660/2203 3659/1660/2203
f 3654/1660/2204 3667/1660/2204 3666/1660/2204 3656/1660/2204
f 3667/1661/2205 3661/1661/2205 3663/1661/2205 3666/1661/2205
f 3665/1661/2206 3668/1661/2206 3666/1661/2206 3663/1661/2206
f 3668/1660/2207 3657/1660/2207 3656/1660/2207 3666/1660/2207
f 3655/1660/2208 3669/1660/2208 3667/1660/2208 3654/1660/2208
f 3669/1661/2209 3660/1661/2209 3661/1661/2209 3667/1661/2209
f 3660/1661/2210 3669/1661/2210 3668/1661/2210 3665/1661/2210
f 3669/1660/2211 3655/1660/2211 3657/1660/2211 3668/1660/2211
f 3671/1660/2212 3672/1660/2212 3673/1660/2212 3670/1660/2212
f 3670/1660/2213 3673/1660/2213 3675/1660/2213 3674/1660/2213
f 3674/1660/2214 3675/1660/2214 3677/1660/2214 3676/1660/2214
f 3676/1660/2215 3677/1660/2215 3672/1660/2215 3671/1660/2215
f 3679/1660/2216 3671/1660/2216 3670/1660/2216 3678/1660/2216
f 3678/1660/2217 3670/1660/2217 3674/1660/2217 3680/1660/2217
f 3680/1660/2218 3674/1660/2218 3676/1660/2218 3681/1660/2218
f 3681/1660/2219 3676/1660/2219 3671/1660/2219 3679/1660/2219
f 3683/1660/2220 3684/1660/2220 3685/1660/2220 3682/1660/2220
f 3682/1660/2221 3685/1660/2221 3687/1660/2221 3686/1660/2221
f 3686/1660/2222 3687/1660/2222 3689/1660/2222 3688/1660/2222
f 3688/1660/2223 3689/1660/2223 3684/1660/2223 3683/1660/2223
f 3682/1660/2224 3686/1660/2224 3688/1660/2224 3683/1660/2224
f 3690/1660/2225 3691/1660/2225 3678/1660/2225 3680/1660/2225
f 3687/1661/2226 3685/1661/2226 3691/1661/2226 3690/1661/2226
f 3690/1661/2227 3692/1661/2227 3689/1661/2227 3687/1661/2227
f 3680/1660/2228 3681/1660/2228 3692/1660/2228 3690/1660/2228
f 3691/1660/2229 3693/1660/2229 3679/1660/2229 3678/1660/2229
f 3685/1661/2230 3684/1661/2230 3693/1661/2230 3691/1661/2230
f 3692/1661/2231 3693/1661/2231 3684/1661/2231 3689/1661/2231
f 3681/1660/2232 3679/1660/2232 3693/1660/2232 3692/1660/2232
f 3696/1662/2233 3695/1663/2233 3694/1664/2233 3697/1665/2233
f 3700/1666/2234 3699/1667/2234 3698/1667/2234 3701/1666/2234
f 3704/1668/2235 3703/1669/2235 3702/1670/2235 3705/1671/2235
f 3703/1669/2236 3696/1672/2236 3697/1673/2236 3702/1670/2236
f 3695/1674/1926 3696/1675/1926 3703/1669/1926 3704/1668/1926
f 3705/1671/1543 3702/1670/1543 3697/1676/1543 3694/1677/1543
f 3707/1678/2237 3706/1679/2237 3694/1664/2237 3695/1663/2237
f 3700/1666/2238 3707/1678/2238 3695/1663/2238 3704/1668/2238
f 3706/1679/2238 3699/1667/2238 3705/1671/2238 3694/1664/2238
f 3699/1667/2239 3700/1666/2239 3704/1668/2239 3705/1671/2239
f 3708/1680/2238 3701/1681/2238 3698/1682/2238 3709/1683/2238
f 3707/1678/1543 3700/1666/1543 3701/1666/1543 3708/1678/1543
f 3699/1667/1926 3706/1679/1926 3709/1679/1926 3698/1667/1926
f 3706/1679/2240 3707/1678/2240 3708/1678/2240 3709/1679/2240
f 3712/1684/2241 3711/1665/2241 3710/1664/2241 3713/1685/2241
f 3713/1685/2242 3710/1664/2242 3714/1671/2242 3715/1686/2242
f 3715/1686/2243 3714/1671/2243 3716/1670/2243 3717/1687/2243
f 3717/1687/2244 3716/1670/2244 3711/1673/2244 3712/1684/2244
f 3720/1674/1926 3719/1668/1926 3718/1669/1926 3721/1675/1926
f 3714/1671/1543 3710/1677/1543 3711/1676/1543 3716/1670/1543
f 3718/1669/2245 3717/1687/2245 3712/1684/2245 3721/1672/2245
f 3719/1668/2246 3715/1686/2246 3717/1687/2246 3718/1669/2246
f 3720/1663/2247 3713/1685/2247 3715/1686/2247 3719/1668/2247
f 3721/1662/2248 3712/1684/2248 3713/1685/2248 3720/1663/2248
o p_brake
v 0.131871 0.034433 1.492119
v 0.131871 0.034228 1.407482
v 0.131871 0.115646 1.407375
v 0.131871 0.115852 1.506106
v 0.078266 0.034433 1.492119
v 0.078266 0.115852 1.506106
v 0.078266 0.034228 1.407482
v 0.078266 0.115646 1.407375
v 0.131871 0.145074 1.443943
v 0.131871 0.145280 1.506033
v 0.078266 0.145280 1.506033
v 0.078266 0.145074 1.443943
v 0.087004 0.152285 1.556824
v 0.132821 0.156294 1.543640
v 0.132821 0.115604 1.543702
v 0.087004 0.119613 1.556883
v 0.124537 0.157373 1.583703
v 0.175789 0.157373 1.583703
v 0.175789 0.116294 1.583775
v 0.124537 0.116294 1.583775
v 0.119284 0.167047 1.583923
v 0.181043 0.167047 1.583923
v 0.123231 0.161971 1.896099
v 0.177095 0.161971 1.896099
v 0.181043 0.106621 1.584013
v 0.177095 0.112603 1.883841
v 0.119284 0.106621 1.584013
v 0.123231 0.112603 1.883841
vn 1.0000 -0.0000 -0.0000
vn -0.0000 -0.1693 0.9856
vn -1.0000 -0.0000 -0.0000
vn -0.0000 -0.0013 -1.0000
vn -0.0000 0.7791 -0.6269
vn -0.0000 1.0000 -0.0033
vn -0.0650 0.9791 -0.1925
vn 0.9997 -0.0000 -0.0252
vn -0.0345 -0.9985 0.0435
vn -0.9855 0.0004 0.1695
vn -0.0462 0.9983 -0.0364
vn 0.6820 -0.0012 -0.7313
vn -0.0401 -0.9992 0.0089
vn -0.5824 0.0014 0.8129
vn -0.0000 0.0227 -0.9997
vn -0.0000 0.9999 0.0163
vn 0.0435 -0.0016 -0.9991
vn 0.9999 -0.0014 0.0129
vn -0.0000 -0.0246 -0.9997
vn -0.0000 -0.9998 0.0199
vn -0.0435 -0.0016 -0.9991
vn -0.9999 -0.0014 0.0129
vn -0.0000 -0.2410 0.9705
vt 0.074540 0.963990
vt 0.345670 0.845540
s 0
usemtl mat1
f 3722/1688/2249 3723/1688/2249 3724/1688/2249 3725/1688/2249
f 3726/1688/2250 3722/1688/2250 3725/1688/2250 3727/1688/2250
f 3728/1688/2251 3726/1688/2251 3727/1688/2251 3729/1688/2251
f 3723/1688/2252 3728/1688/2252 3729/1688/2252 3724/1688/2252
f 3725/1688/2249 3724/1688/2249 3730/1688/2249 3731/1688/2249
f 3729/1688/2251 3727/1688/2251 3732/1688/2251 3733/1688/2251
f 3724/1688/2253 3729/1688/2253 3733/1688/2253 3730/1688/2253
f 3733/1688/2254 3732/1688/2254 3731/1688/2254 3730/1688/2254
f 3731/1688/2255 3732/1688/2255 3734/1688/2255 3735/1688/2255
f 3725/1688/2256 3731/1688/2256 3735/1688/2256 3736/1688/2256
f 3727/1688/2257 3725/1688/2257 3736/1688/2257 3737/1688/2257
f 3732/1688/2258 3727/1688/2258 3737/1688/2258 3734/1688/2258
f 3735/1688/2259 3734/1688/2259 3738/1688/2259 3739/1688/2259
f 3736/1688/2260 3735/1688/2260 3739/1688/2260 3740/1688/2260
f 3737/1688/2261 3736/1688/2261 3740/1688/2261 3741/1688/2261
f 3734/1688/2262 3737/1688/2262 3741/1688/2262 3738/1688/2262
f 3739/1689/2263 3738/1689/2263 3742/1689/2263 3743/1689/2263
f 3743/1689/2264 3742/1689/2264 3744/1689/2264 3745/1689/2264
f 3740/1689/2265 3739/1689/2265 3743/1689/2265 3746/1689/2265
f 3746/1689/2266 3743/1689/2266 3745/1689/2266 3747/1689/2266
f 3741/1689/2267 3740/1689/2267 3746/1689/2267 3748/1689/2267
f 3748/1689/2268 3746/1689/2268 3747/1689/2268 3749/1689/2268
f 3738/1689/2269 3741/1689/2269 3748/1689/2269 3742/1689/2269
f 3742/1689/2270 3748/1689/2270 3749/1689/2270 3744/1689/2270
f 3749/1689/2271 3747/1689/2271 3745/1689/2271 3744/1689/2271
o shifter
v -0.085436 0.151451 1.745031
v -0.085436 0.151535 1.845435
v -0.050240 0.180032 1.812309
v -0.050240 0.180006 1.778122
v -0.030907 0.151451 1.745031
v -0.033849 0.180006 1.778122
v -0.030907 0.151535 1.845435
v -0.033849 0.180032 1.812309
v 0.000827 0.151451 1.745031
v -0.024310 0.180006 1.778122
v 0.005164 0.151535 1.845435
v -0.023006 0.180032 1.812309
v 0.015209 0.151451 1.745031
v -0.019987 0.180006 1.778122
v 0.014439 0.151535 1.845435
v -0.020219 0.180032 1.812309
v -0.085436 0.116042 1.745030
v -0.085436 0.116126 1.845432
v -0.030906 0.116042 1.745030
v -0.030906 0.116126 1.845432
v 0.000827 0.116042 1.745030
v 0.005164 0.116126 1.845432
v 0.015210 0.116042 1.745030
v 0.014439 0.116126 1.845432
v -0.068377 0.100305 1.762047
v -0.068377 0.100360 1.828417
v -0.032332 0.100305 1.762047
v -0.032332 0.100360 1.828417
v -0.011356 0.100305 1.762047
v -0.008489 0.100360 1.828417
v -0.001849 0.100305 1.762047
v -0.002358 0.100360 1.828417
v -0.050240 0.200993 1.812293
v -0.050240 0.200966 1.778106
v -0.033849 0.200966 1.778106
v -0.033849 0.200993 1.812293
v -0.024310 0.200966 1.778106
v -0.023006 0.200993 1.812293
v -0.019987 0.200966 1.778106
v -0.020219 0.200993 1.812293
v -0.058354 0.200999 1.816472
v -0.058354 0.200960 1.771960
v -0.070462 0.265783 1.834321
v -0.070462 0.265724 1.757670
v -0.033849 0.200960 1.771960
v -0.033206 0.265724 1.757670
v -0.033849 0.200999 1.816472
v -0.033206 0.265783 1.834321
v -0.024310 0.200960 1.771960
v -0.018703 0.265724 1.757670
v -0.023006 0.200999 1.816472
v -0.016721 0.265783 1.834321
v -0.011818 0.200960 1.771960
v 0.000291 0.265724 1.757670
v -0.012159 0.200999 1.816472
v -0.000229 0.265783 1.834321
v -0.070462 0.292681 1.834300
v -0.070462 0.292621 1.757649
v -0.033206 0.292621 1.757649
v -0.033206 0.292681 1.834300
v -0.018703 0.292621 1.757649
v -0.016721 0.292681 1.834300
v 0.000290 0.292621 1.757649
v -0.000229 0.292681 1.834300
v -0.065395 0.313500 1.828796
v -0.065395 0.313449 1.763123
v -0.033474 0.313449 1.763123
v -0.033474 0.313500 1.828796
v -0.021050 0.313449 1.763123
v -0.019351 0.313500 1.828796
v -0.004778 0.313450 1.763123
v -0.005222 0.313500 1.828796
v -0.055423 0.322168 1.817983
v -0.055423 0.322135 1.773919
v -0.034005 0.322135 1.773919
v -0.034005 0.322168 1.817983
v -0.025667 0.322135 1.773919
v -0.024528 0.322168 1.817983
v -0.014749 0.322135 1.773919
v -0.015048 0.322168 1.817983
vn -0.6297 0.7769 -0.0006
vn -0.0000 0.7571 -0.6533
vn -0.0000 0.7581 0.6522
vn 0.6326 0.7745 0.0041
vn -1.0000 -0.0000 -0.0000
vn -0.0000 -0.0000 -1.0000
vn -0.0000 -0.0001 1.0000
vn 1.0000 -0.0000 0.0077
vn -0.6784 -0.7347 0.0006
vn -0.0000 -0.7342 -0.6790
vn -0.0000 -0.7335 0.6797
vn 0.6812 -0.7321 0.0058
vn -0.0000 -0.0008 -1.0000
vn -0.0000 0.0008 1.0000
vn 1.0000 -0.0000 0.0068
vn -0.0001 -1.0000 0.0008
vn -0.9830 -0.1837 0.0001
vn -0.0000 -1.0000 0.0010
vn -0.0000 -0.2155 -0.9765
vn -0.0000 -1.0000 0.0014
vn -0.0000 -0.2656 0.9641
vn 0.0001 -1.0000 0.0008
vn 0.9832 -0.1826 0.0071
vn -0.9716 0.2364 -0.0002
vn -0.0000 0.2542 -0.9672
vn -0.0000 0.2556 0.9668
vn 0.9720 0.2348 0.0064
vn -0.6564 0.7544 -0.0006
vn -0.0000 0.7791 -0.6269
vn -0.0000 0.7802 0.6255
vn -0.0000 1.0000 -0.0007
vn -0.0000 0.7791 -0.6268
vn 0.6592 0.7520 0.0039
vt 0.079810 0.910030
vt 0.042960 0.910030
s 0
usemtl mat1
f 3750/1690/2272 3751/1690/2272 3752/1690/2272 3753/1690/2272
f 3754/1690/2273 3750/1690/2273 3753/1690/2273 3755/1690/2273
f 3751/1690/2274 3756/1690/2274 3757/1690/2274 3752/1690/2274
f 3758/1690/2273 3754/1690/2273 3755/1690/2273 3759/1690/2273
f 3756/1690/2274 3760/1690/2274 3761/1690/2274 3757/1690/2274
f 3762/1690/2273 3758/1690/2273 3759/1690/2273 3763/1690/2273
f 3764/1690/2275 3762/1690/2275 3763/1690/2275 3765/1690/2275
f 3760/1690/2274 3764/1690/2274 3765/1690/2274 3761/1690/2274
f 3750/1690/2276 3766/1690/2276 3767/1690/2276 3751/1690/2276
f 3754/1690/2277 3768/1690/2277 3766/1690/2277 3750/1690/2277
f 3751/1690/2278 3767/1690/2278 3769/1690/2278 3756/1690/2278
f 3758/1690/2277 3770/1690/2277 3768/1690/2277 3754/1690/2277
f 3756/1690/2278 3769/1690/2278 3771/1690/2278 3760/1690/2278
f 3762/1690/2277 3772/1690/2277 3770/1690/2277 3758/1690/2277
f 3764/1690/2279 3773/1690/2279 3772/1690/2279 3762/1690/2279
f 3760/1690/2278 3771/1690/2278 3773/1690/2278 3764/1690/2278
f 3766/1690/2280 3774/1690/2280 3775/1690/2280 3767/1690/2280
f 3768/1690/2281 3776/1690/2281 3774/1690/2281 3766/1690/2281
f 3767/1690/2282 3775/1690/2282 3777/1690/2282 3769/1690/2282
f 3770/1690/2281 3778/1690/2281 3776/1690/2281 3768/1690/2281
f 3769/1690/2282 3777/1690/2282 3779/1690/2282 3771/1690/2282
f 3772/1690/2281 3780/1690/2281 3778/1690/2281 3770/1690/2281
f 3773/1690/2283 3781/1690/2283 3780/1690/2283 3772/1690/2283
f 3771/1690/2282 3779/1690/2282 3781/1690/2282 3773/1690/2282
f 3753/1690/2276 3752/1690/2276 3782/1690/2276 3783/1690/2276
f 3755/1690/2284 3753/1690/2284 3783/1690/2284 3784/1690/2284
f 3752/1690/2285 3757/1690/2285 3785/1690/2285 3782/1690/2285
f 3759/1690/2284 3755/1690/2284 3784/1690/2284 3786/1690/2284
f 3757/1690/2285 3761/1690/2285 3787/1690/2285 3785/1690/2285
f 3763/1690/2284 3759/1690/2284 3786/1690/2284 3788/1690/2284
f 3765/1690/2286 3763/1690/2286 3788/1690/2286 3789/1690/2286
f 3761/1690/2285 3765/1690/2285 3789/1690/2285 3787/1690/2285
f 3783/1690/2287 3782/1690/2287 3790/1690/2287 3791/1690/2287
f 3791/1690/2288 3790/1690/2288 3792/1690/2288 3793/1690/2288
f 3784/1690/2289 3783/1690/2289 3791/1690/2289 3794/1690/2289
f 3794/1690/2290 3791/1690/2290 3793/1690/2290 3795/1690/2290
f 3782/1690/2291 3785/1690/2291 3796/1690/2291 3790/1690/2291
f 3790/1690/2292 3796/1690/2292 3797/1690/2292 3792/1690/2292
f 3786/1690/2289 3784/1690/2289 3794/1690/2289 3798/1690/2289
f 3798/1690/2290 3794/1690/2290 3795/1690/2290 3799/1690/2290
f 3785/1690/2291 3787/1690/2291 3800/1690/2291 3796/1690/2291
f 3796/1690/2292 3800/1690/2292 3801/1690/2292 3797/1690/2292
f 3788/1690/2289 3786/1690/2289 3798/1690/2289 3802/1690/2289
f 3802/1690/2290 3798/1690/2290 3799/1690/2290 3803/1690/2290
f 3789/1690/2293 3788/1690/2293 3802/1690/2293 3804/1690/2293
f 3804/1690/2294 3802/1690/2294 3803/1690/2294 3805/1690/2294
f 3787/1690/2291 3789/1690/2291 3804/1690/2291 3800/1690/2291
f 3800/1690/2292 3804/1690/2292 3805/1690/2292 3801/1690/2292
f 3793/1690/2276 3792/1690/2276 3806/1690/2276 3807/1690/2276
f 3795/1690/2284 3793/1690/2284 3807/1690/2284 3808/1690/2284
f 3792/1690/2285 3797/1690/2285 3809/1690/2285 3806/1690/2285
f 3799/1690/2284 3795/1690/2284 3808/1690/2284 3810/1690/2284
f 3797/1690/2285 3801/1690/2285 3811/1690/2285 3809/1690/2285
f 3803/1690/2284 3799/1690/2284 3810/1690/2284 3812/1690/2284
f 3805/1690/2286 3803/1690/2286 3812/1690/2286 3813/1690/2286
f 3801/1690/2285 3805/1690/2285 3813/1690/2285 3811/1690/2285
f 3807/1690/2295 3806/1690/2295 3814/1690/2295 3815/1690/2295
f 3808/1690/2296 3807/1690/2296 3815/1690/2296 3816/1690/2296
f 3806/1690/2297 3809/1690/2297 3817/1690/2297 3814/1690/2297
f 3810/1690/2296 3808/1690/2296 3816/1690/2296 3818/1690/2296
f 3809/1690/2297 3811/1690/2297 3819/1690/2297 3817/1690/2297
f 3812/1690/2296 3810/1690/2296 3818/1690/2296 3820/1690/2296
f 3813/1690/2298 3812/1690/2298 3820/1690/2298 3821/1690/2298
f 3811/1690/2297 3813/1690/2297 3821/1690/2297 3819/1690/2297
f 3815/1691/2299 3814/1691/2299 3822/1691/2299 3823/1691/2299
f 3816/1691/2300 3815/1691/2300 3823/1691/2300 3824/1691/2300
f 3814/1691/2301 3817/1691/2301 3825/1691/2301 3822/1691/2301
f 3825/1691/2302 3824/1691/2302 3823/1691/2302 3822/1691/2302
f 3818/1691/2300 3816/1691/2300 3824/1691/2300 3826/1691/2300
f 3817/1691/2301 3819/1691/2301 3827/1691/2301 3825/1691/2301
f 3827/1691/2302 3826/1691/2302 3824/1691/2302 3825/1691/2302
f 3820/1691/2303 3818/1691/2303 3826/1691/2303 3828/1691/2303
f 3821/1691/2304 3820/1691/2304 3828/1691/2304 3829/1691/2304
f 3819/1691/2301 3821/1691/2301 3829/1691/2301 3827/1691/2301
f 3829/1691/2302 3828/1691/2302 3826/1691/2302 3827/1691/2302
o spoiler
v 0.834812 0.898808 -0.842458
v 0.753923 0.947325 -0.882178
v 0.744627 0.955130 -0.972674
v 0.818854 0.903985 -1.007566
v 0.737877 0.962666 -1.056177
v 0.000814 0.964631 -1.108698
v 0.436676 0.952710 -1.088244
v 0.440262 0.983547 -1.097243
v 0.000813 0.997459 -1.118363
v 0.436622 0.976186 -1.018955
v 0.000813 0.987948 -1.042532
v 0.431486 0.953634 -0.929512
v 0.000813 0.965098 -0.951785
v 0.432407 0.939336 -0.931901
v 0.000813 0.950493 -0.952543
v 0.727502 0.933087 -1.045868
v 0.746999 0.934196 -0.886326
v 0.748607 0.918801 -0.887761
v 0.766181 0.907463 -1.023565
v 0.781992 0.902355 -0.867523
v 0.425895 0.948310 -0.953011
v 0.500727 0.949171 -0.947863
v 0.490612 0.899507 -0.910026
v 0.431817 0.902561 -0.916379
v 0.432671 0.897497 -1.054260
v 0.489330 0.894443 -1.047905
v 0.499674 0.951290 -1.074212
v 0.425042 0.954368 -1.082316
v -0.817228 0.903984 -1.007566
v -0.736250 0.962666 -1.056178
v -0.743000 0.955130 -0.972674
v -0.833185 0.898808 -0.842458
v -0.752297 0.947325 -0.882178
v -0.435048 0.952710 -1.088244
v -0.438634 0.983547 -1.097243
v -0.434994 0.976186 -1.018955
v -0.429859 0.953634 -0.929512
v -0.430778 0.939336 -0.931901
v -0.725875 0.933087 -1.045867
v -0.745373 0.934195 -0.886325
v -0.746980 0.918801 -0.887760
v -0.764554 0.907463 -1.023564
v -0.780366 0.902355 -0.867522
v -0.424268 0.948310 -0.953011
v -0.499099 0.949171 -0.947863
v -0.488984 0.899507 -0.910026
v -0.430189 0.902561 -0.916379
v -0.431043 0.897497 -1.054259
v -0.487701 0.894443 -1.047904
v -0.498046 0.951290 -1.074212
v -0.423414 0.954368 -1.082316
vn 0.5758 0.8171 0.0272
vn -0.8934 0.4304 0.1289
vn -0.3300 -0.1217 0.9361
vn -0.0547 -0.9982 -0.0260
vn -0.5516 -0.8341 -0.0017
vn -0.5758 0.8171 0.0272
vn 0.8934 0.4304 0.1289
vn 0.3299 -0.1217 0.9361
vn 0.5407 0.8411 -0.0107
vn 0.0372 -0.2831 -0.9584
vn 0.0236 0.9937 0.1093
vn 0.0130 0.9695 0.2447
vn -0.0523 -0.1097 0.9926
vn 0.1107 -0.3257 -0.9390
vn 0.0558 0.9943 0.0905
vn -0.1442 -0.1385 0.9798
vn 0.2443 -0.3973 -0.8846
vn -0.4656 -0.0022 0.8850
vn -0.0575 0.6158 0.7858
vn -0.2218 -0.9751 -0.0094
vn -0.0538 -0.9950 -0.0846
vn -0.0223 -0.9959 -0.0880
vn 0.0788 -0.4315 -0.8987
vn -0.9914 -0.1312 -0.0005
vn 0.0285 0.9702 0.2405
vn -0.5408 0.8411 -0.0107
vn -0.0372 -0.2831 -0.9584
vn -0.0236 0.9937 0.1093
vn -0.0130 0.9695 0.2447
vn 0.0523 -0.1097 0.9926
vn -0.1107 -0.3257 -0.9390
vn 0.1442 -0.1385 0.9798
vn -0.2443 -0.3974 -0.8846
vn 0.4656 -0.0022 0.8850
vn 0.0562 -0.9981 -0.0264
vn 0.0538 -0.9950 -0.0846
vn 0.0223 -0.9959 -0.0880
vn 0.5069 -0.8620 0.0064
vn -0.0285 0.9702 0.2405
vn 0.9813 -0.1924 -0.0065
vn -0.0558 0.9943 0.0905
vn 0.0575 0.6158 0.7858
vn -0.0788 -0.4315 -0.8987
vn 0.9914 -0.1312 -0.0005
vn -0.9813 -0.1924 -0.0065
vt 0.806750 0.245150
vt 0.809920 0.238410
vt 0.814330 0.245760
vt 0.798910 0.244930
vt 0.798530 0.244300
vt 0.799040 0.244790
vt 0.794920 0.236960
vt 0.797200 0.241750
vt 0.813400 0.246700
vt 0.811370 0.243190
vt 0.806750 0.380270
vt 0.814330 0.379660
vt 0.809920 0.387010
vt 0.798910 0.380490
vt 0.798530 0.381110
vt 0.799040 0.380630
vt 0.817250 0.273120
vt 0.819110 0.312710
vt 0.819980 0.312710
vt 0.818060 0.272790
vt 0.813100 0.312710
vt 0.810950 0.273120
vt 0.804850 0.312710
vt 0.802830 0.273590
vt 0.804920 0.312710
vt 0.803050 0.273510
vt 0.804500 0.267300
vt 0.804960 0.274100
vt 0.801640 0.273560
vt 0.801060 0.268220
vt 0.813580 0.268340
vt 0.814160 0.273480
vt 0.816710 0.274180
vt 0.815970 0.267400
vt 0.794920 0.388460
vt 0.817250 0.352300
vt 0.818060 0.352620
vt 0.810950 0.352290
vt 0.802830 0.351830
vt 0.803050 0.351910
vt 0.813400 0.378710
vt 0.811370 0.382230
vt 0.797200 0.383660
vt 0.801640 0.351860
vt 0.804960 0.351320
vt 0.804500 0.358120
vt 0.801060 0.357200
vt 0.816710 0.351240
vt 0.814160 0.351930
vt 0.813580 0.357080
vt 0.815970 0.358020
s 0
usemtl mat1
f 3832/1692/2305 3833/1693/2305 3834/1694/2305
f 3846/1695/2306 3831/1696/2306 3832/1692/2306
f 3847/1697/2307 3831/1696/2307 3846/1695/2307
f 3833/1693/2308 3830/1698/2308 3849/1699/2308
f 3847/1697/2309 3845/1700/2309 3848/1701/2309
f 3860/1702/2310 3859/1703/2310 3858/1704/2310
f 3869/1705/2311 3860/1702/2311 3862/1706/2311
f 3869/1705/2312 3862/1706/2312 3870/1707/2312
f 3831/1696/2313 3830/1698/2313 3833/1693/2313 3832/1692/2313
f 3836/1708/2314 3835/1709/2314 3838/1710/2314 3837/1711/2314
f 3837/1711/2315 3838/1710/2315 3840/1712/2315 3839/1713/2315
f 3839/1713/2316 3840/1712/2316 3842/1714/2316 3841/1715/2316
f 3841/1715/2317 3842/1714/2317 3844/1716/2317 3843/1717/2317
f 3845/1700/2318 3836/1708/2318 3837/1711/2318 3834/1694/2318
f 3834/1694/2319 3837/1711/2319 3839/1713/2319 3832/1692/2319
f 3846/1695/2320 3841/1715/2320 3843/1717/2320 3847/1697/2320
f 3848/1701/2321 3845/1700/2321 3834/1694/2321 3833/1693/2321
f 3830/1698/2322 3831/1696/2322 3847/1697/2322 3849/1699/2322
f 3851/1718/2323 3850/1719/2323 3853/1720/2323 3852/1721/2323
f 3833/1693/2324 3849/1699/2324 3847/1697/2324 3848/1701/2324
f 3847/1697/2325 3843/1717/2325 3836/1708/2325 3845/1700/2325
f 3835/1709/2326 3836/1708/2326 3843/1717/2326 3844/1716/2326
f 3855/1722/2327 3854/1723/2327 3857/1724/2327 3856/1725/2327
f 3854/1723/2328 3853/1720/2328 3850/1719/2328 3857/1724/2328
f 3841/1715/2329 3846/1695/2329 3832/1692/2329 3839/1713/2329
f 3858/1704/2330 3861/1726/2330 3862/1706/2330 3860/1702/2330
f 3835/1709/2331 3863/1727/2331 3864/1728/2331 3838/1710/2331
f 3838/1710/2332 3864/1728/2332 3865/1729/2332 3840/1712/2332
f 3840/1712/2333 3865/1729/2333 3866/1730/2333 3842/1714/2333
f 3842/1714/2334 3866/1730/2334 3867/1731/2334 3844/1716/2334
f 3863/1727/2335 3868/1732/2335 3859/1703/2335 3864/1728/2335
f 3870/1707/2336 3867/1731/2336 3866/1730/2336 3869/1705/2336
f 3859/1703/2337 3868/1732/2337 3871/1733/2337 3858/1704/2337
f 3870/1707/2338 3862/1706/2338 3861/1726/2338 3872/1734/2338
f 3858/1704/2339 3871/1733/2339 3872/1734/2339 3861/1726/2339
f 3867/1731/2340 3870/1707/2340 3868/1732/2340 3863/1727/2340
f 3863/1727/2341 3835/1709/2341 3844/1716/2341 3867/1731/2341
f 3870/1707/2342 3872/1734/2342 3871/1733/2342 3868/1732/2342
f 3869/1705/2343 3866/1730/2343 3865/1729/2343 3860/1702/2343
f 3852/1721/2344 3855/1722/2344 3856/1725/2344 3851/1718/2344
f 3864/1728/2345 3859/1703/2345 3860/1702/2345 3865/1729/2345
f 3876/1735/2346 3873/1736/2346 3874/1737/2346 3875/1738/2346
f 3880/1739/2347 3877/1740/2347 3878/1741/2347 3879/1742/2347
f 3873/1736/2348 3876/1735/2348 3877/1740/2348 3880/1739/2348
f 3879/1742/2349 3878/1741/2349 3875/1738/2349 3874/1737/2349
o steeringwheel
v 0.782757 0.584971 1.773554
v 0.735498 0.451759 1.724761
v 0.739402 0.454143 1.710206
v 0.787583 0.589953 1.759944
v 0.749470 0.450475 1.699471
v 0.800029 0.592986 1.751665
v 0.761789 0.442278 1.696466
v 0.815254 0.592986 1.751665
v 0.771859 0.432545 1.702297
v 0.827699 0.589953 1.759944
v 0.775762 0.424964 1.714946
v 0.832526 0.584971 1.773554
v 0.771859 0.422580 1.729504
v 0.827699 0.579988 1.787158
v 0.761790 0.426243 1.740222
v 0.815255 0.576956 1.795440
v 0.749555 0.434613 1.743321
v 0.800029 0.576956 1.795440
v 0.739357 0.444209 1.737330
v 0.787583 0.579988 1.787158
v 0.611770 0.369428 1.694604
v 0.613263 0.370206 1.679463
v 0.617105 0.362400 1.667213
v 0.621813 0.349135 1.662356
v 0.625661 0.335262 1.666662
v 0.627150 0.326075 1.678729
v 0.625661 0.325299 1.693868
v 0.621830 0.333071 1.706071
v 0.618169 0.343922 1.709106
v 0.613250 0.360321 1.706568
v 0.458836 0.369428 1.694604
v 0.457344 0.370206 1.679463
v 0.453499 0.362400 1.667213
v 0.448794 0.349135 1.662356
v 0.444948 0.335262 1.666662
v 0.443456 0.326075 1.678729
v 0.444948 0.325298 1.693868
v 0.448797 0.333100 1.706112
v 0.453320 0.346458 1.711033
v 0.457381 0.360296 1.706597
v 0.335107 0.451759 1.724761
v 0.331204 0.454143 1.710204
v 0.321135 0.450475 1.699471
v 0.308816 0.442278 1.696466
v 0.298747 0.432545 1.702297
v 0.294843 0.424964 1.714946
v 0.298747 0.422580 1.729504
v 0.308816 0.426247 1.740232
v 0.321135 0.434445 1.743237
v 0.331204 0.444177 1.737409
v 0.287848 0.584971 1.773554
v 0.283024 0.589953 1.759944
v 0.270578 0.592986 1.751665
v 0.255349 0.592986 1.751665
v 0.242904 0.589953 1.759944
v 0.238079 0.584971 1.773554
v 0.242904 0.579988 1.787158
v 0.255349 0.576956 1.795440
v 0.270578 0.576956 1.795440
v 0.283024 0.579988 1.787158
v 0.335107 0.718181 1.822347
v 0.331204 0.725763 1.809693
v 0.321135 0.735495 1.803866
v 0.308816 0.743693 1.806865
v 0.298747 0.747360 1.817603
v 0.294843 0.744975 1.832158
v 0.298747 0.737394 1.844811
v 0.308816 0.727662 1.850636
v 0.321135 0.719465 1.847635
v 0.331204 0.715799 1.836896
v 0.458836 0.800510 1.852499
v 0.457344 0.809696 1.840432
v 0.453498 0.823570 1.836126
v 0.448794 0.836835 1.840981
v 0.444947 0.844642 1.853232
v 0.443456 0.843863 1.868379
v 0.444947 0.834676 1.880443
v 0.448794 0.820803 1.884750
v 0.453498 0.807539 1.879894
v 0.457344 0.799731 1.867643
v 0.611770 0.800510 1.852499
v 0.613263 0.809696 1.840432
v 0.617106 0.823570 1.836126
v 0.621813 0.836835 1.840981
v 0.625661 0.844642 1.853232
v 0.627150 0.843863 1.868379
v 0.625661 0.834676 1.880444
v 0.621813 0.820803 1.884750
v 0.617105 0.807539 1.879894
v 0.613263 0.799731 1.867643
v 0.735497 0.718181 1.822347
v 0.739402 0.725763 1.809693
v 0.749470 0.735495 1.803866
v 0.761789 0.743693 1.806865
v 0.771859 0.747358 1.817602
v 0.775762 0.744975 1.832158
v 0.771859 0.737394 1.844811
v 0.761789 0.727662 1.850636
v 0.749470 0.719465 1.847635
v 0.739402 0.715799 1.836896
v 0.459868 0.625420 1.909390
v 0.459867 0.467238 1.854125
v 0.610882 0.625459 1.909411
v 0.610884 0.467276 1.854141
v 0.535375 0.648856 1.917585
v 0.535375 0.443839 1.845955
v 0.424515 0.546323 1.881765
v 0.646237 0.546373 1.881777
v 0.535375 0.546348 1.881769
v 0.612405 0.658646 1.819550
v 0.648472 0.577966 1.791357
v 0.535376 0.682515 1.827889
v 0.612407 0.497273 1.763164
v 0.458347 0.658606 1.819531
v 0.535375 0.473363 1.754810
v 0.422279 0.577915 1.791341
v 0.458344 0.497234 1.763152
v 0.460275 0.664033 1.797669
v 0.460271 0.506603 1.742667
v 0.610478 0.664073 1.797686
v 0.610479 0.506642 1.742678
v 0.535377 0.687345 1.805821
v 0.535374 0.483327 1.734537
v 0.425088 0.585315 1.770161
v 0.645662 0.585366 1.770178
v 0.478340 0.649871 1.777361
v 0.478337 0.530338 1.735601
v 0.592413 0.649901 1.777369
v 0.592414 0.530368 1.735612
v 0.535376 0.667593 1.783571
v 0.535375 0.512638 1.729432
v 0.535375 0.590117 1.756497
v 0.451603 0.590097 1.756494
v 0.619148 0.590135 1.756506
v 0.610121 0.656331 1.818655
v 0.645141 0.577991 1.791284
v 0.535377 0.679490 1.826754
v 0.610122 0.499640 1.763906
v 0.460631 0.656292 1.818638
v 0.535374 0.476438 1.755807
v 0.425610 0.577941 1.791268
v 0.460628 0.499601 1.763894
v 0.497105 0.630211 1.770660
v 0.497103 0.550006 1.742638
v 0.573647 0.630231 1.770665
v 0.573648 0.550025 1.742646
v 0.535376 0.642102 1.774826
v 0.535375 0.538130 1.738499
v 0.479165 0.590103 1.756657
v 0.591586 0.590128 1.756666
v 0.506141 0.622559 1.762159
v 0.506140 0.561291 1.740754
v 0.564610 0.622575 1.762163
v 0.564611 0.561307 1.740759
v 0.535376 0.631643 1.765342
v 0.535375 0.552220 1.737591
v 0.535375 0.591933 1.751463
v 0.492437 0.591922 1.751462
v 0.578314 0.591941 1.751469
v 0.621652 0.519181 1.792957
v 0.621651 0.623237 1.829316
v 0.622931 0.511706 1.830030
v 0.622930 0.605998 1.862976
v 0.632852 0.545196 1.802047
v 0.633072 0.535281 1.838267
v 0.632852 0.597224 1.820226
v 0.633071 0.582426 1.854740
v 0.778810 0.548057 1.749250
v 0.778809 0.628390 1.777320
v 0.779841 0.542261 1.777996
v 0.779841 0.615023 1.803420
v 0.787848 0.568230 1.756298
v 0.788025 0.560541 1.784382
v 0.787848 0.608220 1.770271
v 0.788024 0.596745 1.797033
v 0.449347 0.519181 1.792957
v 0.449348 0.623237 1.829316
v 0.448069 0.511706 1.830030
v 0.448070 0.605998 1.862976
v 0.438147 0.545196 1.802047
v 0.437928 0.535281 1.838267
v 0.438147 0.597224 1.820226
v 0.437928 0.582426 1.854740
v 0.292190 0.548057 1.749250
v 0.292190 0.628390 1.777320
v 0.291158 0.542261 1.777996
v 0.291159 0.615023 1.803420
v 0.283152 0.568230 1.756298
v 0.282975 0.560541 1.784382
v 0.283152 0.608220 1.770271
v 0.282975 0.596745 1.797033
v 0.480343 0.488693 1.781391
v 0.590530 0.489727 1.778664
v 0.486505 0.474262 1.815823
v 0.586352 0.475199 1.813352
v 0.507891 0.478479 1.776735
v 0.511469 0.465015 1.811608
v 0.562985 0.478996 1.775372
v 0.561392 0.465483 1.810372
v 0.491841 0.359880 1.677859
v 0.576906 0.360678 1.675754
v 0.496619 0.348653 1.704544
v 0.573667 0.349376 1.702638
v 0.513202 0.351629 1.674124
v 0.515976 0.341182 1.701162
v 0.555548 0.352027 1.673076
v 0.554313 0.341542 1.700213
v 0.497674 0.628691 1.763613
v 0.573078 0.628709 1.763619
v 0.573079 0.555393 1.738006
v 0.497672 0.555373 1.737999
vn -0.9046 0.3866 -0.1793
vn -0.5677 0.4531 -0.6873
vn -0.0001 0.3439 -0.9390
vn 0.5677 0.0979 -0.8174
vn 0.9047 -0.1793 -0.3866
vn 0.9046 -0.3866 0.1793
vn 0.5675 -0.4532 0.6875
vn 0.0010 -0.3442 0.9389
vn -0.5690 -0.0974 0.8166
vn -0.9048 0.1796 0.3862
vn -0.5520 0.8338 -0.0115
vn -0.3491 0.7368 -0.5791
vn -0.0000 0.3439 -0.9390
vn 0.3491 -0.1884 -0.9180
vn 0.5520 -0.6291 -0.5472
vn 0.5520 -0.8338 0.0115
vn 0.3490 -0.7367 0.5792
vn -0.0217 -0.3202 0.9471
vn -0.3199 0.1222 0.9395
vn -0.5520 0.6291 0.5473
vn -0.0000 0.9987 0.0513
vn -0.0000 0.8433 -0.5374
vn -0.0000 0.3438 -0.9390
vn -0.0000 -0.2964 -0.9551
vn -0.0000 -0.7957 -0.6058
vn -0.0000 -0.9987 -0.0512
vn -0.0000 -0.8434 0.5373
vn 0.0032 -0.3123 0.9500
vn 0.0077 0.2249 0.9743
vn -0.0000 0.7957 0.6058
vn 0.5520 0.8338 -0.0115
vn 0.3491 0.7367 -0.5791
vn -0.3491 -0.1884 -0.9180
vn -0.5520 -0.6291 -0.5473
vn -0.5520 -0.8338 0.0115
vn -0.3490 -0.7367 0.5792
vn -0.0006 -0.3447 0.9387
vn 0.3499 0.1897 0.9174
vn 0.5520 0.6294 0.5469
vn 0.9047 0.3866 -0.1792
vn 0.5676 0.4531 -0.6874
vn 0.0001 0.3439 -0.9390
vn -0.5678 0.0979 -0.8173
vn -0.9047 -0.1794 -0.3865
vn -0.9047 -0.3866 0.1793
vn -0.5676 -0.4532 0.6874
vn -0.0001 -0.3440 0.9390
vn 0.5678 -0.0980 0.8173
vn 0.9047 0.1793 0.3866
vn 0.9047 -0.1794 -0.3864
vn 0.5677 0.0980 -0.8174
vn -0.5678 0.4532 -0.6872
vn -0.9047 0.3866 -0.1793
vn -0.9047 0.1794 0.3866
vn -0.5677 -0.0980 0.8174
vn -0.0000 -0.3439 0.9390
vn 0.5678 -0.4531 0.6872
vn 0.9047 -0.3866 0.1793
vn 0.5520 -0.6292 -0.5472
vn 0.3490 -0.1883 -0.9180
vn 0.0001 0.3437 -0.9391
vn -0.5520 0.8338 -0.0114
vn -0.3490 0.1883 0.9180
vn -0.0001 -0.3438 0.9390
vn 0.3491 -0.7368 0.5790
vn -0.0000 -0.7957 -0.6057
vn -0.0000 0.3437 -0.9391
vn -0.0000 0.9987 0.0514
vn -0.0000 0.7956 0.6058
vn -0.0000 0.2965 0.9550
vn -0.0000 -0.3438 0.9390
vn -0.0000 -0.8433 0.5375
vn -0.0000 -0.9987 -0.0514
vn -0.0001 0.3437 -0.9391
vn 0.3491 0.7368 -0.5790
vn 0.5520 0.8338 -0.0114
vn 0.5520 0.6292 0.5472
vn 0.3490 0.1882 0.9180
vn 0.0001 -0.3438 0.9390
vn -0.3491 -0.7368 0.5790
vn -0.5520 -0.8338 0.0116
vn -0.5677 0.0980 -0.8174
vn 0.5677 0.4531 -0.6873
vn 0.9046 0.3866 -0.1793
vn 0.9046 0.1793 0.3866
vn 0.5677 -0.0980 0.8174
vn -0.5678 -0.4531 0.6872
vn -0.9046 -0.3866 0.1794
vn -0.0001 -0.3298 0.9440
vn -0.0000 -0.3299 0.9440
vn -0.0000 -0.3297 0.9441
vn -0.0000 -0.3298 0.9440
vn 0.9211 0.3599 0.1485
vn 0.3118 0.8896 0.3338
vn 0.9211 -0.3740 -0.1079
vn -0.3123 0.8894 0.3338
vn 0.3123 -0.9038 -0.2928
vn -0.9211 0.3598 0.1485
vn -0.3118 -0.9039 -0.2928
vn -0.9211 -0.3740 -0.1079
vn -0.4698 0.0965 -0.8775
vn -0.1578 -0.1695 -0.9728
vn 0.0001 0.3299 -0.9440
vn -0.1581 0.7384 -0.6555
vn -0.4699 0.4709 -0.7466
vn 0.0001 0.3297 -0.9441
vn 0.4699 0.4709 -0.7466
vn 0.1578 0.7385 -0.6555
vn -0.0001 0.3297 -0.9441
vn 0.1580 -0.1694 -0.9728
vn 0.4699 0.0965 -0.8774
vn -0.0001 0.3299 -0.9440
vn 0.0238 0.3392 -0.9404
vn 0.0078 0.3524 -0.9358
vn 0.0236 0.3203 -0.9470
vn -0.0077 0.3522 -0.9359
vn -0.3123 0.8894 0.3337
vn 0.0078 0.3073 -0.9516
vn -0.0236 0.3391 -0.9405
vn -0.0078 0.3073 -0.9516
vn -0.0237 0.3203 -0.9470
vn -0.3781 0.1502 -0.9135
vn -0.1269 -0.0637 -0.9899
vn -0.1270 0.6663 -0.7348
vn -0.3782 0.4514 -0.8082
vn 0.0001 0.3298 -0.9441
vn 0.3781 0.4513 -0.8083
vn 0.1268 0.6663 -0.7348
vn -0.0001 0.3298 -0.9441
vn 0.1271 -0.0638 -0.9898
vn 0.3782 0.1502 -0.9135
vn -0.3141 0.4329 -0.8450
vn 0.1229 -0.9720 -0.2003
vn 0.3584 -0.4439 0.8213
vn -0.0651 0.9624 0.2639
vn 0.9208 -0.3745 -0.1084
vn -0.3137 0.1878 -0.9308
vn -0.0616 -0.9175 -0.3930
vn 0.3579 -0.1645 0.9192
vn 0.1195 0.8856 0.4489
vn 0.9208 0.3606 0.1484
vn 0.3141 0.4329 -0.8450
vn -0.1229 -0.9720 -0.2003
vn -0.3584 -0.4438 0.8213
vn 0.0651 0.9624 0.2639
vn -0.9209 -0.3745 -0.1085
vn 0.3137 0.1878 -0.9308
vn 0.0616 -0.9175 -0.3930
vn -0.3579 -0.1644 0.9192
vn -0.1195 0.8856 0.4489
vn -0.9208 0.3606 0.1484
vn 0.1050 0.6284 -0.7708
vn -0.9798 -0.1708 0.1037
vn -0.1237 -0.6633 0.7381
vn 0.9934 0.0945 -0.0654
vn -0.3887 -0.8721 -0.2972
vn -0.1546 0.6256 -0.7647
vn -0.9972 0.0724 -0.0174
vn 0.1723 -0.6602 0.7311
vn 0.9872 -0.1491 0.0564
vn 0.3898 -0.8648 -0.3165
vn -0.0000 0.3298 -0.9440
vt 0.469390 0.863100
vt 0.469440 0.863100
vt 0.469440 0.863150
vt 0.469390 0.863150
vt 0.469390 0.863040
vt 0.469440 0.863040
vt 0.469390 0.862990
vt 0.469440 0.862990
vt 0.469390 0.862940
vt 0.469440 0.862940
vt 0.469390 0.862890
vt 0.469440 0.862890
vt 0.469390 0.862840
vt 0.469440 0.862840
vt 0.469390 0.862780
vt 0.469440 0.862780
vt 0.469390 0.862730
vt 0.469440 0.862730
vt 0.469390 0.862680
vt 0.469440 0.862680
vt 0.469390 0.862630
vt 0.469440 0.862630
vt 0.469490 0.863100
vt 0.469490 0.863150
vt 0.469490 0.863040
vt 0.469490 0.862990
vt 0.469490 0.862940
vt 0.469490 0.862890
vt 0.469490 0.862840
vt 0.469490 0.862780
vt 0.469490 0.862730
vt 0.469490 0.862680
vt 0.469490 0.862630
vt 0.469540 0.863100
vt 0.469540 0.863150
vt 0.469540 0.863040
vt 0.469540 0.862990
vt 0.469540 0.862940
vt 0.469540 0.862890
vt 0.469540 0.862840
vt 0.469540 0.862780
vt 0.469540 0.862730
vt 0.469540 0.862680
vt 0.469540 0.862630
vt 0.469600 0.863100
vt 0.469600 0.863150
vt 0.469600 0.863040
vt 0.469600 0.862990
vt 0.469600 0.862940
vt 0.469600 0.862890
vt 0.469600 0.862840
vt 0.469600 0.862780
vt 0.469600 0.862730
vt 0.469600 0.862680
vt 0.469600 0.862630
vt 0.469650 0.863100
vt 0.469650 0.863150
vt 0.469650 0.863040
vt 0.469650 0.862990
vt 0.469650 0.862940
vt 0.469650 0.862890
vt 0.469650 0.862840
vt 0.469650 0.862780
vt 0.469650 0.862730
vt 0.469650 0.862680
vt 0.469650 0.862630
vt 0.469700 0.863100
vt 0.469700 0.863150
vt 0.469700 0.863040
vt 0.469700 0.862990
vt 0.469700 0.862940
vt 0.469700 0.862890
vt 0.469700 0.862840
vt 0.469700 0.862780
vt 0.469700 0.862730
vt 0.469700 0.862680
vt 0.469700 0.862630
vt 0.469750 0.863100
vt 0.469750 0.863150
vt 0.469750 0.863040
vt 0.469750 0.862990
vt 0.469750 0.862940
vt 0.469750 0.862890
vt 0.469750 0.862840
vt 0.469750 0.862780
vt 0.469750 0.862730
vt 0.469750 0.862680
vt 0.469750 0.862630
vt 0.469800 0.863100
vt 0.469800 0.863150
vt 0.469800 0.863040
vt 0.469800 0.862990
vt 0.469800 0.862940
vt 0.469800 0.862890
vt 0.469800 0.862840
vt 0.469800 0.862780
vt 0.469800 0.862730
vt 0.469800 0.862680
vt 0.469800 0.862630
vt 0.469860 0.863100
vt 0.469860 0.863150
vt 0.469860 0.863040
vt 0.469860 0.862990
vt 0.469860 0.862940
vt 0.469860 0.862890
vt 0.469860 0.862840
vt 0.469860 0.862780
vt 0.469860 0.862730
vt 0.469860 0.862680
vt 0.469860 0.862630
vt 0.469910 0.863100
vt 0.469910 0.863150
vt 0.469910 0.863040
vt 0.469910 0.862990
vt 0.469910 0.862940
vt 0.469910 0.862890
vt 0.469910 0.862840
vt 0.469910 0.862780
vt 0.469910 0.862730
vt 0.469910 0.862680
vt 0.469910 0.862630
vt 0.377410 0.854740
vt 0.347820 0.850430
vt 0.460490 0.866020
vt 0.240540 0.841800
vt 0.996620 0.969790
vt 0.930400 0.969800
vt 0.930400 0.905700
vt 0.996620 0.905690
s 0
usemtl mat1
f 3884/1743/2350 3883/1744/2350 3882/1745/2350 3881/1746/2350
f 3886/1747/2351 3885/1748/2351 3883/1744/2351 3884/1743/2351
f 3888/1749/2352 3887/1750/2352 3885/1748/2352 3886/1747/2352
f 3890/1751/2353 3889/1752/2353 3887/1750/2353 3888/1749/2353
f 3892/1753/2354 3891/1754/2354 3889/1752/2354 3890/1751/2354
f 3894/1755/2355 3893/1756/2355 3891/1754/2355 3892/1753/2355
f 3896/1757/2356 3895/1758/2356 3893/1756/2356 3894/1755/2356
f 3898/1759/2357 3897/1760/2357 3895/1758/2357 3896/1757/2357
f 3900/1761/2358 3899/1762/2358 3897/1760/2358 3898/1759/2358
f 3881/1763/2359 3882/1764/2359 3899/1762/2359 3900/1761/2359
f 3883/1744/2360 3902/1765/2360 3901/1766/2360 3882/1745/2360
f 3885/1748/2361 3903/1767/2361 3902/1765/2361 3883/1744/2361
f 3887/1750/2362 3904/1768/2362 3903/1767/2362 3885/1748/2362
f 3889/1752/2363 3905/1769/2363 3904/1768/2363 3887/1750/2363
f 3891/1754/2364 3906/1770/2364 3905/1769/2364 3889/1752/2364
f 3893/1756/2365 3907/1771/2365 3906/1770/2365 3891/1754/2365
f 3895/1758/2366 3908/1772/2366 3907/1771/2366 3893/1756/2366
f 3897/1760/2367 3909/1773/2367 3908/1772/2367 3895/1758/2367
f 3899/1762/2368 3910/1774/2368 3909/1773/2368 3897/1760/2368
f 3882/1764/2369 3901/1775/2369 3910/1774/2369 3899/1762/2369
f 3902/1765/2370 3912/1776/2370 3911/1777/2370 3901/1766/2370
f 3903/1767/2371 3913/1778/2371 3912/1776/2371 3902/1765/2371
f 3904/1768/2372 3914/1779/2372 3913/1778/2372 3903/1767/2372
f 3905/1769/2373 3915/1780/2373 3914/1779/2373 3904/1768/2373
f 3906/1770/2374 3916/1781/2374 3915/1780/2374 3905/1769/2374
f 3907/1771/2375 3917/1782/2375 3916/1781/2375 3906/1770/2375
f 3908/1772/2376 3918/1783/2376 3917/1782/2376 3907/1771/2376
f 3909/1773/2377 3919/1784/2377 3918/1783/2377 3908/1772/2377
f 3910/1774/2378 3920/1785/2378 3919/1784/2378 3909/1773/2378
f 3901/1775/2379 3911/1786/2379 3920/1785/2379 3910/1774/2379
f 3912/1776/2380 3922/1787/2380 3921/1788/2380 3911/1777/2380
f 3913/1778/2381 3923/1789/2381 3922/1787/2381 3912/1776/2381
f 3914/1779/2362 3924/1790/2362 3923/1789/2362 3913/1778/2362
f 3915/1780/2382 3925/1791/2382 3924/1790/2382 3914/1779/2382
f 3916/1781/2383 3926/1792/2383 3925/1791/2383 3915/1780/2383
f 3917/1782/2384 3927/1793/2384 3926/1792/2384 3916/1781/2384
f 3918/1783/2385 3928/1794/2385 3927/1793/2385 3917/1782/2385
f 3919/1784/2386 3929/1795/2386 3928/1794/2386 3918/1783/2386
f 3920/1785/2387 3930/1796/2387 3929/1795/2387 3919/1784/2387
f 3911/1786/2388 3921/1797/2388 3930/1796/2388 3920/1785/2388
f 3922/1787/2389 3932/1798/2389 3931/1799/2389 3921/1788/2389
f 3923/1789/2390 3933/1800/2390 3932/1798/2390 3922/1787/2390
f 3924/1790/2391 3934/1801/2391 3933/1800/2391 3923/1789/2391
f 3925/1791/2392 3935/1802/2392 3934/1801/2392 3924/1790/2392
f 3926/1792/2393 3936/1803/2393 3935/1802/2393 3925/1791/2393
f 3927/1793/2394 3937/1804/2394 3936/1803/2394 3926/1792/2394
f 3928/1794/2395 3938/1805/2395 3937/1804/2395 3927/1793/2395
f 3929/1795/2396 3939/1806/2396 3938/1805/2396 3928/1794/2396
f 3930/1796/2397 3940/1807/2397 3939/1806/2397 3929/1795/2397
f 3921/1797/2398 3931/1808/2398 3940/1807/2398 3930/1796/2398
f 3932/1798/2399 3942/1809/2399 3941/1810/2399 3931/1799/2399
f 3933/1800/2400 3943/1811/2400 3942/1809/2400 3932/1798/2400
f 3934/1801/2391 3944/1812/2391 3943/1811/2391 3933/1800/2391
f 3935/1802/2401 3945/1813/2401 3944/1812/2401 3934/1801/2401
f 3936/1803/2402 3946/1814/2402 3945/1813/2402 3935/1802/2402
f 3937/1804/2403 3947/1815/2403 3946/1814/2403 3936/1803/2403
f 3938/1805/2404 3948/1816/2404 3947/1815/2404 3937/1804/2404
f 3939/1806/2405 3949/1817/2405 3948/1816/2405 3938/1805/2405
f 3940/1807/2406 3950/1818/2406 3949/1817/2406 3939/1806/2406
f 3931/1808/2407 3941/1819/2407 3950/1818/2407 3940/1807/2407
f 3942/1809/2408 3952/1820/2408 3951/1821/2408 3941/1810/2408
f 3943/1811/2409 3953/1822/2409 3952/1820/2409 3942/1809/2409
f 3944/1812/2410 3954/1823/2410 3953/1822/2410 3943/1811/2410
f 3945/1813/2361 3955/1824/2361 3954/1823/2361 3944/1812/2361
f 3946/1814/2411 3956/1825/2411 3955/1824/2411 3945/1813/2411
f 3947/1815/2369 3957/1826/2369 3956/1825/2369 3946/1814/2369
f 3948/1816/2412 3958/1827/2412 3957/1826/2412 3947/1815/2412
f 3949/1817/2413 3959/1828/2413 3958/1827/2413 3948/1816/2413
f 3950/1818/2414 3960/1829/2414 3959/1828/2414 3949/1817/2414
f 3941/1819/2365 3951/1830/2365 3960/1829/2365 3950/1818/2365
f 3952/1820/2415 3962/1831/2415 3961/1832/2415 3951/1821/2415
f 3953/1822/2373 3963/1833/2373 3962/1831/2373 3952/1820/2373
f 3954/1823/2416 3964/1834/2416 3963/1833/2416 3953/1822/2416
f 3955/1824/2371 3965/1835/2371 3964/1834/2371 3954/1823/2371
f 3956/1825/2417 3966/1836/2417 3965/1835/2417 3955/1824/2417
f 3957/1826/2418 3967/1837/2418 3966/1836/2418 3956/1825/2418
f 3958/1827/2419 3968/1838/2419 3967/1837/2419 3957/1826/2419
f 3959/1828/2420 3969/1839/2420 3968/1838/2420 3958/1827/2420
f 3960/1829/2421 3970/1840/2421 3969/1839/2421 3959/1828/2421
f 3951/1830/2422 3961/1841/2422 3970/1840/2422 3960/1829/2422
f 3962/1831/2383 3972/1842/2383 3971/1843/2383 3961/1832/2383
f 3963/1833/2382 3973/1844/2382 3972/1842/2382 3962/1831/2382
f 3964/1834/2423 3974/1845/2423 3973/1844/2423 3963/1833/2423
f 3965/1835/2424 3975/1846/2424 3974/1845/2424 3964/1834/2424
f 3966/1836/2425 3976/1847/2425 3975/1846/2425 3965/1835/2425
f 3967/1837/2426 3977/1848/2426 3976/1847/2426 3966/1836/2426
f 3968/1838/2427 3978/1849/2427 3977/1848/2427 3967/1837/2427
f 3969/1839/2428 3979/1850/2428 3978/1849/2428 3968/1838/2428
f 3970/1840/2429 3980/1851/2429 3979/1850/2429 3969/1839/2429
f 3961/1841/2430 3971/1852/2430 3980/1851/2430 3970/1840/2430
f 3972/1842/2393 3884/1853/2393 3881/1854/2393 3971/1843/2393
f 3973/1844/2431 3886/1855/2431 3884/1853/2431 3972/1842/2431
f 3974/1845/2352 3888/1856/2352 3886/1855/2352 3973/1844/2352
f 3975/1846/2432 3890/1857/2432 3888/1856/2432 3974/1845/2432
f 3976/1847/2433 3892/1858/2433 3890/1857/2433 3975/1846/2433
f 3977/1848/2434 3894/1859/2434 3892/1858/2434 3976/1847/2434
f 3978/1849/2435 3896/1860/2435 3894/1859/2435 3977/1848/2435
f 3979/1850/2405 3898/1861/2405 3896/1860/2405 3978/1849/2405
f 3980/1851/2436 3900/1862/2436 3898/1861/2436 3979/1850/2436
f 3971/1852/2437 3881/1863/2437 3900/1862/2437 3980/1851/2437
f 3989/1864/2438 3982/1864/2438 3986/1864/2438
f 3989/1864/2439 3987/1864/2439 3982/1864/2439
f 3989/1864/2440 3981/1864/2440 3987/1864/2440
f 3989/1864/2438 3985/1864/2438 3981/1864/2438
f 3989/1864/2441 3983/1864/2441 3985/1864/2441
f 3989/1864/2439 3988/1864/2439 3983/1864/2439
f 3989/1864/2441 3984/1864/2441 3988/1864/2441
f 3989/1864/2441 3986/1864/2441 3984/1864/2441
f 3988/1864/2442 3991/1864/2442 3990/1864/2442 3983/1864/2442
f 3992/1864/2443 3985/1864/2443 3983/1864/2443 3990/1864/2443
f 3984/1864/2444 3993/1864/2444 3991/1864/2444 3988/1864/2444
f 3994/1864/2445 3981/1864/2445 3985/1864/2445 3992/1864/2445
f 3986/1864/2446 3995/1864/2446 3993/1864/2446 3984/1864/2446
f 3996/1864/2447 3987/1864/2447 3981/1864/2447 3994/1864/2447
f 3982/1864/2448 3997/1864/2448 3995/1864/2448 3986/1864/2448
f 3997/1864/2449 3982/1864/2449 3987/1864/2449 3996/1864/2449
f 3999/1865/2450 4004/1865/2450 4013/1865/2450 4007/1865/2450
f 4003/1865/2451 3999/1865/2451 4007/1865/2451 4011/1865/2451
f 4007/1865/2452 4013/1865/2452 4012/1865/2452 4011/1865/2452
f 3998/1865/2453 4002/1865/2453 4010/1865/2453 4006/1865/2453
f 4004/1865/2454 3998/1865/2454 4006/1865/2454 4013/1865/2454
f 4013/1865/2455 4006/1865/2455 4010/1865/2455 4012/1865/2455
f 4000/1865/2456 4005/1865/2456 4014/1865/2456 4008/1865/2456
f 4002/1865/2457 4000/1865/2457 4008/1865/2457 4010/1865/2457
f 4008/1865/2458 4014/1865/2458 4012/1865/2458 4010/1865/2458
f 4001/1865/2459 4003/1865/2459 4011/1865/2459 4009/1865/2459
f 4005/1865/2460 4001/1865/2460 4009/1865/2460 4014/1865/2460
f 4014/1865/2461 4009/1865/2461 4011/1865/2461 4012/1865/2461
f 3990/1864/2462 3991/1864/2462 4016/1864/2462 4015/1864/2462
f 4016/1865/2442 4005/1865/2442 4000/1865/2442 4015/1865/2442
f 3992/1864/2463 3990/1864/2463 4015/1864/2463 4017/1864/2463
f 4002/1865/2443 4017/1865/2443 4015/1865/2443 4000/1865/2443
f 3991/1864/2464 3993/1864/2464 4018/1864/2464 4016/1864/2464
f 4018/1865/2444 4001/1865/2444 4005/1865/2444 4016/1865/2444
f 3994/1864/2465 3992/1864/2465 4017/1864/2465 4019/1864/2465
f 3998/1865/2466 4019/1865/2466 4017/1865/2466 4002/1865/2466
f 3993/1864/2467 3995/1864/2467 4020/1864/2467 4018/1864/2467
f 4020/1865/2446 4003/1865/2446 4001/1865/2446 4018/1865/2446
f 3996/1864/2468 3994/1864/2468 4019/1864/2468 4021/1864/2468
f 4004/1865/2447 4021/1865/2447 4019/1865/2447 3998/1865/2447
f 3995/1864/2469 3997/1864/2469 4022/1864/2469 4020/1864/2469
f 4022/1865/2448 3999/1865/2448 4003/1865/2448 4020/1865/2448
f 3997/1864/2470 3996/1864/2470 4021/1864/2470 4022/1864/2470
f 3999/1865/2449 4022/1865/2449 4021/1865/2449 4004/1865/2449
f 4024/1866/2471 4029/1866/2471 4038/1866/2471 4032/1866/2471
f 4028/1866/2472 4024/1866/2472 4032/1866/2472 4036/1866/2472
f 4032/1866/2452 4038/1866/2452 4037/1866/2452 4036/1866/2452
f 4023/1866/2473 4027/1866/2473 4035/1866/2473 4031/1866/2473
f 4029/1866/2474 4023/1866/2474 4031/1866/2474 4038/1866/2474
f 4038/1866/2475 4031/1866/2475 4035/1866/2475 4037/1866/2475
f 4025/1866/2476 4030/1866/2476 4039/1866/2476 4033/1866/2476
f 4027/1866/2477 4025/1866/2477 4033/1866/2477 4035/1866/2477
f 4033/1866/2478 4039/1866/2478 4037/1866/2478 4035/1866/2478
f 4026/1866/2479 4028/1866/2479 4036/1866/2479 4034/1866/2479
f 4030/1866/2480 4026/1866/2480 4034/1866/2480 4039/1866/2480
f 4039/1866/2461 4034/1866/2461 4036/1866/2461 4037/1866/2461
f 4040/1867/2481 4044/1867/2481 4052/1867/2481 4048/1867/2481
f 4042/1867/2482 4040/1867/2482 4048/1867/2482 4050/1867/2482
f 4045/1867/2483 4042/1867/2483 4050/1867/2483 4053/1867/2483
f 4044/1867/2484 4045/1867/2484 4053/1867/2484 4052/1867/2484
f 4053/1867/2485 4050/1867/2485 4048/1867/2485 4052/1867/2485
f 4046/1867/2486 4041/1867/2486 4049/1867/2486 4054/1867/2486
f 4047/1867/2487 4046/1867/2487 4054/1867/2487 4055/1867/2487
f 4043/1867/2488 4047/1867/2488 4055/1867/2488 4051/1867/2488
f 4041/1867/2489 4043/1867/2489 4051/1867/2489 4049/1867/2489
f 4051/1867/2490 4055/1867/2490 4054/1867/2490 4049/1867/2490
f 4068/1867/2491 4060/1867/2491 4056/1867/2491 4064/1867/2491
f 4064/1867/2492 4056/1867/2492 4058/1867/2492 4066/1867/2492
f 4066/1867/2493 4058/1867/2493 4061/1867/2493 4069/1867/2493
f 4069/1867/2494 4061/1867/2494 4060/1867/2494 4068/1867/2494
f 4064/1867/2495 4066/1867/2495 4069/1867/2495 4068/1867/2495
f 4065/1867/2496 4057/1867/2496 4062/1867/2496 4070/1867/2496
f 4070/1867/2497 4062/1867/2497 4063/1867/2497 4071/1867/2497
f 4071/1867/2498 4063/1867/2498 4059/1867/2498 4067/1867/2498
f 4067/1867/2499 4059/1867/2499 4057/1867/2499 4065/1867/2499
f 4070/1867/2500 4071/1867/2500 4067/1867/2500 4065/1867/2500
f 4072/1867/2501 4076/1867/2501 4084/1867/2501 4080/1867/2501
f 4074/1867/2502 4072/1867/2502 4080/1867/2502 4082/1867/2502
f 4077/1867/2503 4074/1867/2503 4082/1867/2503 4085/1867/2503
f 4076/1867/2504 4077/1867/2504 4085/1867/2504 4084/1867/2504
f 4085/1867/2505 4082/1867/2505 4080/1867/2505 4084/1867/2505
f 4078/1867/2506 4073/1867/2506 4081/1867/2506 4086/1867/2506
f 4079/1867/2507 4078/1867/2507 4086/1867/2507 4087/1867/2507
f 4075/1867/2508 4079/1867/2508 4087/1867/2508 4083/1867/2508
f 4073/1867/2509 4075/1867/2509 4083/1867/2509 4081/1867/2509
f 4083/1867/2510 4087/1867/2510 4086/1867/2510 4081/1867/2510
f 4088/1868/2511 4089/1869/2511 4090/1870/2511 4091/1871/2511
o throttle
v 0.347882 0.231554 2.375492
v 0.322766 0.231554 2.375492
v 0.322766 0.211799 2.390148
v 0.347882 0.211799 2.390148
v 0.348172 0.117400 2.148226
v 0.323056 0.117400 2.148226
v 0.323596 0.135830 2.150570
v 0.348713 0.135830 2.150570
v 0.322770 0.100926 2.247931
v 0.347886 0.100926 2.247931
v 0.322770 0.127694 2.243402
v 0.347886 0.127694 2.243402
v 0.384913 0.199247 2.178353
v 0.284553 0.199247 2.178353
v 0.284553 0.189829 2.200380
v 0.384913 0.189829 2.200380
v 0.384913 0.019216 2.085374
v 0.284553 0.019216 2.085374
v 0.284553 0.030408 2.062726
v 0.384913 0.030408 2.062726
v 0.284553 0.151991 2.179428
v 0.384913 0.151991 2.179428
v 0.284553 0.161401 2.157400
v 0.384913 0.161401 2.157400
vn -0.0000 0.5958 0.8031
vn -0.0000 0.1262 -0.9920
vn -0.0000 -0.9866 -0.1630
vn -0.0000 -0.7887 0.6148
vn -0.9999 0.0117 -0.0043
vn -1.0000 -0.0000 -0.0000
vn -0.0000 0.9962 0.0873
vn -0.0000 0.7861 -0.6181
vn 0.9999 -0.0118 0.0043
vn 1.0000 -0.0000 -0.0000
vn -0.0000 0.9195 0.3931
vn -0.0000 -0.8965 -0.4430
vn -0.0000 -0.5780 0.8160
vn -0.0000 -0.4844 0.8748
vn -0.0000 0.5858 -0.8105
vn -0.0000 0.4844 -0.8749
vt 0.112180 0.924160
vt 0.112180 0.912490
vt 0.100510 0.912490
vt 0.100510 0.924160
vt 0.100510 0.915040
vt 0.112180 0.915040
vt 0.386240 0.860220
vt 0.386240 0.857720
vt 0.383740 0.857720
vt 0.383740 0.860220
vt 0.383740 0.858260
vt 0.386240 0.858260
s 0
usemtl mat1
f 4093/1872/2512 4094/1873/2512 4095/1874/2512 4092/1875/2512
f 4097/1872/2513 4098/1873/2513 4099/1874/2513 4096/1875/2513
f 4097/1873/2514 4096/1874/2514 4101/1876/2514 4100/1877/2514
f 4095/1875/2515 4094/1872/2515 4100/1877/2515 4101/1876/2515
f 4098/1873/2516 4097/1874/2516 4100/1876/2516 4102/1877/2516
f 4094/1875/2517 4093/1872/2517 4102/1877/2517 4100/1876/2517
f 4099/1873/2518 4098/1874/2518 4102/1876/2518 4103/1877/2518
f 4093/1875/2519 4092/1872/2519 4103/1877/2519 4102/1876/2519
f 4096/1873/2520 4099/1874/2520 4103/1876/2520 4101/1877/2520
f 4092/1875/2521 4095/1872/2521 4101/1877/2521 4103/1876/2521
f 4105/1878/2522 4106/1879/2522 4107/1880/2522 4104/1881/2522
f 4109/1878/2523 4110/1879/2523 4111/1880/2523 4108/1881/2523
f 4109/1879/2524 4108/1880/2524 4113/1882/2524 4112/1883/2524
f 4107/1881/2525 4106/1878/2525 4112/1883/2525 4113/1882/2525
f 4110/1879/2517 4109/1880/2517 4112/1882/2517 4114/1883/2517
f 4106/1881/2517 4105/1878/2517 4114/1883/2517 4112/1882/2517
f 4111/1879/2526 4110/1880/2526 4114/1882/2526 4115/1883/2526
f 4105/1881/2527 4104/1878/2527 4115/1883/2527 4114/1882/2527
f 4108/1879/2521 4111/1880/2521 4115/1882/2521 4113/1883/2521
f 4104/1881/2521 4107/1878/2521 4113/1883/2521 4115/1882/2521
o translucent
v 0.743798 1.193282 1.722532
v 0.000000 1.235463 1.766950
v 0.419944 1.216564 1.746922
v 0.845532 0.991729 2.097271
v 0.000000 1.029059 2.197965
v 0.419037 1.016535 2.166741
v 0.937353 0.766049 2.469994
v 0.000000 0.781703 2.643913
v 0.396826 0.769179 2.613157
v 0.706537 0.760876 2.548865
v 0.000000 1.114777 -0.153956
v 0.431549 1.100982 -0.130465
v 0.423098 1.209368 0.281556
v 0.000000 1.228625 0.267482
v 0.699166 1.074503 -0.087897
v 0.671924 1.178614 0.295749
v 0.691711 1.169951 0.273135
v 0.449173 0.946393 -0.572367
v 0.697364 0.973540 -0.382662
v 0.652137 0.946481 -0.481597
v 0.556029 0.939838 -0.543784
v 0.000000 0.959710 -0.605972
v -0.812688 1.119919 0.399729
v -0.835843 1.002603 -0.038579
v -0.925222 0.887204 0.442228
v -0.831406 1.084072 0.458671
v -0.903263 0.936360 0.501823
v -0.925340 0.888230 0.465310
v -0.889824 0.905459 -0.005756
v -0.877299 0.921423 -0.037569
v -0.845898 0.979512 -0.050846
v -0.743798 1.193282 1.722532
v -0.419944 1.216564 1.746922
v -0.845532 0.991729 2.097271
v -0.419037 1.016535 2.166741
v -0.937353 0.766049 2.469994
v -0.396826 0.769179 2.613157
v -0.706537 0.760876 2.548865
v -0.431549 1.100982 -0.130465
v -0.423098 1.209368 0.281556
v -0.699166 1.074503 -0.087897
v -0.671924 1.178614 0.295749
v -0.691711 1.169951 0.273135
v -0.449173 0.946393 -0.572367
v -0.697364 0.973540 -0.382662
v -0.652137 0.946481 -0.481597
v -0.556029 0.939838 -0.543784
v 0.734712 0.163615 4.170270
v 0.866637 0.163061 4.063203
v 0.963187 0.164564 3.962381
v 0.993989 0.169062 3.878559
v 0.736939 0.204545 4.176383
v 0.865684 0.210073 4.070654
v 0.961149 0.212179 3.970478
v 1.001650 0.211244 3.865139
v -0.734712 0.163615 4.170270
v -0.866637 0.163061 4.063203
v -0.963187 0.164564 3.962381
v -0.993989 0.169062 3.878559
v -0.736939 0.204545 4.176383
v -0.865684 0.210073 4.070654
v -0.961149 0.212179 3.970478
v -1.001650 0.211244 3.865139
v 0.812688 1.119919 0.399729
v 0.835843 1.002603 -0.038579
v 0.925222 0.887204 0.442228
v 0.831406 1.084072 0.458671
v 0.903263 0.936360 0.501823
v 0.925340 0.888230 0.465310
v 0.889824 0.905459 -0.005756
v 0.877299 0.921423 -0.037569
v 0.845898 0.979512 -0.050846
v 0.734712 0.163615 4.170270
v 0.866637 0.163061 4.063203
v 0.963187 0.164564 3.962381
v 0.993989 0.169062 3.878559
v 0.736939 0.204545 4.176383
v 0.865684 0.210073 4.070654
v 0.961149 0.212179 3.970478
v 1.001650 0.211244 3.865139
v -0.734712 0.163615 4.170270
v -0.866637 0.163061 4.063203
v -0.963187 0.164564 3.962381
v -0.993989 0.169062 3.878559
v -0.736939 0.204545 4.176383
v -0.865684 0.210073 4.070654
v -0.961149 0.212179 3.970478
v -1.001650 0.211244 3.865139
vn 0.0600 0.9007 0.4303
vn 0.1119 0.8925 0.4369
vn 0.0636 0.8721 0.4851
vn 0.1350 0.8648 0.4836
vn 0.1240 0.8653 0.4856
vn 0.0486 0.9652 -0.2569
vn 0.1337 0.9589 -0.2501
vn 0.1436 0.9359 -0.3216
vn 0.0502 0.9440 -0.3260
vn -0.9017 0.4317 -0.0238
vn -0.8966 0.4386 -0.0614
vn -0.8845 0.4502 -0.1223
vn -0.0600 0.9007 0.4303
vn -0.1119 0.8925 0.4369
vn -0.0636 0.8721 0.4851
vn -0.1350 0.8648 0.4836
vn -0.1240 0.8653 0.4856
vn -0.0486 0.9652 -0.2569
vn -0.1337 0.9589 -0.2501
vn -0.1436 0.9359 -0.3216
vn -0.0502 0.9440 -0.3260
vn 0.6287 -0.1274 0.7671
vn 0.7209 -0.0901 0.6871
vn 0.9353 -0.0377 0.3518
vn -0.6287 -0.1274 0.7671
vn -0.7209 -0.0901 0.6871
vn -0.9353 -0.0377 0.3518
vn 0.9017 0.4317 -0.0238
vn 0.8966 0.4386 -0.0614
vn 0.8845 0.4502 -0.1224
vt 0.332850 0.904240
vt 0.331550 0.904240
vt 0.330770 0.904240
vt 0.331100 0.904240
vt 0.331550 0.900070
vt 0.332850 0.900070
vt 0.330930 0.900070
vt 0.330880 0.900070
vt 0.330970 0.900070
vt 0.331090 0.900070
vt 0.331310 0.900070
vt 0.330770 0.903770
vt 0.330770 0.903760
vt 0.330770 0.903080
vt 0.330770 0.900890
vt 0.330770 0.900070
vt 0.330770 0.903300
vt 0.330770 0.900600
vt 0.330770 0.902530
vt 0.367780 0.938290
vt 0.574410 0.993680
vt 0.574240 0.989810
vt 0.571740 0.990180
vt 0.571120 0.993600
vt 0.582150 0.993500
vt 0.582070 0.989690
vt 0.592590 0.993060
vt 0.592770 0.989740
s 0
usemtl mat1
f 4117/1884/2528 4120/1884/2528 4121/1885/2528 4118/1885/2528
f 4118/1885/2529 4121/1885/2529 4119/1886/2529 4116/1886/2529
f 4120/1884/2530 4123/1884/2530 4124/1885/2530 4121/1885/2530
f 4125/1887/2531 4122/1886/2531 4119/1886/2531 4121/1885/2531
f 4121/1885/2532 4124/1885/2532 4125/1887/2532
f 4128/1888/2533 4127/1888/2533 4126/1889/2533 4129/1889/2533
f 4131/1890/2534 4132/1891/2534 4130/1890/2534 4127/1888/2534 4128/1888/2534
f 4134/1892/2535 4135/1893/2535 4136/1894/2535 4133/1888/2535 4127/1888/2535 4130/1890/2535
f 4137/1889/2536 4126/1889/2536 4127/1888/2536 4133/1888/2536
f 4140/1895/2537 4143/1896/2537 4142/1897/2537 4141/1898/2537 4138/1899/2537
f 4138/1899/2538 4139/1899/2538 4144/1900/2538 4140/1895/2538
f 4139/1899/2539 4146/1901/2539 4145/1902/2539 4144/1900/2539
f 4150/1885/2540 4120/1884/2540 4117/1884/2540 4148/1885/2540
f 4149/1886/2541 4150/1885/2541 4148/1885/2541 4147/1886/2541
f 4152/1885/2542 4123/1884/2542 4120/1884/2542 4150/1885/2542
f 4149/1886/2543 4151/1886/2543 4153/1887/2543 4150/1885/2543
f 4152/1885/2544 4150/1885/2544 4153/1887/2544
f 4126/1889/2545 4154/1888/2545 4155/1888/2545 4129/1889/2545
f 4154/1888/2546 4156/1890/2546 4158/1891/2546 4157/1890/2546 4155/1888/2546
f 4154/1888/2547 4159/1888/2547 4162/1894/2547 4161/1893/2547 4160/1892/2547 4156/1890/2547
f 4154/1888/2548 4126/1889/2548 4137/1889/2548 4159/1888/2548
f 4164/1903/2549 4168/1903/2549 4167/1903/2549 4163/1903/2549
f 4165/1903/2550 4169/1903/2550 4168/1903/2550 4164/1903/2550
f 4166/1903/2551 4170/1903/2551 4169/1903/2551 4165/1903/2551
f 4175/1903/2552 4176/1903/2552 4172/1903/2552 4171/1903/2552
f 4176/1903/2553 4177/1903/2553 4173/1903/2553 4172/1903/2553
f 4177/1903/2554 4178/1903/2554 4174/1903/2554 4173/1903/2554
f 4182/1898/2555 4183/1897/2555 4184/1896/2555 4181/1895/2555 4179/1899/2555
f 4185/1900/2556 4180/1899/2556 4179/1899/2556 4181/1895/2556
f 4186/1902/2557 4187/1901/2557 4180/1899/2557 4185/1900/2557
f 4194/1904/2551 4190/1905/2551 4191/1906/2551 4195/1907/2551
f 4193/1908/2550 4189/1909/2550 4190/1905/2550 4194/1904/2550
f 4192/1910/2549 4188/1911/2549 4189/1909/2549 4193/1908/2549
f 4199/1906/2554 4198/1905/2554 4202/1904/2554 4203/1907/2554
f 4198/1905/2553 4197/1909/2553 4201/1908/2553 4202/1904/2553
f 4197/1909/2552 4196/1911/2552 4200/1910/2552 4201/1908/2552
o translucent_doorL
v 0.903968 0.967935 1.941409
v 0.990504 0.767268 1.992016
v 0.804913 1.189269 1.405108
v 0.890059 0.996047 1.931953
v 0.829415 1.123644 1.697417
v 0.804358 1.190004 1.435063
v 0.800730 1.194634 1.203575
v 0.801641 1.203088 0.927776
v 0.969521 0.844606 0.788641
v 0.813340 1.169947 0.718820
v 0.973245 0.836505 0.794468
v 0.975240 0.831672 0.804057
vn 0.9034 0.4288 -0.0007
vn 0.9047 0.4259 0.0087
vn 0.9173 0.3981 0.0098
vt 0.342590 0.908950
s 0
usemtl mat1
f 4213/1912/2558 4211/1912/2558 4210/1912/2558 4206/1912/2558 4212/1912/2558
f 4212/1912/2559 4206/1912/2559 4209/1912/2559 4208/1912/2559 4207/1912/2559 4204/1912/2559 4214/1912/2559
f 4214/1912/2560 4204/1912/2560 4205/1912/2560 4215/1912/2560
o translucent_doorR
v -0.903968 0.967935 1.941409
v -0.990504 0.767268 1.992016
v -0.804913 1.189269 1.405108
v -0.890059 0.996047 1.931953
v -0.829415 1.123644 1.697417
v -0.804358 1.190004 1.435063
v -0.800730 1.194634 1.203575
v -0.801641 1.203088 0.927776
v -0.969521 0.844606 0.788641
v -0.813341 1.169947 0.718820
v -0.973245 0.836505 0.794468
v -0.975240 0.831672 0.804057
vn -0.9034 0.4288 -0.0007
vn -0.9047 0.4259 0.0087
vn -0.9173 0.3981 0.0098
vt 0.342590 0.908950
s 0
usemtl mat1
f 4218/1913/2561 4222/1913/2561 4223/1913/2561 4225/1913/2561 4224/1913/2561
f 4216/1913/2562 4219/1913/2562 4220/1913/2562 4221/1913/2562 4218/1913/2562 4224/1913/2562 4226/1913/2562
f 4217/1913/2563 4216/1913/2563 4226/1913/2563 4227/1913/2563
o trunk
v 0.796431 0.897851 -0.558731
v 0.000000 0.940020 -0.661630
v 0.451572 0.925343 -0.632540
v 0.774397 0.895254 -1.058596
v 0.000000 0.926236 -1.140756
v 0.457362 0.911557 -1.107464
v 0.772575 0.791042 -1.112144
v 0.000000 0.813826 -1.196773
v 0.476183 0.805689 -1.161782
v 0.768451 0.780502 -1.104360
v 0.000000 0.797167 -1.185994
v 0.499841 0.793321 -1.154801
v 0.463102 0.529321 -1.203227
v 0.000000 0.528276 -1.239421
v 0.484564 0.777074 -1.150379
v 0.000000 0.781591 -1.183243
v 0.000000 0.906864 -1.150410
v 0.000000 0.856022 -1.175746
v 0.151240 0.853155 -1.163746
v 0.160534 0.879363 -1.149861
v 0.149442 0.901898 -1.139616
v -0.796431 0.897851 -0.558731
v -0.451572 0.925343 -0.632540
v -0.774397 0.895254 -1.058596
v -0.457362 0.911557 -1.107464
v -0.772575 0.791042 -1.112144
v -0.476183 0.805689 -1.161782
v -0.768451 0.780502 -1.104360
v -0.499841 0.793321 -1.154801
v -0.463102 0.529321 -1.203227
v -0.484564 0.777074 -1.150379
v -0.151240 0.853155 -1.163746
v -0.160534 0.879363 -1.149861
v -0.149442 0.901898 -1.139616
v -0.035392 0.586358 -1.235232
v 0.040762 0.585794 -1.235347
v 0.040761 0.577161 -1.212608
v -0.035393 0.577723 -1.212492
v 0.028881 0.612558 -1.229848
v -0.023056 0.612942 -1.229757
v -0.023056 0.606468 -1.209266
v 0.028881 0.606085 -1.209354
v 0.095031 0.636450 -1.224919
v 0.095031 0.627817 -1.202181
v 0.065891 0.647084 -1.221957
v 0.065891 0.640611 -1.201462
v 0.095625 0.708653 -1.210059
v 0.095624 0.700020 -1.187320
v 0.066296 0.696294 -1.210709
v 0.066296 0.689819 -1.190215
v 0.042195 0.760107 -1.199467
v 0.042195 0.751473 -1.176730
v 0.029858 0.731362 -1.202692
v 0.029858 0.724888 -1.182201
v -0.033958 0.760669 -1.199355
v -0.033959 0.752035 -1.176614
v -0.022077 0.731745 -1.202606
v -0.022078 0.725271 -1.182113
v -0.088227 0.710014 -1.209781
v -0.088228 0.701380 -1.187040
v -0.059089 0.697220 -1.210498
v -0.059089 0.690745 -1.190005
v -0.088822 0.637810 -1.224639
v -0.088822 0.629175 -1.201901
v -0.059493 0.648010 -1.221743
v -0.059493 0.641536 -1.201250
v 0.081314 0.705571 -1.220726
v 0.036175 0.749030 -1.211389
v -0.028162 0.749505 -1.211288
v 0.080813 0.644587 -1.233820
v -0.074010 0.706719 -1.220477
v 0.034964 0.601801 -1.243011
v -0.074511 0.645735 -1.233576
v -0.029373 0.602277 -1.242911
v 0.795193 0.879859 -0.558383
v 0.000000 0.922001 -0.661091
v 0.450620 0.907332 -0.632103
v 0.771581 0.877572 -0.994642
v 0.000000 0.908564 -1.059907
v 0.455341 0.893864 -1.033470
v 0.769187 0.790894 -1.030117
v 0.000000 0.814112 -1.097439
v 0.474016 0.805797 -1.069588
v 0.766024 0.788573 -1.027105
v 0.000000 0.803780 -1.091562
v 0.497875 0.800668 -1.066970
v 0.461805 0.525548 -1.104783
v 0.000000 0.524503 -1.133700
v 0.483300 0.777397 -1.061856
v 0.000000 0.781914 -1.088113
v 0.000000 0.896532 -1.064283
v 0.000000 0.849912 -1.082842
v 0.137028 0.847323 -1.074063
v 0.145521 0.871274 -1.063925
v 0.135313 0.891943 -1.056419
v -0.795193 0.879859 -0.558383
v -0.450620 0.907332 -0.632103
v -0.771581 0.877572 -0.994642
v -0.455341 0.893864 -1.033470
v -0.769187 0.790894 -1.030117
v -0.474016 0.805797 -1.069588
v -0.766024 0.788573 -1.027105
v -0.497875 0.800668 -1.066970
v -0.461805 0.525548 -1.104783
v -0.483300 0.777397 -1.061856
v -0.137028 0.847323 -1.074063
v -0.145521 0.871274 -1.063925
v -0.135313 0.891943 -1.056419
v 0.058587 0.708012 -1.208928
v -0.053768 0.710133 -1.208444
v 0.058921 0.636839 -1.225196
v -0.054560 0.638981 -1.224701
v 0.000000 0.889208 -1.059716
v 0.000000 0.850055 -1.075301
v 0.114572 0.847899 -1.067958
v 0.121709 0.868013 -1.059443
v 0.113132 0.885373 -1.053140
v -0.114572 0.847899 -1.067958
v -0.121709 0.868013 -1.059443
v -0.113132 0.885373 -1.053140
vn 0.0342 0.9990 -0.0287
vn 0.0693 0.9974 -0.0179
vn 0.1633 0.4611 -0.8722
vn 0.0530 -0.4894 -0.8705
vn 0.1340 -0.4536 -0.8811
vn 0.0608 -0.2472 -0.9671
vn 0.0718 0.2091 -0.9752
vn 0.0792 0.4446 -0.8922
vn 0.0744 0.4579 -0.8859
vn 0.0761 0.4620 -0.8836
vn 0.0707 0.4473 -0.8916
vn -0.0342 0.9990 -0.0287
vn -0.0693 0.9974 -0.0179
vn -0.1633 0.4611 -0.8722
vn -0.0530 -0.4894 -0.8705
vn -0.1340 -0.4536 -0.8811
vn -0.0608 -0.2472 -0.9671
vn -0.0718 0.2091 -0.9752
vn -0.0792 0.4446 -0.8922
vn -0.0744 0.4579 -0.8859
vn -0.0761 0.4620 -0.8836
vn -0.0707 0.4473 -0.8916
vn -0.0075 -0.9349 -0.3550
vn 0.0076 0.9535 0.3012
vn 0.6852 -0.6809 -0.2585
vn -0.6902 0.6900 0.2179
vn 1.0000 -0.0076 -0.0029
vn -1.0000 0.0077 0.0024
vn 0.6965 0.6708 0.2547
vn -0.7014 -0.6797 -0.2147
vn 0.0074 0.9349 0.3550
vn -0.0075 -0.9535 -0.3012
vn -0.6852 0.6809 0.2585
vn 0.6902 -0.6900 -0.2180
vn -1.0000 0.0076 0.0029
vn 1.0000 -0.0077 -0.0024
vn -0.6965 -0.6708 -0.2548
vn 0.7014 0.6797 0.2147
vn 0.0008 -0.1117 0.9937
vn -0.0576 -0.1506 0.9869
vn -0.0456 -0.2097 0.9767
vn -0.0056 -0.2157 0.9764
vn 0.0001 -0.2014 0.9795
vn 0.0051 -0.2154 0.9765
vn 0.0449 -0.2104 0.9766
vn 0.0580 -0.1519 0.9867
vn 0.4020 0.5682 -0.7180
vn -0.4321 -0.2580 -0.8641
vn -0.0047 -0.4404 -0.8978
vn 0.0044 0.7314 -0.6819
vn 0.5775 0.1631 -0.7999
vn -0.6065 0.1763 -0.7753
vn 0.4254 -0.2647 -0.8655
vn -0.3956 0.5743 -0.7168
vn 0.4120 -0.2580 -0.8739
vn -0.4239 0.6035 -0.6754
vn 0.6066 0.1667 -0.7773
vn -0.5773 0.1723 -0.7982
vn -0.0046 -0.4331 -0.9013
vn 0.0047 0.7755 -0.6313
vn 0.4307 0.5970 -0.6769
vn -0.4185 -0.2514 -0.8727
vn -0.0000 0.2229 -0.9749
vn -0.0000 0.2228 -0.9749
vn -0.0633 0.0287 0.9976
vn -0.0344 -0.9988 0.0334
vn 0.9796 -0.1956 -0.0467
vn -0.2065 0.0339 0.9779
vn -0.0695 -0.9974 0.0203
vn 0.9985 -0.0396 0.0376
vn -0.1365 -0.3864 0.9122
vn -0.0437 0.4285 0.9025
vn 0.8879 -0.4568 0.0551
vn -0.0615 -0.9939 0.0912
vn -0.1106 0.3852 0.9162
vn 0.8020 -0.5960 0.0406
vn -0.0491 0.2015 0.9783
vn 0.9961 -0.0879 0.0120
vn 0.0049 -0.9993 -0.0369
vn -0.0581 -0.1686 0.9840
vn -0.0655 -0.3364 0.9394
vn -0.0620 -0.3906 0.9185
vn -0.0623 -0.3858 0.9205
vn -0.0581 -0.3716 0.9266
vn 0.0633 0.0287 0.9976
vn 0.0344 -0.9988 0.0334
vn -0.9796 -0.1956 -0.0467
vn 0.2065 0.0339 0.9779
vn 0.0695 -0.9974 0.0203
vn -0.9985 -0.0396 0.0376
vn 0.1365 -0.3864 0.9122
vn 0.0437 0.4285 0.9025
vn 0.0615 -0.9939 0.0912
vn -0.8879 -0.4568 0.0551
vn 0.1106 0.3852 0.9162
vn -0.8020 -0.5960 0.0406
vn 0.0491 0.2015 0.9783
vn -0.0049 -0.9993 -0.0369
vn -0.9961 -0.0879 0.0120
vn 0.0581 -0.1686 0.9840
vn 0.0655 -0.3364 0.9394
vn 0.0620 -0.3906 0.9185
vn 0.0623 -0.3858 0.9205
vn 0.0581 -0.3716 0.9266
vn 0.0201 -0.9996 0.0196
vn 0.0314 0.5290 0.8481
vn 0.0664 -0.3691 0.9270
vn -0.2241 -0.4462 0.8664
vn -0.2112 -0.2398 0.9476
vn 0.0658 -0.3691 0.9271
vn -0.0201 -0.9996 0.0196
vn -0.0314 0.5290 0.8481
vn -0.0664 -0.3691 0.9270
vn 0.2112 -0.2398 0.9476
vn 0.2241 -0.4462 0.8664
vn -0.0658 -0.3691 0.9271
vt 0.739880 0.271770
vt 0.783020 0.271240
vt 0.786040 0.312780
vt 0.742520 0.312780
vt 0.733180 0.240440
vt 0.778580 0.242440
vt 0.877700 0.241740
vt 0.887220 0.241900
vt 0.885880 0.268990
vt 0.876210 0.270710
vt 0.887010 0.266830
vt 0.886660 0.312500
vt 0.885140 0.312500
vt 0.888190 0.242280
vt 0.888090 0.312500
vt 0.888500 0.268220
vt 0.911140 0.270180
vt 0.911230 0.312500
vt 0.877090 0.298850
vt 0.876640 0.312500
vt 0.874870 0.312500
vt 0.881290 0.312500
vt 0.881550 0.298680
vt 0.879150 0.297830
vt 0.785940 0.312750
vt 0.782910 0.354340
vt 0.739730 0.353810
vt 0.742370 0.312750
vt 0.778470 0.383160
vt 0.733020 0.385170
vt 0.885880 0.356010
vt 0.887220 0.383100
vt 0.877700 0.383270
vt 0.876210 0.354290
vt 0.887010 0.358180
vt 0.888190 0.382720
vt 0.888500 0.356780
vt 0.911140 0.354820
vt 0.877090 0.326160
vt 0.881550 0.326320
vt 0.879150 0.327170
vt 0.152980 0.992690
vt 0.149860 0.992690
vt 0.149860 0.967690
vt 0.152980 0.967690
vt 0.146730 0.992690
vt 0.146730 0.967690
vt 0.143610 0.992690
vt 0.143610 0.967690
vt 0.140480 0.992690
vt 0.140480 0.967690
vt 0.137360 0.992690
vt 0.137360 0.967690
vt 0.134230 0.992690
vt 0.134230 0.967690
vt 0.131110 0.992690
vt 0.131110 0.967690
vt 0.127980 0.992690
vt 0.127980 0.967690
vt 0.095400 0.969330
vt 0.350660 0.833170
vt 0.350650 0.833160
vt 0.350650 0.833170
vt 0.350660 0.833180
vt 0.350470 0.833180
vt 0.350480 0.833180
vt 0.350500 0.833180
vt 0.350680 0.833180
vt 0.350680 0.833190
vt 0.350500 0.833190
vt 0.350480 0.833220
vt 0.350460 0.833210
vt 0.350450 0.833210
vt 0.350470 0.833220
vt 0.350460 0.833220
vt 0.350440 0.833320
vt 0.350450 0.833320
vt 0.350430 0.833320
vt 0.350460 0.833200
vt 0.350470 0.833190
vt 0.352260 0.833940
vt 0.352250 0.833950
vt 0.352250 0.833960
vt 0.352260 0.833950
vt 0.352420 0.833960
vt 0.352430 0.833960
vt 0.352220 0.833960
vt 0.352410 0.833960
vt 0.352400 0.833970
vt 0.352220 0.833970
vt 0.352430 0.834000
vt 0.352420 0.834000
vt 0.352440 0.834000
vt 0.352450 0.833990
vt 0.352450 0.834000
vt 0.352440 0.834010
vt 0.352460 0.834100
vt 0.352480 0.834100
vt 0.352470 0.834100
vt 0.352440 0.833960
vt 0.352440 0.833980
vt 0.352450 0.833980
vt 0.352440 0.833970
vt 0.983420 0.979690
vt 0.983360 0.996770
vt 0.956430 0.996260
vt 0.956490 0.979180
s 0
usemtl mat1
f 4230/1914/2564 4233/1915/2564 4232/1916/2564 4229/1917/2564
f 4228/1918/2565 4231/1919/2565 4233/1915/2565 4230/1914/2565
f 4231/1920/2566 4234/1921/2566 4236/1922/2566 4233/1923/2566
f 4236/1922/2567 4239/1924/2567 4238/1925/2567 4235/1926/2567
f 4234/1921/2568 4237/1927/2568 4239/1924/2568 4236/1922/2568
f 4243/1928/2569 4238/1925/2569 4239/1924/2569 4242/1929/2569
f 4242/1929/2570 4240/1930/2570 4241/1931/2570 4243/1928/2570
f 4248/1932/2571 4244/1933/2571 4232/1934/2571 4233/1923/2571
f 4236/1922/2572 4235/1926/2572 4245/1935/2572 4246/1936/2572
f 4247/1937/2573 4248/1932/2573 4233/1923/2573 4236/1922/2573
f 4236/1922/2574 4246/1936/2574 4247/1937/2574
f 4232/1938/2575 4252/1939/2575 4250/1940/2575 4229/1941/2575
f 4252/1939/2576 4251/1942/2576 4249/1943/2576 4250/1940/2576
f 4254/1944/2577 4253/1945/2577 4251/1946/2577 4252/1947/2577
f 4238/1925/2578 4256/1948/2578 4254/1944/2578 4235/1926/2578
f 4256/1948/2579 4255/1949/2579 4253/1945/2579 4254/1944/2579
f 4256/1948/2580 4238/1925/2580 4243/1928/2580 4258/1950/2580
f 4241/1931/2581 4257/1951/2581 4258/1950/2581 4243/1928/2581
f 4232/1934/2582 4244/1933/2582 4261/1952/2582 4252/1947/2582
f 4245/1935/2583 4235/1926/2583 4254/1944/2583 4259/1953/2583
f 4252/1947/2584 4261/1952/2584 4260/1954/2584 4254/1944/2584
f 4259/1953/2585 4254/1944/2585 4260/1954/2585
f 4262/1955/2586 4263/1956/2586 4264/1957/2586 4265/1958/2586
f 4266/1956/2587 4267/1955/2587 4268/1958/2587 4269/1957/2587
f 4263/1956/2588 4270/1959/2588 4271/1960/2588 4264/1957/2588
f 4272/1959/2589 4266/1956/2589 4269/1957/2589 4273/1960/2589
f 4270/1959/2590 4274/1961/2590 4275/1962/2590 4271/1960/2590
f 4276/1961/2591 4272/1959/2591 4273/1960/2591 4277/1962/2591
f 4274/1961/2592 4278/1963/2592 4279/1964/2592 4275/1962/2592
f 4280/1963/2593 4276/1961/2593 4277/1962/2593 4281/1964/2593
f 4278/1963/2594 4282/1965/2594 4283/1966/2594 4279/1964/2594
f 4284/1965/2595 4280/1963/2595 4281/1964/2595 4285/1966/2595
f 4282/1965/2596 4286/1967/2596 4287/1968/2596 4283/1966/2596
f 4288/1967/2597 4284/1965/2597 4285/1966/2597 4289/1968/2597
f 4286/1967/2598 4290/1969/2598 4291/1970/2598 4287/1968/2598
f 4292/1969/2599 4288/1967/2599 4289/1968/2599 4293/1970/2599
f 4290/1969/2600 4262/1971/2600 4265/1972/2600 4291/1970/2600
f 4267/1971/2601 4292/1969/2601 4293/1970/2601 4268/1972/2601
f 4264/1958/2602 4269/1958/2602 4268/1958/2602 4265/1958/2602
f 4271/1958/2603 4273/1958/2603 4269/1958/2603 4264/1958/2603
f 4275/1958/2604 4277/1958/2604 4273/1958/2604 4271/1958/2604
f 4279/1958/2605 4281/1958/2605 4277/1958/2605 4275/1958/2605
f 4283/1958/2606 4285/1958/2606 4281/1958/2606 4279/1958/2606
f 4287/1958/2607 4289/1958/2607 4285/1958/2607 4283/1958/2607
f 4291/1958/2608 4293/1958/2608 4289/1958/2608 4287/1958/2608
f 4265/1958/2609 4268/1958/2609 4293/1958/2609 4291/1958/2609
f 4274/1958/2610 4294/1958/2610 4295/1958/2610 4278/1958/2610
f 4294/1958/2611 4276/1958/2611 4280/1958/2611 4295/1958/2611
f 4284/1958/2612 4296/1958/2612 4295/1958/2612 4280/1958/2612
f 4296/1958/2613 4282/1958/2613 4278/1958/2613 4295/1958/2613
f 4270/1958/2614 4297/1958/2614 4294/1958/2614 4274/1958/2614
f 4297/1958/2615 4272/1958/2615 4276/1958/2615 4294/1958/2615
f 4288/1958/2616 4298/1958/2616 4296/1958/2616 4284/1958/2616
f 4298/1958/2617 4286/1958/2617 4282/1958/2617 4296/1958/2617
f 4263/1958/2618 4299/1958/2618 4297/1958/2618 4270/1958/2618
f 4299/1958/2619 4266/1958/2619 4272/1958/2619 4297/1958/2619
f 4292/1958/2620 4300/1958/2620 4298/1958/2620 4288/1958/2620
f 4300/1958/2621 4290/1958/2621 4286/1958/2621 4298/1958/2621
f 4262/1958/2622 4301/1958/2622 4299/1958/2622 4263/1958/2622
f 4301/1958/2623 4267/1958/2623 4266/1958/2623 4299/1958/2623
f 4267/1958/2624 4301/1958/2624 4300/1958/2624 4292/1958/2624
f 4301/1958/2625 4262/1958/2625 4290/1958/2625 4300/1958/2625
f 4288/1973/2626 4284/1973/2626 4280/1973/2626 4276/1973/2626
f 4276/1973/2627 4272/1973/2627 4292/1973/2627 4288/1973/2627
f 4272/1973/2627 4266/1973/2627 4267/1973/2627 4292/1973/2627
f 4230/1974/2628 4229/1975/2628 4303/1976/2628 4304/1977/2628
f 4303/1976/2629 4306/1978/2629 4307/1979/2629 4304/1977/2629
f 4231/1980/2630 4228/1981/2630 4302/1982/2630 4305/1983/2630
f 4228/1981/2631 4230/1974/2631 4304/1977/2631 4302/1982/2631
f 4304/1977/2632 4307/1979/2632 4305/1983/2632 4302/1982/2632
f 4234/1984/2633 4231/1980/2633 4305/1983/2633 4308/1984/2633
f 4307/1979/2634 4310/1985/2634 4308/1984/2634 4305/1983/2634
f 4309/1986/2635 4312/1986/2635 4313/1987/2635 4310/1985/2635
f 4237/1984/2636 4234/1984/2636 4308/1984/2636 4311/1984/2636
f 4239/1988/2637 4237/1984/2637 4311/1984/2637 4313/1987/2637
f 4310/1985/2638 4313/1987/2638 4311/1984/2638 4308/1984/2638
f 4242/1988/2639 4239/1988/2639 4313/1987/2639 4316/1987/2639
f 4316/1987/2640 4313/1987/2640 4312/1986/2640 4317/1988/2640
f 4240/1989/2641 4242/1988/2641 4316/1987/2641 4314/1990/2641
f 4241/1991/2642 4240/1989/2642 4314/1990/2642 4315/1991/2642
f 4317/1988/2643 4315/1991/2643 4314/1990/2643 4316/1987/2643
f 4307/1979/2644 4306/1978/2644 4318/1978/2644 4322/1978/2644
f 4320/1992/2645 4319/1992/2645 4309/1986/2645 4310/1985/2645
f 4310/1985/2646 4307/1979/2646 4322/1978/2646 4321/1993/2646
f 4321/1993/2647 4320/1992/2647 4310/1985/2647
f 4229/1994/2648 4250/1995/2648 4324/1996/2648 4303/1997/2648
f 4303/1997/2649 4324/1996/2649 4326/1998/2649 4306/1999/2649
f 4249/2000/2650 4251/2001/2650 4325/2002/2650 4323/2003/2650
f 4250/1995/2651 4249/2000/2651 4323/2003/2651 4324/1996/2651
f 4324/1996/2652 4323/2003/2652 4325/2002/2652 4326/1998/2652
f 4251/2001/2653 4253/2004/2653 4327/2005/2653 4325/2002/2653
f 4326/1998/2654 4325/2002/2654 4327/2005/2654 4328/2006/2654
f 4309/2007/2655 4328/2006/2655 4330/2006/2655 4312/2008/2655
f 4255/2005/2656 4256/2006/2656 4330/2006/2656 4329/2005/2656
f 4253/2004/2657 4255/2005/2657 4329/2005/2657 4327/2005/2657
f 4328/2006/2658 4327/2005/2658 4329/2005/2658 4330/2006/2658
f 4256/2006/2659 4258/2009/2659 4332/2009/2659 4330/2006/2659
f 4332/2009/2660 4317/2008/2660 4312/2008/2660 4330/2006/2660
f 4257/2010/2661 4241/2011/2661 4315/2012/2661 4331/2010/2661
f 4258/2009/2662 4257/2010/2662 4331/2010/2662 4332/2009/2662
f 4317/2008/2663 4332/2009/2663 4331/2010/2663 4315/2012/2663
f 4326/1998/2664 4335/1999/2664 4318/2013/2664 4306/1999/2664
f 4333/2014/2665 4328/2006/2665 4309/2007/2665 4319/2015/2665
f 4328/2006/2666 4334/2016/2666 4335/1999/2666 4326/1998/2666
f 4334/2016/2667 4328/2006/2667 4333/2014/2667
f 4339/2017/2627 4337/2018/2627 4336/2019/2627 4338/2020/2627
f 4333/2014/2668 4319/2015/2668 4341/2015/2668 4345/2014/2668
f 4318/2013/2669 4335/1999/2669 4347/1999/2669 4340/2013/2669
f 4347/1999/2670 4345/2014/2670 4341/2015/2670 4340/2013/2670
f 4334/2016/2671 4333/2014/2671 4345/2014/2671 4346/2016/2671
f 4335/1999/2672 4334/2016/2672 4346/2016/2672 4347/1999/2672
f 4347/1999/2673 4346/2016/2673 4345/2014/2673
f 4319/1992/2674 4320/1992/2674 4342/1992/2674 4341/1992/2674
f 4322/1978/2675 4318/1978/2675 4340/1978/2675 4344/1978/2675
f 4340/1978/2676 4341/1992/2676 4342/1992/2676 4344/1978/2676
f 4321/1993/2677 4322/1978/2677 4344/1978/2677 4343/1993/2677
f 4320/1992/2678 4321/1993/2678 4343/1993/2678 4342/1992/2678
f 4342/1992/2679 4343/1993/2679 4344/1978/2679
o under
v -0.950882 -0.157366 2.297201
v 0.950882 -0.157366 2.297201
v 0.942402 -0.150585 0.949775
v -0.942402 -0.150585 0.949775
v -0.937248 -0.149372 0.730641
v 0.937248 -0.149372 0.730641
v -0.929974 -0.148324 0.468126
v 0.929974 -0.148324 0.468126
v 1.002121 -0.026530 0.479118
v 1.097423 0.227487 0.422472
v 1.045445 0.073665 0.468579
v 1.117601 0.356149 0.342092
v 1.132578 0.518862 0.009838
v 1.126675 0.437236 0.250626
v 1.132193 0.491885 0.139193
v 1.120190 0.426170 -0.307668
v 1.125545 0.475975 -0.218434
v 1.111144 0.350079 -0.388048
v 1.129880 0.510562 -0.112599
v 1.069176 0.155701 -0.491808
v 1.010839 0.034103 -0.515229
v 1.012843 0.024949 -0.518756
v 0.965023 -0.055184 -0.526513
v 0.686569 -0.148324 0.467192
v 0.686590 -0.026531 0.478183
v 0.686618 0.227486 0.421537
v 0.686602 0.073665 0.467644
v 0.686624 0.356149 0.341158
v 0.686628 0.518862 0.008904
v 0.686626 0.437236 0.249691
v 0.686628 0.491884 0.138258
v 0.686624 0.426169 -0.308603
v 0.686626 0.475974 -0.219369
v 0.686622 0.350078 -0.388982
v 0.686627 0.510561 -0.113533
v 0.686609 0.155701 -0.492743
v 0.686592 0.034102 -0.516163
v 0.686593 0.024949 -0.519691
v 0.686579 -0.055184 -0.527448
v 0.686591 0.003660 0.136336
v 0.686572 -0.132107 0.198764
v 0.686591 0.007093 0.135353
v 0.686591 0.034133 -0.182600
v 0.686598 0.073242 0.052446
v 0.686598 0.084167 -0.073188
v 0.686596 0.069600 -0.151482
v 0.686592 0.028556 -0.183807
v 0.686575 -0.081410 -0.265466
v -1.002121 -0.026530 0.479118
v -1.097423 0.227487 0.422472
v -1.045445 0.073665 0.468579
v -1.117601 0.356149 0.342092
v -1.132578 0.518862 0.009838
v -1.126675 0.437236 0.250626
v -1.132193 0.491885 0.139193
v -1.120190 0.426170 -0.307668
v -1.125545 0.475975 -0.218434
v -1.111144 0.350079 -0.388048
v -1.129880 0.510562 -0.112599
v -1.069176 0.155701 -0.491808
v -1.010839 0.034103 -0.515229
v -1.012843 0.024949 -0.518756
v -0.965023 -0.055184 -0.526513
v -0.686569 -0.148324 0.467192
v -0.686590 -0.026531 0.478183
v -0.686618 0.227486 0.421537
v -0.686602 0.073665 0.467644
v -0.686624 0.356149 0.341158
v -0.686628 0.518862 0.008904
v -0.686626 0.437236 0.249691
v -0.686628 0.491884 0.138258
v -0.686624 0.426169 -0.308603
v -0.686626 0.475974 -0.219369
v -0.686622 0.350078 -0.388982
v -0.686627 0.510561 -0.113533
v -0.686609 0.155701 -0.492743
v -0.686592 0.034102 -0.516163
v -0.686593 0.024949 -0.519691
v -0.686579 -0.055184 -0.527448
v -0.686591 0.003660 0.136336
v -0.686572 -0.132107 0.198764
v -0.686591 0.007093 0.135353
v -0.686591 0.034133 -0.182600
v -0.686598 0.073242 0.052446
v -0.686598 0.084167 -0.073188
v -0.686596 0.069600 -0.151482
v -0.686592 0.028556 -0.183807
v -0.686575 -0.081410 -0.265466
v 0.941381 -0.048922 -0.567027
v -0.941381 -0.048922 -0.567027
v -0.928199 -0.035140 -0.663837
v 0.928199 -0.035140 -0.663837
v 0.885191 0.010628 -1.051419
v -0.885191 0.010628 -1.051419
v -0.867948 0.017684 -1.100152
v 0.867948 0.017684 -1.100152
v -0.842853 0.020384 -1.128240
v 0.842853 0.020384 -1.128240
v 0.614249 0.024333 -1.210637
v 0.474882 0.029743 -1.243181
v 0.473353 0.025593 -1.192187
v -0.473353 0.025593 -1.192187
v -0.474882 0.029743 -1.243181
v -0.614249 0.024333 -1.210637
v 0.793301 0.025613 -1.158797
v -0.793301 0.025613 -1.158797
v 0.777476 0.087746 -1.220476
v 0.630073 0.087708 -1.260990
v 0.669125 0.117432 -1.273712
v 0.748145 0.116795 -1.247029
v 0.701420 0.128379 -1.269722
v -0.630073 0.087708 -1.260990
v -0.777476 0.087746 -1.220476
v -0.748145 0.116795 -1.247029
v -0.669125 0.117432 -1.273712
v -0.701420 0.128379 -1.269722
v 0.639643 0.044895 -1.206601
v -0.639016 0.044534 -1.206563
v 0.764676 0.045789 -1.170400
v -0.765303 0.045437 -1.170000
v 0.753572 0.089047 -1.213368
v 0.650634 0.089006 -1.241648
v 0.677763 0.109423 -1.250313
v 0.732950 0.108993 -1.231688
v 0.700170 0.116767 -1.247383
v -0.650118 0.089088 -1.241962
v -0.754087 0.089129 -1.213398
v -0.733259 0.109275 -1.231902
v -0.677518 0.109710 -1.250714
v -0.700150 0.117127 -1.247754
v 0.937353 0.766049 2.469994
v 0.000000 0.781703 2.643913
v 0.396826 0.769179 2.613157
v 0.706537 0.760876 2.548865
v 0.000000 0.861697 2.694090
v 0.388332 0.849172 2.664831
v 0.705301 0.817175 2.610990
v 0.799980 0.788315 2.574991
v 0.903788 0.771826 2.510988
v -0.937353 0.766049 2.469994
v -0.396826 0.769179 2.613157
v -0.706537 0.760876 2.548865
v -0.388332 0.849172 2.664831
v -0.705301 0.817175 2.610990
v -0.799980 0.788315 2.574991
v -0.903788 0.771826 2.510988
v 0.984365 0.723504 2.832599
v 0.973721 0.696897 3.123723
v 0.955954 0.657470 3.459860
v 0.933349 0.584299 3.816400
v 0.950078 -0.158758 2.381804
v 0.000000 -0.156443 2.605899
v 0.388332 -0.156733 2.576642
v 0.705301 -0.157474 2.522800
v 0.799981 -0.158243 2.486800
v 0.903788 -0.158624 2.422798
v 0.847721 -0.111192 3.818655
v 0.868812 0.228626 2.833830
v 0.947453 -0.159603 2.770330
v 0.861288 0.033560 2.774898
v 0.866105 0.157489 2.802438
v 0.877826 0.494835 3.124290
v 0.870520 0.295189 2.862107
v 0.872331 0.391578 2.947023
v 0.875747 0.474198 3.057181
v 0.860059 0.483376 3.460372
v 0.876034 0.506328 3.158161
v 0.869720 0.520098 3.277501
v 0.863778 0.504033 3.389955
v 0.849439 -0.111063 3.791566
v 0.858413 0.469608 3.486344
v 0.852601 0.409938 3.578144
v 0.848101 0.345679 3.649288
v 0.842888 0.212569 3.731907
v 0.841302 0.143719 3.757152
v -0.984365 0.723504 2.832599
v -0.973721 0.696897 3.123723
v -0.955954 0.657470 3.459860
v -0.933349 0.584299 3.816400
v -0.950078 -0.158758 2.381804
v -0.388332 -0.156733 2.576642
v -0.705301 -0.157474 2.522800
v -0.799981 -0.158243 2.486800
v -0.903788 -0.158624 2.422798
v -0.847721 -0.111192 3.818655
v -0.868812 0.228626 2.833830
v -0.947415 -0.159603 2.770330
v -0.861288 0.033560 2.774898
v -0.866105 0.157489 2.802438
v -0.877826 0.494835 3.124290
v -0.870520 0.295189 2.862107
v -0.872331 0.391578 2.947023
v -0.875747 0.474198 3.057181
v -0.860059 0.483376 3.460372
v -0.876034 0.506328 3.158161
v -0.869720 0.520098 3.277501
v -0.863778 0.504033 3.389955
v -0.849439 -0.111063 3.791566
v -0.858413 0.469608 3.486344
v -0.852601 0.409938 3.578144
v -0.848101 0.345679 3.649288
v -0.842888 0.212569 3.731907
v -0.841302 0.143719 3.757152
v 0.937876 0.431866 2.458325
v 0.974113 -0.170805 2.768345
v -0.974113 -0.170805 2.768345
v -0.947915 -0.159224 2.697917
v -1.059720 0.032758 2.777718
v -1.091652 0.152624 2.805723
v -1.066171 0.139886 3.751523
v -1.019919 -0.038418 3.774867
v -1.078689 0.209946 3.727108
v -1.088095 0.304420 3.680402
v -1.094939 0.349003 3.644312
v -1.101432 0.412693 3.577435
v -1.109949 0.501860 3.395918
v -1.106741 0.470015 3.485085
v -1.114099 0.503983 3.165573
v -1.112033 0.516721 3.282338
v -1.111968 0.468953 3.061547
v -1.112566 0.393586 2.947966
v -1.104892 0.292743 2.866228
v -1.014562 -0.053563 3.777077
v -0.996158 -0.107143 3.776201
v -0.614657 0.032759 2.777910
v -0.614656 -0.170805 2.768537
v -0.614657 0.152625 2.805914
v -0.614657 0.139887 3.751715
v -0.614657 -0.038418 3.775058
v -0.614657 0.209946 3.727299
v -0.614657 0.304420 3.680593
v -0.614657 0.349003 3.644503
v -0.614657 0.412694 3.577627
v -0.614657 0.501860 3.396110
v -0.614657 0.470015 3.485277
v -0.614657 0.503983 3.165765
v -0.614657 0.516721 3.282529
v -0.614657 0.468954 3.061738
v -0.614657 0.393587 2.948157
v -0.614657 0.292743 2.866420
v -0.614657 -0.053563 3.777268
v -0.614657 -0.107143 3.776392
v 1.059720 0.032758 2.777718
v 1.091652 0.152624 2.805723
v 1.066171 0.139886 3.751523
v 1.019919 -0.038418 3.774867
v 1.078689 0.209946 3.727108
v 1.088095 0.304420 3.680402
v 1.094939 0.349003 3.644312
v 1.101432 0.412693 3.577435
v 1.109949 0.501860 3.395918
v 1.106741 0.470015 3.485085
v 1.114099 0.503983 3.165573
v 1.112033 0.516721 3.282338
v 1.111968 0.468953 3.061547
v 1.112566 0.393586 2.947966
v 1.104892 0.292743 2.866228
v 1.014562 -0.053563 3.777077
v 0.996158 -0.107143 3.776201
v 0.614657 0.032759 2.777910
v 0.614656 -0.170805 2.768537
v 0.614657 0.152625 2.805914
v 0.614657 0.139887 3.751715
v 0.614657 -0.038418 3.775058
v 0.614657 0.209946 3.727299
v 0.614657 0.304420 3.680593
v 0.614657 0.349003 3.644503
v 0.614657 0.412694 3.577627
v 0.614657 0.501860 3.396110
v 0.614657 0.470015 3.485277
v 0.614657 0.503983 3.165765
v 0.614657 0.516721 3.282529
v 0.614657 0.468954 3.061738
v 0.614657 0.393587 2.948157
v 0.614657 0.292743 2.866420
v 0.614657 -0.053563 3.777268
v 0.614657 -0.107143 3.776392
v -1.040487 0.032758 2.777718
v -0.954880 -0.170805 2.768345
v -1.072419 0.152624 2.805723
v -1.046939 0.139886 3.751523
v -1.000686 -0.038418 3.774867
v -1.059457 0.209946 3.727108
v -1.068862 0.304420 3.680402
v -1.075706 0.349003 3.644312
v -1.082199 0.412693 3.577435
v -1.090716 0.501860 3.395918
v -1.087508 0.470015 3.485085
v -1.094866 0.503983 3.165573
v -1.092800 0.516721 3.282338
v -1.092735 0.468953 3.061547
v -1.093333 0.393586 2.947966
v -1.085659 0.292743 2.866228
v -0.995329 -0.053563 3.777077
v -0.976925 -0.107143 3.776201
v -1.040477 0.036014 2.754385
v -0.954869 -0.169837 2.744908
v -1.072411 0.160047 2.783375
v -1.046949 0.145363 3.774457
v -1.000697 -0.035236 3.798106
v -1.059466 0.219089 3.748757
v -1.068870 0.317164 3.700265
v -1.075713 0.364971 3.661559
v -1.082205 0.431353 3.591852
v -1.090718 0.524793 3.401443
v -1.087512 0.491265 3.495323
v -1.094864 0.527025 3.160500
v -1.092800 0.540344 3.282590
v -1.092731 0.490200 3.051143
v -1.093327 0.411146 2.932005
v -1.085652 0.305008 2.845977
v -0.995341 -0.051944 3.800555
v -0.976936 -0.107529 3.799654
v -0.573889 0.035945 2.754577
v -0.573889 -0.169837 2.745111
v -0.574444 0.160035 2.783465
v -0.574565 0.145346 3.774774
v -0.573889 -0.035201 3.798304
v -0.574333 0.219125 3.749187
v -0.574602 0.317195 3.700542
v -0.573890 0.365032 3.661883
v -0.574555 0.431423 3.592120
v -0.573890 0.524840 3.401659
v -0.573890 0.491264 3.495529
v -0.574564 0.527087 3.160685
v -0.573890 0.540374 3.282793
v -0.574671 0.490218 3.051334
v -0.573890 0.411146 2.932205
v -0.574693 0.305009 2.846171
v -0.574451 -0.052042 3.800945
v -0.573889 -0.107529 3.799858
v 1.040487 0.032758 2.777718
v 0.954880 -0.170805 2.768345
v 1.072419 0.152624 2.805723
v 1.046939 0.139886 3.751523
v 1.000686 -0.038418 3.774867
v 1.059457 0.209946 3.727108
v 1.068862 0.304420 3.680402
v 1.075706 0.349003 3.644312
v 1.082199 0.412693 3.577435
v 1.090716 0.501860 3.395918
v 1.087508 0.470015 3.485085
v 1.094866 0.503983 3.165573
v 1.092800 0.516721 3.282338
v 1.092735 0.468953 3.061547
v 1.093333 0.393586 2.947966
v 1.085659 0.292743 2.866228
v 0.995329 -0.053563 3.777077
v 0.976925 -0.107143 3.776201
v 1.040477 0.036014 2.754385
v 0.954869 -0.169837 2.744908
v 1.072411 0.160047 2.783375
v 1.046949 0.145363 3.774457
v 1.000697 -0.035236 3.798106
v 1.059466 0.219089 3.748757
v 1.068870 0.317164 3.700265
v 1.075713 0.364971 3.661559
v 1.082205 0.431353 3.591852
v 1.090718 0.524793 3.401443
v 1.087512 0.491265 3.495323
v 1.094864 0.527025 3.160500
v 1.092800 0.540344 3.282590
v 1.092731 0.490200 3.051143
v 1.093327 0.411146 2.932005
v 1.085652 0.305008 2.845977
v 0.995341 -0.051944 3.800555
v 0.976936 -0.107529 3.799654
v 0.580814 0.035945 2.754577
v 0.580814 -0.169837 2.745111
v 0.581368 0.160035 2.783465
v 0.581490 0.145346 3.774774
v 0.580814 -0.035201 3.798304
v 0.581258 0.219125 3.749187
v 0.581526 0.317195 3.700542
v 0.580815 0.365032 3.661883
v 0.581480 0.431423 3.592120
v 0.580815 0.524840 3.401659
v 0.580815 0.491264 3.495529
v 0.581488 0.527087 3.160685
v 0.580815 0.540374 3.282793
v 0.581596 0.490218 3.051334
v 0.580815 0.411146 2.932205
v 0.581618 0.305009 2.846171
v 0.581375 -0.052042 3.800945
v 0.580814 -0.107529 3.799858
v -0.916373 0.534701 3.965438
v -0.909943 0.525449 3.819472
v 0.916373 0.534701 3.965438
v 0.909943 0.525449 3.819472
v 0.463102 0.529321 -1.203227
v 0.000000 0.528276 -1.239421
v 0.463553 0.529322 -1.102688
v 0.000001 0.528278 -1.138881
v 0.768451 0.780502 -1.104360
v 0.499841 0.793321 -1.154801
v 0.484564 0.777074 -1.150379
v 0.469188 0.599582 -1.188239
v 0.768902 0.780503 -1.003821
v 0.500293 0.793322 -1.054262
v 0.485015 0.777075 -1.049840
v 0.469639 0.599583 -1.087700
v 0.772575 0.791042 -1.112144
v 0.774397 0.895254 -1.058596
v 0.796431 0.897851 -0.558731
v 0.768902 0.521196 -1.003951
v 0.796430 0.521869 -0.558861
v 0.000000 0.940020 -0.661630
v 0.451572 0.925343 -0.632540
v 0.000000 0.876761 -0.661649
v 0.451572 0.864293 -0.632559
v 0.796431 0.840939 -0.558751
v 0.768902 0.741251 -1.003841
v 0.497980 0.790863 -1.053593
v 0.497529 0.790862 -1.154132
v 0.745248 0.521789 -0.270230
v 0.563734 0.521948 -0.270231
v -0.000029 0.876684 -0.270231
v 0.563985 0.864214 -0.270231
v 0.745248 0.840859 -0.270230
v 0.463003 0.416255 -1.104413
v 0.000001 0.415220 -1.141084
v 0.767266 0.408135 -1.005074
v 0.795664 0.408794 -0.559388
v 0.000000 0.409036 -0.662907
v 0.451169 0.408951 -0.633539
v 0.745183 0.408715 -0.338636
v -0.000029 0.408959 -0.338625
v 0.563673 0.408873 -0.338630
v -0.463102 0.529321 -1.203227
v -0.463553 0.529322 -1.102688
v -0.768451 0.780502 -1.104360
v -0.499841 0.793321 -1.154801
v -0.484564 0.777074 -1.150379
v -0.469188 0.599582 -1.188239
v -0.768902 0.780503 -1.003821
v -0.500293 0.793322 -1.054262
v -0.485015 0.777075 -1.049840
v -0.469639 0.599583 -1.087700
v -0.772575 0.791042 -1.112144
v -0.774397 0.895254 -1.058596
v -0.796431 0.897851 -0.558731
v -0.768902 0.521196 -1.003951
v -0.796430 0.521869 -0.558861
v -0.451572 0.925343 -0.632540
v -0.451572 0.864293 -0.632559
v -0.796431 0.840939 -0.558751
v -0.768902 0.741251 -1.003841
v -0.497980 0.790863 -1.053593
v -0.497529 0.790862 -1.154132
v -0.745248 0.521789 -0.270230
v -0.563734 0.521948 -0.270231
v -0.563985 0.864214 -0.270231
v -0.745248 0.840859 -0.270230
v -0.463003 0.416255 -1.104413
v -0.767266 0.408135 -1.005074
v -0.795664 0.408794 -0.559388
v -0.451169 0.408951 -0.633539
v -0.745183 0.408715 -0.338636
v -0.563673 0.408873 -0.338630
v 0.938736 0.611874 3.127950
v 0.962992 0.516483 3.114531
v 0.655374 0.516463 3.114621
v 0.679098 0.611871 3.128025
v 0.676291 0.611847 3.409528
v 0.652037 0.516501 3.421313
v 0.949122 0.516508 3.421162
v 0.927038 0.611847 3.409400
v 0.654676 0.524971 3.182723
v 0.678512 0.613129 3.190243
v 0.932628 0.614883 3.276788
v 0.936183 0.613131 3.190146
v 0.677694 0.614883 3.276917
v 0.955749 0.536823 3.277459
v 0.959966 0.524983 3.182614
v 0.929993 0.613452 3.339283
v 0.677034 0.613452 3.339411
v 0.652919 0.527246 3.345322
v 0.952627 0.527248 3.345181
v 0.627566 0.594004 3.188863
v 0.626742 0.595832 3.276445
v 0.653704 0.536823 3.277595
v 0.602752 0.517771 3.277137
v 0.603730 0.505845 3.181341
v 0.626105 0.594468 3.339862
v 0.601991 0.508262 3.345774
v -0.638301 0.516463 3.114621
v -0.945920 0.516483 3.114531
v -0.921663 0.611874 3.127950
v -0.662027 0.611871 3.128025
v -0.932050 0.516508 3.421162
v -0.634965 0.516501 3.421313
v -0.659220 0.611847 3.409528
v -0.909966 0.611847 3.409400
v -0.661440 0.613129 3.190243
v -0.637604 0.524971 3.182723
v -0.919111 0.613131 3.190146
v -0.915555 0.614883 3.276788
v -0.660623 0.614883 3.276917
v -0.942894 0.524983 3.182614
v -0.938677 0.536823 3.277459
v -0.659961 0.613452 3.339411
v -0.912921 0.613452 3.339283
v -0.635846 0.527246 3.345322
v -0.935554 0.527248 3.345181
v -0.610494 0.594004 3.188863
v -0.609670 0.595832 3.276445
v -0.585680 0.517771 3.277137
v -0.636632 0.536823 3.277595
v -0.586657 0.505845 3.181341
v -0.609033 0.594468 3.339862
v -0.584918 0.508262 3.345774
v 0.699175 0.611842 3.202817
v 0.698488 0.613770 3.275608
v 0.698488 0.624481 3.275618
v 0.699175 0.622549 3.202653
v 0.912586 0.613770 3.275499
v 0.915574 0.611843 3.202735
v 0.915573 0.622550 3.202569
v 0.912586 0.624481 3.275506
v 0.699668 0.610458 3.150564
v 0.699668 0.621165 3.150398
v 0.917717 0.610461 3.150499
v 0.917717 0.621168 3.150334
v 0.697933 0.612196 3.328092
v 0.697310 0.610431 3.386978
v 0.697310 0.621137 3.387166
v 0.697933 0.622903 3.328279
v 0.907893 0.610432 3.386871
v 0.910375 0.612196 3.327985
v 0.910375 0.622903 3.328172
v 0.907893 0.621139 3.387057
v -0.681416 0.624481 3.275618
v -0.681416 0.613770 3.275608
v -0.682103 0.611842 3.202817
v -0.682103 0.622549 3.202653
v -0.898501 0.622550 3.202569
v -0.898501 0.611843 3.202735
v -0.895515 0.613770 3.275499
v -0.895515 0.624481 3.275506
v -0.682596 0.610458 3.150564
v -0.682596 0.621165 3.150398
v -0.900645 0.610461 3.150499
v -0.900645 0.621168 3.150334
v -0.680239 0.621137 3.387166
v -0.680239 0.610431 3.386978
v -0.680862 0.612196 3.328092
v -0.680862 0.622903 3.328279
v -0.893303 0.622903 3.328172
v -0.893303 0.612196 3.327985
v -0.890820 0.610432 3.386871
v -0.890820 0.621139 3.387057
v 0.732238 0.617107 3.222939
v 0.731760 0.620906 3.273515
v 0.731760 0.642014 3.273523
v 0.732238 0.638207 3.222823
v 0.880522 0.620906 3.273441
v 0.882596 0.617111 3.222880
v 0.882596 0.638209 3.222764
v 0.880522 0.642014 3.273446
v 0.732579 0.614381 3.186631
v 0.732579 0.635480 3.186515
v 0.884087 0.614386 3.186588
v 0.884086 0.635485 3.186473
v 0.731374 0.617807 3.309981
v 0.730941 0.614327 3.350898
v 0.730941 0.635425 3.351027
v 0.731374 0.638903 3.310113
v 0.877260 0.614329 3.350822
v 0.878985 0.617807 3.309908
v 0.878985 0.638904 3.310037
v 0.877260 0.635426 3.350953
v -0.714687 0.642014 3.273523
v -0.714687 0.620906 3.273515
v -0.715165 0.617107 3.222939
v -0.715165 0.638207 3.222823
v -0.865524 0.638209 3.222764
v -0.865524 0.617111 3.222880
v -0.863449 0.620906 3.273441
v -0.863449 0.642014 3.273446
v -0.715507 0.614381 3.186631
v -0.715507 0.635480 3.186515
v -0.867014 0.614386 3.186588
v -0.867014 0.635485 3.186473
v -0.713870 0.635425 3.351027
v -0.713870 0.614327 3.350898
v -0.714301 0.617807 3.309981
v -0.714301 0.638903 3.310113
v -0.861912 0.638904 3.310037
v -0.861912 0.617807 3.309908
v -0.860187 0.614329 3.350822
v -0.860187 0.635426 3.350953
v 0.355923 0.508701 2.691158
v 0.355923 0.732827 2.691158
v 0.298361 0.732827 2.691158
v 0.298361 0.550753 2.691158
v 0.298362 0.733690 2.635530
v 0.298362 0.551861 2.635530
v 0.355923 0.733690 2.635530
v 0.355923 0.509766 2.635530
v 0.266670 0.718538 2.604549
v 0.305354 0.718538 2.604549
v 0.305354 0.551707 2.604549
v 0.269279 0.648786 2.605512
v 0.265026 0.647741 2.671402
v 0.262419 0.717504 2.670537
v 0.265026 0.647741 2.800824
v 0.262419 0.717504 2.800824
v 0.305354 0.717504 2.800824
v 0.305354 0.717504 2.670537
v 0.525007 0.508701 2.797417
v 0.525007 0.508701 2.670537
v 0.525007 0.717504 2.670537
v 0.525007 0.717504 2.797417
v 0.523076 0.509766 2.604549
v 0.523076 0.718538 2.604549
v 0.267648 0.554454 2.605300
v 0.263723 0.553343 2.671095
v 0.305354 0.550746 2.670537
v 0.303995 0.551861 2.670415
v 0.303722 0.552870 2.604058
v 0.263945 0.553343 2.800824
v 0.305354 0.550746 2.800824
v 0.304272 0.551861 2.800824
v 0.365131 0.717504 2.799116
v 0.365131 0.508652 2.799116
v 0.365131 0.508652 2.670537
v 0.365131 0.717504 2.670537
v 0.357576 0.509766 2.604549
v 0.357576 0.718538 2.604549
v 0.265035 0.647741 2.809779
v 0.262426 0.717504 2.809779
v 0.305361 0.717504 2.809779
v 0.305362 0.550746 2.809779
v 0.304279 0.551861 2.809779
v 0.263953 0.553343 2.809779
v 0.880563 0.707431 2.557196
v 0.924571 0.702694 2.806292
v 0.924571 0.549282 2.806292
v 0.880563 0.552700 2.557196
v 0.577116 0.548466 2.868348
v 0.577338 0.702045 2.868061
v 0.533184 0.706510 2.618389
v 0.533184 0.552042 2.618389
v 0.912477 0.702694 2.808897
v 0.868474 0.707431 2.559742
v 0.880563 0.463637 2.557196
v 0.924571 0.463635 2.806292
v 0.912477 0.463635 2.808897
v 0.868474 0.463637 2.559742
v 0.577116 0.462875 2.868348
v 0.533184 0.462876 2.618389
v 0.868474 0.552700 2.559742
v 0.912477 0.549282 2.808897
v 0.533184 0.484165 2.618389
v 0.577116 0.483889 2.868348
v 0.912477 0.484517 2.808897
v 0.868474 0.484804 2.559742
v 0.924571 0.484517 2.806292
v 0.880563 0.484804 2.557196
v 0.572122 0.483889 2.874796
v 0.525774 0.484165 2.613770
v 0.525774 0.462876 2.613770
v 0.572122 0.462875 2.874796
v 0.913667 0.463635 2.814633
v 0.913667 0.484517 2.814633
v 0.867420 0.484804 2.552446
v 0.867420 0.463637 2.552446
v 0.931914 0.463635 2.811687
v 0.931914 0.484517 2.811687
v 0.885634 0.484804 2.549878
v 0.885634 0.463637 2.549878
v 0.561395 0.483889 2.891334
v 0.510385 0.484165 2.602470
v 0.510385 0.462876 2.602470
v 0.561395 0.462875 2.891334
v 0.915996 0.463635 2.828573
v 0.915996 0.484517 2.828573
v 0.864974 0.484804 2.539848
v 0.864974 0.463637 2.539848
v 0.947318 0.463635 2.822803
v 0.947318 0.484517 2.822803
v 0.896296 0.484804 2.534066
v 0.896296 0.463637 2.534066
v -0.786293 0.371117 3.673131
v -0.786293 0.598074 3.673131
v -0.786293 0.598074 3.745521
v -0.786293 0.369226 3.745521
v -0.856607 0.599714 3.745521
v -0.856607 0.370577 3.745521
v -0.856607 0.599714 3.673131
v -0.856607 0.372568 3.673131
v -0.895102 0.580399 3.785499
v -0.895102 0.580399 3.736545
v -0.895102 0.370383 3.736545
v -0.894097 0.492527 3.782197
v -0.811144 0.491264 3.827944
v -0.812152 0.579012 3.831254
v -0.648997 0.491264 3.827944
v -0.647731 0.579012 3.820005
v -0.649003 0.579012 3.736545
v -0.812152 0.579012 3.736545
v -0.652753 0.482517 3.552360
v -0.812152 0.482517 3.552360
v -0.812152 0.579012 3.552360
v -0.652753 0.579012 3.552360
v -0.895102 0.483937 3.572756
v -0.895102 0.580399 3.572756
v -0.894451 0.374131 3.784231
v -0.811293 0.372710 3.829597
v -0.812152 0.369215 3.736545
v -0.812324 0.370577 3.738210
v -0.895458 0.371960 3.738444
v -0.648997 0.372710 3.829444
v -0.649003 0.369215 3.736545
v -0.649003 0.370577 3.738019
v -0.650805 0.579012 3.661441
v -0.650805 0.371078 3.661441
v -0.812152 0.371078 3.661441
v -0.812152 0.579012 3.661441
v -0.895102 0.372568 3.670963
v -0.895102 0.580399 3.670963
v -0.637034 0.491264 3.827944
v -0.637035 0.579012 3.831254
v -0.637040 0.579012 3.736545
v -0.637040 0.369215 3.736545
v -0.637040 0.370577 3.738019
v -0.637034 0.372710 3.829444
v -0.001676 -0.142883 -0.194000
v -0.059715 -0.112703 -0.194000
v -0.001676 -0.039838 -0.194000
v -0.084684 -0.039838 -0.194000
v -0.059715 0.033022 -0.194000
v -0.001676 0.036305 -0.194000
v 0.060844 0.033022 -0.194000
v 0.085811 -0.039838 -0.194000
v 0.060844 -0.112703 -0.194000
v -0.001676 0.105488 -0.120569
v -0.100192 0.055049 -0.120569
v -0.100192 0.055049 0.027006
v -0.001676 0.105488 0.027006
v 0.101321 0.055049 -0.120569
v 0.101321 0.055049 0.027006
v -0.141928 -0.039838 -0.120569
v -0.141928 -0.039838 0.027006
v 0.143056 -0.039838 0.027006
v 0.143056 -0.039838 -0.120569
v -0.100192 -0.161621 -0.120569
v -0.100192 -0.161621 0.027006
v 0.101321 -0.161621 -0.120569
v 0.101321 -0.161621 0.027006
v -0.001676 -0.212060 -0.120569
v -0.001676 -0.212064 0.027006
v -0.094989 0.048759 0.135973
v -0.001676 0.096598 0.119553
v -0.000542 -0.019143 0.135162
v -0.024176 -0.031197 0.135162
v 0.096116 0.048759 0.135973
v 0.025690 -0.031197 0.135162
v -0.134567 -0.039838 0.135973
v -0.034503 -0.060299 0.135162
v 0.036019 -0.060299 0.135162
v 0.135695 -0.039838 0.135973
v -0.094989 -0.155332 0.135973
v -0.024176 -0.089403 0.135162
v 0.096116 -0.155332 0.135973
v 0.025690 -0.089403 0.135162
v -0.001676 -0.203175 0.135973
v -0.000542 -0.101456 0.135162
v 0.425087 0.044979 -0.145083
v 0.425087 0.044979 -0.084970
v 0.191472 -0.103671 -0.084970
v 0.191472 -0.103671 -0.145083
v -0.499190 0.064719 -0.084970
v -0.499190 0.064719 -0.145083
v -0.200672 -0.103671 -0.145083
v -0.200672 -0.103671 -0.084970
v -0.137949 -0.191118 -0.084970
v -0.137949 0.084548 -0.084970
v -0.137949 -0.191118 -0.145083
v -0.137949 0.084548 -0.145083
v 0.123627 0.084548 -0.145083
v 0.123627 0.084548 -0.084970
v 0.123627 -0.191118 -0.145083
v 0.123627 -0.191118 -0.084970
v -0.155968 0.077132 -0.084970
v -0.523985 0.221652 -0.084970
v -0.523985 0.221652 -0.145083
v -0.155968 0.077132 -0.145083
v 0.141176 0.078099 -0.145083
v 0.449237 0.202872 -0.145083
v 0.449237 0.202872 -0.084970
v 0.141176 0.078099 -0.084970
v -0.000542 -0.090768 2.255433
v -0.024176 -0.078713 2.255433
v -0.000542 -0.049610 2.296402
v -0.034503 -0.049610 2.255433
v -0.024176 -0.020508 2.255433
v -0.000542 -0.008454 2.255433
v 0.025690 -0.020508 2.255433
v 0.036019 -0.049610 2.255433
v 0.025690 -0.078713 2.255433
v 0.425087 0.044979 0.075026
v 0.425087 0.044979 0.135145
v 0.191472 -0.103671 0.135145
v 0.191472 -0.103671 0.075026
v -0.499190 0.064719 0.135145
v -0.499190 0.064719 0.075026
v -0.200672 -0.103671 0.075026
v -0.200672 -0.103671 0.135145
v -0.137949 -0.191118 0.135145
v -0.137949 0.084548 0.135145
v -0.137949 -0.191118 0.075026
v -0.137949 0.084548 0.075026
v 0.123627 0.084548 0.075026
v 0.123627 0.084548 0.135145
v 0.123627 -0.191118 0.075026
v 0.123627 -0.191118 0.135145
v -0.155968 0.077132 0.135145
v -0.523985 0.221652 0.086939
v -0.523985 0.221652 0.075026
v -0.155968 0.077132 0.075026
v 0.141176 0.078099 0.075026
v 0.449237 0.202872 0.075026
v 0.449237 0.202872 0.086939
v 0.141176 0.078099 0.135145
v 0.863055 0.769291 -1.081554
v 0.906427 0.729697 -1.081324
v 0.890697 0.757380 -1.076643
v 0.915872 0.567197 -1.113026
v 0.900002 0.542933 -1.117850
v 0.857323 0.532491 -1.134858
v 0.629090 0.525671 -1.171746
v 0.508503 0.783837 -1.164431
v 0.856488 0.763375 -1.094184
v 0.897958 0.727751 -1.093916
v 0.885247 0.750665 -1.089442
v 0.906804 0.572143 -1.124336
v 0.891567 0.548862 -1.128971
v 0.477515 0.541558 -1.224485
v 0.498035 0.772245 -1.164579
v 0.621854 0.778557 -1.143129
v 0.616413 0.538607 -1.193506
v 0.635076 0.777941 -1.140645
v 0.627531 0.538371 -1.191026
v 0.760192 0.542711 -1.164780
v 0.758885 0.772175 -1.117377
v 0.772172 0.543126 -1.162420
v 0.772655 0.771215 -1.114427
v 0.772294 0.600501 -1.150347
v 0.905334 0.598018 -1.119278
v 0.759865 0.600082 -1.152928
v 0.629518 0.601474 -1.177755
v 0.617836 0.601364 -1.180330
v 0.485341 0.602749 -1.209317
v 0.482957 0.602733 -1.208598
v 0.507701 0.783024 -1.160602
v 0.855615 0.762573 -1.090347
v 0.897212 0.726911 -1.090082
v 0.884500 0.749825 -1.085608
v 0.903993 0.571429 -1.120410
v 0.890948 0.548124 -1.125069
v 0.476659 0.540749 -1.220666
v 0.621053 0.777744 -1.139300
v 0.615556 0.537798 -1.189687
v 0.634326 0.777150 -1.136801
v 0.626793 0.537579 -1.187179
v 0.759454 0.541919 -1.160933
v 0.758135 0.771383 -1.113533
v 0.771153 0.542339 -1.158637
v 0.771652 0.770428 -1.110640
v 0.882826 0.597904 -1.116994
v 0.771283 0.599714 -1.146563
v 0.899651 0.598093 -1.116412
v 0.902604 0.597201 -1.115435
v 0.759121 0.599290 -1.149083
v 0.628774 0.600682 -1.173910
v 0.617008 0.600553 -1.176506
v 0.484510 0.601938 -1.205494
v 0.869296 0.570488 -1.098104
v 0.861468 0.559732 -1.100251
v 0.805994 0.557035 -1.115800
v 0.857724 0.582712 -1.096524
v 0.806053 0.583519 -1.110227
v 0.865391 0.582795 -1.096259
v 0.868383 0.582362 -1.095919
v 0.661249 0.553587 -1.146131
v 0.723719 0.555631 -1.133772
v 0.723562 0.582647 -1.128191
v 0.662183 0.583302 -1.139882
v -0.863055 0.769291 -1.081554
v -0.906427 0.729697 -1.081324
v -0.890697 0.757380 -1.076643
v -0.915872 0.567197 -1.113026
v -0.900002 0.542933 -1.117850
v -0.857323 0.532491 -1.134858
v -0.629090 0.525671 -1.171746
v -0.508503 0.783837 -1.164431
v -0.856488 0.763375 -1.094184
v -0.897958 0.727751 -1.093916
v -0.885247 0.750665 -1.089442
v -0.906804 0.572143 -1.124336
v -0.891567 0.548862 -1.128971
v -0.477515 0.541558 -1.224485
v -0.498035 0.772245 -1.164579
v -0.621854 0.778557 -1.143129
v -0.616413 0.538607 -1.193506
v -0.635076 0.777941 -1.140645
v -0.627531 0.538371 -1.191026
v -0.760192 0.542711 -1.164780
v -0.758885 0.772175 -1.117377
v -0.772172 0.543126 -1.162420
v -0.772655 0.771215 -1.114427
v -0.772294 0.600501 -1.150347
v -0.905334 0.598018 -1.119278
v -0.759865 0.600082 -1.152928
v -0.629518 0.601474 -1.177755
v -0.617836 0.601364 -1.180330
v -0.485341 0.602749 -1.209317
v -0.482957 0.602733 -1.208598
v -0.507701 0.783024 -1.160602
v -0.855615 0.762573 -1.090347
v -0.897212 0.726911 -1.090082
v -0.884500 0.749825 -1.085608
v -0.903993 0.571429 -1.120410
v -0.890948 0.548124 -1.125069
v -0.476659 0.540749 -1.220666
v -0.621053 0.777744 -1.139300
v -0.615556 0.537798 -1.189687
v -0.634326 0.777150 -1.136801
v -0.626793 0.537579 -1.187179
v -0.759454 0.541919 -1.160933
v -0.758135 0.771383 -1.113533
v -0.771153 0.542339 -1.158637
v -0.771652 0.770428 -1.110640
v -0.882826 0.597904 -1.116994
v -0.771283 0.599714 -1.146563
v -0.899651 0.598093 -1.116412
v -0.902604 0.597201 -1.115435
v -0.759121 0.599290 -1.149083
v -0.628774 0.600682 -1.173910
v -0.617008 0.600553 -1.176506
v -0.484510 0.601938 -1.205494
v -0.881997 0.570588 -1.122056
v -0.873248 0.554718 -1.125225
v -0.791394 0.550738 -1.148168
v -0.867724 0.588624 -1.119723
v -0.791482 0.589816 -1.139945
v -0.879038 0.588748 -1.119334
v -0.880650 0.588108 -1.118833
v -0.644758 0.545743 -1.178508
v -0.740210 0.548865 -1.159623
v -0.739970 0.590145 -1.151097
v -0.646184 0.591147 -1.168960
v -0.977149 0.757312 2.690745
v -0.988288 0.757312 2.690745
v -0.988288 0.881602 2.690202
v -0.977149 0.881602 2.690202
v -0.977149 0.758142 2.701854
v -0.977149 0.882432 2.701313
v -0.988288 0.758142 2.701854
v -0.988288 0.882432 2.701313
v -0.985449 0.888913 2.692507
v -0.979989 0.888913 2.692507
v -0.979989 0.889107 2.697960
v -0.985449 0.889107 2.697960
v -0.985449 1.482301 2.691974
v -0.979989 1.482301 2.691974
v -0.979989 1.482452 2.697432
v -0.985449 1.482452 2.697432
v -0.988120 1.482226 2.689305
v -0.977318 1.482226 2.689305
v -0.989444 1.515120 2.687192
v -0.975993 1.515120 2.687192
v -0.977318 1.482526 2.700100
v -0.975993 1.515493 2.700638
v -0.988120 1.482526 2.700100
v -0.989444 1.515493 2.700638
v -1.000974 0.699458 2.717222
v -0.964464 0.708464 2.713423
v -0.972883 0.758461 2.706108
v -0.992554 0.758461 2.706108
v -0.964464 0.705745 2.677014
v -0.972883 0.756994 2.686494
v -1.000974 0.696737 2.680817
v -0.992554 0.756994 2.686494
v 0.000000 0.010628 -1.051419
v 0.000000 0.017684 -1.100152
v 0.000000 -0.035140 -0.663837
v 0.000000 0.020384 -1.128240
v 0.000000 -0.048922 -0.567027
v 0.000000 0.025593 -1.192187
v 0.000000 -0.055184 -0.526513
v 0.000000 -0.081410 -0.265466
v 0.000000 0.034133 -0.182600
v 0.000000 -0.055184 -0.527448
v 0.000000 0.069600 -0.151482
v 0.000000 0.084167 -0.073188
v 0.000000 0.073242 0.052446
v 0.000000 0.003660 0.136336
v 0.000000 -0.132107 0.198764
v 0.000000 -0.148324 0.467192
v 0.000000 -0.149372 0.730641
v 0.000000 -0.150585 0.949775
v 0.000000 -0.148324 0.468126
v 0.000000 -0.157366 2.297201
v 0.000000 -0.158624 2.422798
v 0.000000 -0.158243 2.486800
v 0.000000 -0.158758 2.381804
v 0.000000 -0.157474 2.522800
v 0.000000 -0.156733 2.576642
v 0.000000 0.023146 -1.221835
v 0.416507 0.022014 -1.195243
v -0.416507 0.022014 -1.195243
v 0.587476 -0.123821 -0.582732
v 0.628809 -0.035473 -0.571343
v 0.628776 -0.013698 -0.728411
v 0.587446 -0.110511 -0.732949
v -0.338524 -0.110511 -0.732949
v -0.338521 -0.123821 -0.582732
v -0.585202 -0.123821 -0.582732
v -0.620929 -0.035473 -0.571343
v -0.379853 -0.035473 -0.571343
v -0.585200 -0.110511 -0.732949
v -0.620927 -0.013698 -0.728411
v 0.628692 0.005408 -0.848470
v 0.587369 -0.099050 -0.852204
v -0.338532 -0.099050 -0.852204
v -0.585190 -0.099050 -0.852204
v -0.620917 0.005408 -0.848470
v 0.628503 0.022926 -0.946295
v 0.587199 -0.083107 -0.935310
v -0.338546 -0.083134 -0.935094
v -0.585173 -0.083106 -0.935313
v -0.620899 0.022926 -0.946295
v 0.507238 -0.055565 -1.017237
v 0.544626 0.039091 -1.096296
v -0.322815 0.039091 -1.096296
v -0.293167 -0.055565 -1.017237
v -0.566991 -0.055565 -1.017237
v -0.535278 0.039091 -1.096296
v 0.587476 -0.108692 -0.379291
v -0.338521 -0.108692 -0.379291
v 0.628809 -0.060243 -0.341264
v -0.379853 -0.060243 -0.341264
v 0.849734 -0.206291 2.383806
v 0.340481 -0.206291 2.383806
v 0.340481 -0.148205 2.423763
v 0.895439 -0.148205 2.423763
v 0.849733 -0.201590 1.440986
v 0.895438 -0.143503 1.441053
v 0.382743 -0.201590 1.478395
v 0.144764 -0.201590 1.478395
v 0.340481 -0.143503 1.441053
v 0.102502 -0.143503 1.441053
v 0.144764 -0.206291 2.383806
v 0.102502 -0.148205 2.423763
v 0.849732 -0.199648 1.036120
v 0.895438 -0.141561 1.019659
v 0.382742 -0.199648 0.998724
v 0.340481 -0.141561 1.019659
v 0.144763 -0.199648 0.998758
v 0.102502 -0.141561 1.019659
v 0.144763 -0.199609 0.890890
v 0.102502 -0.141522 0.868471
v 0.340481 -0.199609 0.890890
v 0.849732 -0.199609 0.890890
v 0.895438 -0.141522 0.868471
v 0.146130 -0.199532 0.636113
v 0.103869 -0.141446 0.603322
v 0.345019 -0.199532 0.636113
v 0.861665 -0.199532 0.636113
v 0.907370 -0.141446 0.603322
v 0.146469 -0.199532 0.534247
v 0.346142 -0.199532 0.534247
v 0.346142 -0.141446 0.494385
v 0.104208 -0.141446 0.494385
v 0.864621 -0.199532 0.534247
v 0.910326 -0.141446 0.494385
v -0.849905 -0.206291 2.383806
v -0.895610 -0.148205 2.423763
v -0.340652 -0.148205 2.423763
v -0.340652 -0.206291 2.383806
v -0.849904 -0.201590 1.440986
v -0.895609 -0.143503 1.441053
v -0.382913 -0.201590 1.478395
v -0.144934 -0.201590 1.478395
v -0.102672 -0.143503 1.441053
v -0.340651 -0.143503 1.441053
v -0.144934 -0.206291 2.383806
v -0.102673 -0.148205 2.423763
v -0.849903 -0.199648 1.036120
v -0.895609 -0.141561 1.019659
v -0.340651 -0.141561 1.019659
v -0.382913 -0.199648 0.998724
v -0.102672 -0.141561 1.019659
v -0.144934 -0.199648 0.998758
v -0.102672 -0.141522 0.868471
v -0.144934 -0.199609 0.890890
v -0.340651 -0.199609 0.890890
v -0.849903 -0.199609 0.890890
v -0.895609 -0.141522 0.868471
v -0.104040 -0.141446 0.603322
v -0.146301 -0.199532 0.636113
v -0.345190 -0.199532 0.636113
v -0.861836 -0.199532 0.636113
v -0.907541 -0.141446 0.603322
v -0.146639 -0.199532 0.534247
v -0.104379 -0.141446 0.494385
v -0.346313 -0.141446 0.494385
v -0.346313 -0.199532 0.534247
v -0.864793 -0.199532 0.534247
v -0.910497 -0.141446 0.494385
v 0.374868 -0.235572 1.675664
v 0.811810 -0.235572 1.675646
v 0.811810 -0.201590 1.676105
v 0.374868 -0.201590 1.676124
v 0.811811 -0.236066 1.782753
v 0.374596 -0.236066 1.782753
v 0.374596 -0.206291 1.783213
v 0.811811 -0.206291 1.783213
v 0.181386 -0.235572 1.675664
v 0.181386 -0.201590 1.676124
v 0.181386 -0.236066 1.782753
v 0.181386 -0.206291 1.783213
v -0.811982 -0.236066 1.782753
v -0.811981 -0.235572 1.675646
v -0.811981 -0.201590 1.676105
v -0.811982 -0.206291 1.783213
v -0.374767 -0.236066 1.782753
v -0.374767 -0.206291 1.783213
v -0.375039 -0.235572 1.675664
v -0.375039 -0.201590 1.676124
v -0.181556 -0.236066 1.782753
v -0.181556 -0.206291 1.783213
v -0.181556 -0.235572 1.675664
v -0.181556 -0.201590 1.676124
v 0.374868 -0.235572 2.128191
v 0.811810 -0.235572 2.128171
v 0.811810 -0.201590 2.128630
v 0.374868 -0.201590 2.128651
v 0.811811 -0.236066 2.235281
v 0.374596 -0.236066 2.235281
v 0.374596 -0.206291 2.235740
v 0.811811 -0.206291 2.235740
v 0.181386 -0.235572 2.128191
v 0.181386 -0.201590 2.128651
v 0.181386 -0.236066 2.235281
v 0.181386 -0.206291 2.235740
v -0.811982 -0.236066 2.235281
v -0.811981 -0.235572 2.128171
v -0.811981 -0.201590 2.128630
v -0.811982 -0.206291 2.235740
v -0.374767 -0.236066 2.235281
v -0.374767 -0.206291 2.235740
v -0.375039 -0.235572 2.128191
v -0.375039 -0.201590 2.128651
v -0.181556 -0.236066 2.235281
v -0.181556 -0.206291 2.235740
v -0.181556 -0.235572 2.128191
v -0.181556 -0.201590 2.128651
v 0.374868 -0.235572 0.638596
v 0.811810 -0.235572 0.638577
v 0.811810 -0.201590 0.639036
v 0.374868 -0.201590 0.639057
v 0.811811 -0.236066 0.745685
v 0.374596 -0.236066 0.745685
v 0.374596 -0.206291 0.746145
v 0.811811 -0.206291 0.746145
v 0.181386 -0.235572 0.638596
v 0.181386 -0.201590 0.639057
v 0.181386 -0.236066 0.745685
v 0.181386 -0.206291 0.746145
v 0.423314 -0.235572 1.143894
v 0.811810 -0.235572 1.143873
v 0.811810 -0.201590 1.144333
v 0.423314 -0.201590 1.144353
v 0.423042 -0.236066 1.250984
v 0.423042 -0.206291 1.251444
v 0.811811 -0.236066 1.250984
v 0.811811 -0.206291 1.251444
v -0.811982 -0.236066 0.745685
v -0.811981 -0.235572 0.638577
v -0.811981 -0.201590 0.639036
v -0.811982 -0.206291 0.746145
v -0.374767 -0.236066 0.745685
v -0.374767 -0.206291 0.746145
v -0.375039 -0.235572 0.638596
v -0.375039 -0.201590 0.639057
v -0.181556 -0.236066 0.745685
v -0.181556 -0.206291 0.746145
v -0.181556 -0.235572 0.638596
v -0.181556 -0.201590 0.639057
v -0.811982 -0.236066 1.250984
v -0.811981 -0.235572 1.143873
v -0.811981 -0.201590 1.144333
v -0.811982 -0.206291 1.251444
v -0.423213 -0.236066 1.250984
v -0.423213 -0.206291 1.251444
v -0.423485 -0.235572 1.143894
v -0.423485 -0.201590 1.144353
v 0.667208 0.108426 -1.261000
v 0.667688 0.030345 -1.259392
v 0.749008 0.033774 -1.259550
v 0.748681 0.110836 -1.261142
v 0.673414 0.102659 -1.262280
v 0.673821 0.036426 -1.260913
v 0.742799 0.039336 -1.261050
v 0.742523 0.104704 -1.262399
v 0.673426 0.102878 -1.250203
v 0.673834 0.036645 -1.248835
v 0.742812 0.039554 -1.248973
v 0.742535 0.104923 -1.250322
v 0.707968 0.115293 -1.263486
v 0.707945 0.122809 -1.262372
v 0.707980 0.115291 -1.251388
v 0.708323 0.026807 -1.247792
v 0.708310 0.026811 -1.259889
v 0.708348 0.019392 -1.258222
v 0.655649 0.069385 -1.260196
v 0.663605 0.069543 -1.261597
v 0.663622 0.069762 -1.249520
v 0.708152 0.071000 -1.249583
v 0.752662 0.072238 -1.249647
v 0.752647 0.072020 -1.261723
v 0.760621 0.072304 -1.260346
v 0.749034 0.026827 -1.047039
v 0.760654 0.065358 -1.047834
v 0.708374 0.012279 -1.045694
v 0.748706 0.103890 -1.048629
v 0.667714 0.023398 -1.046877
v 0.707971 0.114070 -1.049683
v 0.655682 0.062439 -1.047686
v 0.667234 0.101479 -1.048488
v -0.667208 0.108426 -1.261000
v -0.667688 0.030345 -1.259392
v -0.749008 0.033774 -1.259550
v -0.748681 0.110836 -1.261142
v -0.673414 0.102659 -1.262280
v -0.673821 0.036426 -1.260913
v -0.742799 0.039336 -1.261050
v -0.742523 0.104704 -1.262399
v -0.673426 0.102878 -1.250203
v -0.673834 0.036645 -1.248835
v -0.742812 0.039554 -1.248973
v -0.742535 0.104923 -1.250322
v -0.707968 0.115293 -1.263486
v -0.707945 0.122809 -1.262372
v -0.707980 0.115291 -1.251388
v -0.708323 0.026807 -1.247792
v -0.708310 0.026811 -1.259889
v -0.708348 0.019392 -1.258222
v -0.655649 0.069385 -1.260196
v -0.663605 0.069543 -1.261597
v -0.663622 0.069762 -1.249520
v -0.708152 0.071000 -1.249583
v -0.752662 0.072238 -1.249647
v -0.752647 0.072020 -1.261723
v -0.760621 0.072304 -1.260346
v -0.749034 0.026827 -1.047039
v -0.760654 0.065358 -1.047834
v -0.708374 0.012279 -1.045694
v -0.748706 0.103890 -1.048629
v -0.667714 0.023398 -1.046877
v -0.707971 0.114070 -1.049683
v -0.655682 0.062439 -1.047686
v -0.667234 0.101479 -1.048488
v 1.090302 0.314885 2.616038
v 1.089636 0.317385 2.453031
v 1.084726 0.230979 2.616500
v 1.084044 0.233504 2.451939
v -1.090301 0.314885 2.616039
v -1.089636 0.317385 2.453031
v -1.084726 0.230979 2.616500
v -1.084044 0.233504 2.451938
v 1.024466 0.215271 -0.714719
v 1.020718 0.194736 -0.716851
v 1.024896 0.191804 -0.695536
v 1.028420 0.213047 -0.693404
v 1.031063 0.211452 -0.713794
v 1.028214 0.195843 -0.715414
v 1.031391 0.193614 -0.699212
v 1.034069 0.209761 -0.697593
v -1.024466 0.215271 -0.714719
v -1.020718 0.194736 -0.716851
v -1.024896 0.191804 -0.695536
v -1.028420 0.213047 -0.693404
v -1.031063 0.211452 -0.713794
v -1.028214 0.195843 -0.715414
v -1.031391 0.193614 -0.699212
v -1.034069 0.209761 -0.697593
v 0.933349 0.584299 3.816400
v 0.847721 -0.111192 3.818655
v 0.909943 0.525449 3.819472
v 0.580724 0.454841 3.887656
v 0.580724 -0.111192 3.886839
v 0.726081 0.496003 3.819472
v 0.694970 -0.111192 3.818655
v 0.662938 0.454841 3.819472
v -0.847721 -0.111192 3.818655
v -0.909943 0.525449 3.819472
v -0.580724 0.454841 3.887656
v -0.580724 -0.111192 3.886839
v -0.726081 0.496003 3.819472
v -0.694970 -0.111192 3.818655
v -0.662938 0.454841 3.819472
v -0.916373 0.534701 3.965438
v -0.973550 0.460971 3.918875
v -1.021345 0.293588 3.876640
v -0.916606 0.511112 3.989445
v -0.999259 0.301000 3.903248
v -0.829104 0.311652 3.997766
v -0.697988 0.310632 4.073842
v -0.569840 0.310276 4.145495
v -0.926628 0.307076 3.935993
v -0.916946 0.505763 3.953039
v -0.579280 0.524816 4.178312
v -0.659642 0.522988 4.127966
v -0.877701 0.504299 3.943888
v -0.730902 0.497509 3.930466
v -0.548061 0.307806 4.113483
v -0.567086 0.526406 4.114389
v -0.564257 0.328395 4.106174
v -0.581423 0.362514 4.110435
v -0.909943 0.525449 3.819472
v -0.967111 0.453006 3.800235
v -1.012115 0.286940 3.791694
v -0.908658 0.506410 3.900548
v -0.994232 0.288107 3.813266
v -0.828916 0.294071 3.919297
v -0.697291 0.293140 3.979011
v -0.571832 0.298707 4.050940
v -0.925539 0.289568 3.856308
v -0.924291 0.508075 3.867491
v -0.586394 0.522366 4.082806
v -0.649991 0.517816 4.042321
v -1.008774 0.289378 3.800381
v -0.590849 0.317791 4.046746
v -0.600202 0.358500 4.051180
v -0.666113 0.324428 4.005990
v -0.824799 0.294901 3.853673
v -0.738488 0.294434 3.852024
v -0.920420 0.293914 3.832047
v -0.879215 0.503533 3.855651
v -0.722749 0.494992 3.841293
v -0.711102 0.324296 3.856923
v -0.555280 0.294024 4.030861
v -0.578217 0.521601 4.033508
v -0.573499 0.316752 4.023116
v -0.592480 0.355678 4.028402
v 0.916373 0.534701 3.965438
v 0.973550 0.460971 3.918875
v 1.021345 0.293588 3.876640
v 0.999259 0.301000 3.903248
v 0.829104 0.311652 3.997766
v 0.697988 0.310632 4.073842
v 0.569840 0.310276 4.145495
v 0.926628 0.307076 3.935993
v 0.916946 0.505763 3.953039
v 0.579280 0.524816 4.178312
v 0.659642 0.522988 4.127966
v 0.877701 0.504299 3.943888
v 0.730902 0.497509 3.930466
v 0.548061 0.307806 4.113483
v 0.567086 0.526406 4.114389
v 0.564257 0.328395 4.106174
v 0.581423 0.362514 4.110435
v 0.909943 0.525449 3.819472
v 0.967111 0.453006 3.800235
v 1.012115 0.286940 3.791694
v 0.994232 0.288107 3.813266
v 0.828916 0.294071 3.919297
v 0.697291 0.293140 3.979011
v 0.571832 0.298707 4.050940
v 0.925539 0.289568 3.856308
v 0.894125 0.508075 3.867491
v 0.586394 0.522366 4.082806
v 0.649991 0.517816 4.042321
v 1.008774 0.289378 3.800381
v 0.590849 0.317791 4.046746
v 0.600202 0.358500 4.051180
v 0.666113 0.324428 4.005990
v 0.824799 0.294901 3.853673
v 0.738488 0.294434 3.852024
v 0.920420 0.293914 3.832047
v 0.879215 0.503533 3.855651
v 0.722749 0.494992 3.841293
v 0.711102 0.324296 3.856923
v 0.555280 0.294024 4.030861
v 0.578217 0.521601 4.033508
v 0.573499 0.316752 4.023116
v 0.592480 0.355678 4.028402
v -0.423375 0.378117 3.808229
v -0.423375 0.528875 3.808229
v -0.495769 0.528875 3.808229
v -0.495769 0.376227 3.808229
v -0.495769 0.530515 3.737916
v -0.495769 0.377578 3.737916
v -0.423375 0.530515 3.737916
v -0.423375 0.379569 3.737916
v -0.535747 0.511201 3.699423
v -0.486792 0.511201 3.699423
v -0.486792 0.377383 3.699423
v -0.532448 0.423329 3.700427
v -0.578193 0.422066 3.783381
v -0.581500 0.509812 3.782370
v -0.578193 0.422066 3.917395
v -0.570252 0.509812 3.918660
v -0.486792 0.509812 3.917390
v -0.486792 0.509812 3.782370
v -0.216332 0.378148 3.913639
v -0.216332 0.378148 3.782370
v -0.216332 0.509812 3.782370
v -0.216332 0.509812 3.913639
v -0.236726 0.379569 3.699423
v -0.236726 0.511201 3.699423
v -0.534478 0.381131 3.700071
v -0.579843 0.379711 3.783228
v -0.486792 0.376216 3.782370
v -0.488459 0.377578 3.782197
v -0.488692 0.378961 3.699065
v -0.579691 0.379711 3.917395
v -0.486792 0.376216 3.917390
v -0.488264 0.377578 3.917389
v -0.411689 0.509812 3.915588
v -0.411689 0.378079 3.915588
v -0.411689 0.378079 3.782370
v -0.411689 0.509812 3.782370
v -0.421212 0.379569 3.699423
v -0.421212 0.511201 3.699423
v -0.578193 0.422066 3.929359
v -0.581500 0.509812 3.929355
v -0.486792 0.509812 3.929352
v -0.486792 0.376216 3.929352
v -0.488264 0.377578 3.929352
v -0.579691 0.379711 3.929359
v 0.548540 -0.077546 4.071690
v 0.591753 -0.077546 4.071690
v 0.591755 -0.077546 3.980945
v 0.548541 -0.077546 3.980945
v -0.592059 -0.077546 4.071690
v -0.535910 -0.077546 4.071690
v -0.535910 -0.077546 3.980945
v -0.592059 -0.077546 3.980945
v -0.535910 0.485436 4.071690
v -0.535910 0.449730 4.071690
v -0.592059 0.449730 4.071690
v -0.592059 0.485436 4.071690
v 0.548540 0.449730 4.071690
v 0.548540 0.485436 4.071690
v 0.591753 0.485436 4.071690
v 0.591753 0.449730 4.071690
v -0.592059 0.449731 3.980945
v -0.592059 0.485436 3.980945
v 0.591755 0.485436 3.980945
v 0.591755 0.449731 3.980945
v -0.535910 0.449731 3.980945
v -0.535910 0.485436 3.980945
v 0.548541 0.485436 3.980945
v 0.548541 0.449731 3.980945
v 0.548540 -0.050015 4.071690
v 0.591753 -0.050015 4.071690
v -0.535910 -0.050015 4.071690
v -0.592059 -0.050015 4.071690
v 0.591755 -0.050015 3.980945
v -0.592059 -0.050015 3.980945
v 0.548541 -0.050015 3.980945
v -0.535910 -0.050015 3.980945
v 0.548540 -0.050015 4.066369
v 0.548540 0.449730 4.066369
v -0.535910 0.449730 4.066369
v -0.535910 -0.050015 4.066369
v 0.548541 0.449731 3.986271
v 0.548541 -0.050015 3.986271
v -0.535910 -0.050015 3.986271
v -0.535910 0.449731 3.986271
v -0.465999 0.449730 4.071690
v -0.465999 0.449730 4.066369
v -0.465999 0.449731 3.980945
v -0.465999 0.449731 3.986271
v -0.465999 -0.050015 4.066369
v -0.465999 -0.050015 3.986271
v -0.465999 -0.050015 4.071690
v -0.465999 -0.050015 3.980945
v -0.465999 -0.077546 4.071690
v -0.465999 -0.077546 3.980945
v -0.382550 0.449730 4.066369
v -0.382550 0.449730 4.071690
v -0.382550 -0.050015 4.066369
v -0.465999 0.485436 4.071690
v -0.382550 0.485436 4.071690
v -0.382550 -0.050015 4.071690
v -0.465999 0.485436 3.980945
v -0.382550 0.485436 3.980945
v -0.382550 -0.077546 4.071690
v -0.382550 0.449731 3.980945
v -0.382550 -0.077546 3.980945
v -0.382550 0.449731 3.986271
v -0.382550 -0.050015 3.980945
v -0.382550 -0.050015 3.986271
v -0.294109 0.449730 4.071690
v -0.294109 0.449730 4.066369
v -0.294109 -0.050015 4.066369
v -0.294109 0.449731 3.980945
v -0.294109 0.449731 3.986271
v -0.294109 -0.050015 4.071690
v -0.294109 -0.050015 3.986271
v -0.294109 -0.077546 4.071690
v -0.294109 -0.050015 3.980945
v -0.294109 -0.077546 3.980945
v -0.187679 0.449730 4.066369
v -0.187679 0.449730 4.071690
v -0.187679 -0.050015 4.066369
v -0.294109 0.485436 4.071690
v -0.187679 0.485436 4.071690
v -0.187679 -0.050015 4.071690
v -0.294109 0.485436 3.980945
v -0.187678 0.485436 3.980945
v -0.187679 -0.077546 4.071690
v -0.187678 0.449731 3.980945
v -0.187678 -0.077546 3.980945
v -0.187678 0.449731 3.986271
v -0.187678 -0.050015 3.980945
v -0.187678 -0.050015 3.986271
v -0.078823 0.449730 4.066369
v -0.078823 -0.050015 4.066369
v -0.078823 0.449730 4.071690
v -0.078823 -0.050015 4.071690
v -0.078823 -0.077546 4.071690
v -0.078823 -0.077546 3.980945
v -0.078823 -0.050015 3.980945
v -0.078823 0.449731 3.980945
v -0.078823 0.449731 3.986271
v -0.078823 -0.050015 3.986271
v 0.028518 0.449730 4.066369
v 0.028518 0.449730 4.071690
v 0.028518 -0.050015 4.066369
v -0.078823 0.485436 4.071690
v 0.028518 0.485436 4.071690
v 0.028518 -0.050015 4.071690
v -0.078823 0.485436 3.980945
v 0.028518 0.485436 3.980945
v 0.028518 -0.077546 4.071690
v 0.028518 0.449731 3.980945
v 0.028518 -0.077546 3.980945
v 0.028518 0.449731 3.986271
v 0.028518 -0.050015 3.980945
v 0.028518 -0.050015 3.986271
v 0.135917 0.449730 4.071690
v 0.135917 0.449730 4.066369
v 0.135917 -0.050015 4.066369
v 0.135917 0.449731 3.980945
v 0.135917 0.449731 3.986271
v 0.135917 -0.050015 4.071690
v 0.135917 -0.050015 3.986271
v 0.135917 -0.077546 4.071690
v 0.135917 -0.050015 3.980945
v 0.135917 -0.077546 3.980945
v 0.242497 0.449730 4.066369
v 0.242497 0.449730 4.071690
v 0.242497 -0.050015 4.066369
v 0.135917 0.485436 4.071690
v 0.242497 0.485436 4.071690
v 0.242497 -0.050015 4.071690
v 0.135917 0.485436 3.980945
v 0.242497 0.485436 3.980945
v 0.242497 -0.077546 4.071690
v 0.242497 0.449731 3.980945
v 0.242497 -0.077546 3.980945
v 0.242497 0.449731 3.986271
v 0.242497 -0.050015 3.980945
v 0.242497 -0.050015 3.986271
v 0.365198 0.449730 4.066369
v 0.365198 0.449730 4.071690
v 0.365198 -0.050015 4.066369
v 0.365198 -0.050015 4.071690
v 0.365198 -0.077546 4.071690
v 0.365198 -0.077546 3.980945
v 0.365198 0.449731 3.980945
v 0.365198 0.449731 3.986271
v 0.365198 -0.050015 3.980945
v 0.365198 -0.050015 3.986271
v 0.463982 0.449730 4.071690
v 0.463982 0.449730 4.066369
v 0.365198 0.485436 4.071690
v 0.463982 0.485436 4.071690
v 0.463982 -0.050015 4.066369
v 0.365198 0.485436 3.980945
v 0.463983 0.485436 3.980945
v 0.463982 -0.050015 4.071690
v 0.463983 0.449731 3.980945
v 0.463982 -0.077546 4.071690
v 0.463983 0.449731 3.986271
v 0.463983 -0.077546 3.980945
v 0.463983 -0.050015 3.986271
v 0.463983 -0.050015 3.980945
v -0.535910 0.492277 3.975564
v -0.535910 0.492276 4.077081
v -0.465999 0.492276 4.077081
v -0.465999 0.492277 3.975564
v -0.465999 0.449730 4.077081
v -0.535910 0.449730 4.077081
v -0.535910 0.449731 3.975564
v -0.465999 0.449731 3.975564
v -0.294109 0.449730 4.077081
v -0.294109 0.492276 4.077081
v -0.382550 0.449730 4.077081
v -0.382550 0.492276 4.077081
v -0.382550 0.492277 3.975564
v -0.294109 0.492277 3.975564
v -0.382550 0.449731 3.975564
v -0.294109 0.449731 3.975564
v -0.187679 0.449730 4.077081
v -0.078823 0.449730 4.077081
v -0.187679 0.492276 4.077081
v -0.078823 0.492276 4.077081
v -0.187678 0.492277 3.975564
v -0.078823 0.492277 3.975564
v -0.187678 0.449731 3.975564
v -0.078823 0.449731 3.975564
v 0.135917 0.449730 4.077081
v 0.135917 0.492276 4.077081
v 0.028518 0.449730 4.077081
v 0.028518 0.492276 4.077081
v 0.028518 0.492277 3.975564
v 0.135917 0.492277 3.975564
v 0.028518 0.449731 3.975564
v 0.135917 0.449731 3.975564
v 0.242497 0.449730 4.077081
v 0.365198 0.449730 4.077081
v 0.242497 0.492276 4.077081
v 0.365198 0.492276 4.077081
v 0.242497 0.492277 3.975564
v 0.365198 0.492277 3.975564
v 0.242497 0.449731 3.975564
v 0.365198 0.449731 3.975564
v 0.463982 0.449730 4.077081
v 0.548540 0.449730 4.077081
v 0.463982 0.492276 4.077081
v 0.548540 0.492276 4.077081
v 0.463983 0.492277 3.975564
v 0.548541 0.492277 3.975564
v 0.463983 0.449731 3.975564
v 0.548541 0.449731 3.975564
v -0.555230 0.492277 3.975564
v 0.553220 0.492277 3.975564
v -0.555230 0.471324 3.975564
v 0.553220 0.471324 3.975564
v -0.555230 0.492277 3.884680
v 0.553220 0.492277 3.884680
v -0.555230 0.471324 3.884680
v 0.553220 0.471324 3.884680
v -0.000332 0.528266 3.884680
v -0.000332 0.502797 3.975564
v -0.000332 0.504608 3.884680
v -0.000332 0.479139 3.975564
v 0.093237 0.502797 3.975564
v 0.093237 0.528266 3.884680
v 0.093237 0.479139 3.975564
v 0.093237 0.504608 3.884680
v -0.086704 0.502797 3.975564
v -0.086704 0.528266 3.884682
v -0.086704 0.479139 3.975564
v -0.086704 0.504608 3.884680
v -0.194668 0.488402 3.975564
v -0.194668 0.513871 3.884680
v -0.194668 0.464743 3.975564
v -0.194668 0.490213 3.884682
v 0.194003 0.513871 3.884680
v 0.194003 0.488402 3.975564
v 0.194003 0.490213 3.884680
v 0.194003 0.464743 3.975564
v 0.291171 0.492277 3.884680
v 0.291171 0.492277 3.975564
v 0.291171 0.471324 3.884680
v 0.291171 0.471324 3.975564
v -0.284638 0.492277 3.884680
v -0.284638 0.492277 3.975564
v -0.284638 0.471324 3.884682
v -0.284638 0.471324 3.975564
v -0.583038 0.492277 3.975564
v -0.583038 0.471324 3.975564
v -0.583038 0.492277 3.884680
v -0.583038 0.471324 3.884680
v 0.582191 0.492277 3.975564
v 0.582191 0.471324 3.975564
v 0.582191 0.492277 3.884680
v 0.582191 0.471324 3.884680
v -0.555230 -0.074011 3.975564
v 0.553220 -0.074011 3.975564
v -0.555230 -0.074011 3.884680
v 0.553220 -0.074011 3.884680
v -0.583038 -0.074011 3.975564
v -0.583038 -0.074011 3.884680
v 0.582191 -0.074011 3.975564
v 0.582191 -0.074011 3.884680
v 0.617614 0.431553 3.976863
v 0.606087 0.431553 3.933845
v 0.617614 -0.074011 3.976863
v 0.606087 -0.074011 3.933845
v 0.710131 0.431553 3.916608
v 0.719234 0.431553 3.873581
v 0.687945 -0.074011 3.916608
v 0.711875 -0.074011 3.853975
v 0.957516 0.453063 3.933348
v 0.994838 0.306637 3.891418
v 0.675768 0.333621 4.092786
v 0.825649 0.312112 3.939082
v 0.742989 0.311236 3.938224
v 0.923067 0.310512 3.917166
v 0.720535 0.334244 3.943389
v 0.842117 0.409077 3.889645
v -0.957516 0.453063 3.933348
v -0.994838 0.306637 3.891418
v -0.675768 0.333621 4.092786
v -0.825649 0.312112 3.939082
v -0.742989 0.311236 3.938224
v -0.923067 0.310512 3.917166
v -0.720535 0.334244 3.943389
v -0.842117 0.409077 3.889645
v 0.830670 0.302402 3.934221
v 0.893075 0.322678 3.934221
v 0.931643 0.375763 3.934221
v 0.931643 0.441379 3.934221
v 0.893075 0.494463 3.934221
v 0.830670 0.514740 3.934221
v 0.768266 0.494463 3.934221
v 0.729698 0.441379 3.934221
v 0.729698 0.375763 3.934221
v 0.768266 0.322678 3.934221
v 0.830670 0.302402 3.884869
v 0.893075 0.322678 3.884869
v 0.931643 0.375763 3.884869
v 0.931643 0.441379 3.884869
v 0.893075 0.494463 3.884869
v 0.830670 0.514740 3.884869
v 0.768266 0.494463 3.884869
v 0.729698 0.441379 3.884869
v 0.729698 0.375763 3.884869
v 0.768266 0.322678 3.884869
v 0.830670 0.408571 3.884869
v 0.830670 0.311518 3.948202
v 0.887717 0.330054 3.948202
v 0.922973 0.378580 3.948202
v 0.922973 0.438562 3.948202
v 0.887717 0.487088 3.948202
v 0.830670 0.505624 3.948202
v 0.773624 0.487088 3.948202
v 0.738367 0.438562 3.948202
v 0.738367 0.378580 3.948202
v 0.773624 0.330054 3.948202
v -0.830670 0.302402 3.934221
v -0.893075 0.322678 3.934221
v -0.931643 0.375763 3.934221
v -0.931643 0.441379 3.934221
v -0.893075 0.494463 3.934221
v -0.830670 0.514740 3.934221
v -0.768266 0.494463 3.934221
v -0.729698 0.441379 3.934221
v -0.729698 0.375763 3.934221
v -0.768266 0.322678 3.934221
v -0.830670 0.302402 3.884869
v -0.893075 0.322678 3.884869
v -0.931643 0.375763 3.884869
v -0.931643 0.441379 3.884869
v -0.893075 0.494463 3.884869
v -0.830670 0.514740 3.884869
v -0.768266 0.494463 3.884869
v -0.729698 0.441379 3.884869
v -0.729698 0.375763 3.884869
v -0.768266 0.322678 3.884869
v -0.830670 0.408571 3.884869
v -0.830670 0.311518 3.948202
v -0.887717 0.330054 3.948202
v -0.922973 0.378580 3.948202
v -0.922973 0.438562 3.948202
v -0.887717 0.487088 3.948202
v -0.830670 0.505624 3.948202
v -0.773624 0.487088 3.948202
v -0.738367 0.438562 3.948202
v -0.738367 0.378580 3.948202
v -0.773624 0.330054 3.948202
v 0.430690 0.318228 4.186362
v 0.494352 0.338913 4.186362
v 0.533697 0.393067 4.186362
v 0.533697 0.460006 4.186362
v 0.494352 0.514160 4.186362
v 0.430690 0.534845 4.186362
v 0.367028 0.514160 4.186362
v 0.327683 0.460006 4.186362
v 0.327683 0.393067 4.186362
v 0.367028 0.338913 4.186362
v 0.430690 0.318228 4.138762
v 0.494352 0.338913 4.138762
v 0.533697 0.393067 4.138762
v 0.533697 0.460006 4.138762
v 0.494352 0.514160 4.138762
v 0.430690 0.534845 4.138762
v 0.367028 0.514160 4.138762
v 0.327683 0.460006 4.138762
v 0.327683 0.393067 4.138762
v 0.367028 0.338913 4.138762
v 0.430690 0.335577 4.195698
v 0.484155 0.352949 4.195698
v 0.517198 0.398428 4.195698
v 0.517198 0.454645 4.195698
v 0.484155 0.500124 4.195698
v 0.430690 0.517496 4.195698
v 0.377225 0.500124 4.195698
v 0.344182 0.454645 4.195698
v 0.344182 0.398428 4.195698
v 0.377225 0.352949 4.195698
v 0.430690 0.383490 4.108513
v 0.455992 0.391711 4.108513
v 0.471630 0.413234 4.108513
v 0.471630 0.439838 4.108513
v 0.455992 0.461362 4.108513
v 0.430690 0.469583 4.108513
v 0.405388 0.461362 4.108513
v 0.389750 0.439838 4.108513
v 0.389750 0.413234 4.108513
v 0.405388 0.391711 4.108513
v 0.430690 0.426537 4.108513
v -0.430690 0.318228 4.186362
v -0.494352 0.338913 4.186362
v -0.533697 0.393067 4.186362
v -0.533697 0.460006 4.186362
v -0.494352 0.514160 4.186362
v -0.430690 0.534845 4.186362
v -0.367028 0.514160 4.186362
v -0.327683 0.460006 4.186362
v -0.327683 0.393067 4.186362
v -0.367028 0.338913 4.186362
v -0.430690 0.318228 4.138762
v -0.494352 0.338913 4.138762
v -0.533697 0.393067 4.138762
v -0.533697 0.460006 4.138762
v -0.494352 0.514160 4.138762
v -0.430690 0.534845 4.138762
v -0.367028 0.514160 4.138762
v -0.327683 0.460006 4.138762
v -0.327683 0.393067 4.138762
v -0.367028 0.338913 4.138762
v -0.430690 0.335577 4.195698
v -0.484155 0.352949 4.195698
v -0.517198 0.398428 4.195698
v -0.517198 0.454645 4.195698
v -0.484155 0.500124 4.195698
v -0.430690 0.517496 4.195698
v -0.377225 0.500124 4.195698
v -0.344182 0.454645 4.195698
v -0.344182 0.398428 4.195698
v -0.377225 0.352949 4.195698
v -0.430690 0.383490 4.108513
v -0.455992 0.391711 4.108513
v -0.471630 0.413234 4.108513
v -0.471630 0.439838 4.108513
v -0.455992 0.461362 4.108513
v -0.430690 0.469583 4.108513
v -0.405388 0.461362 4.108513
v -0.389750 0.439838 4.108513
v -0.389750 0.413234 4.108513
v -0.405388 0.391711 4.108513
v -0.430690 0.426537 4.108513
v -0.565207 -0.017113 4.090666
v -0.615075 -0.020021 4.053452
v -0.588603 0.085421 4.123857
v -0.565345 0.110495 4.118511
v -0.314764 0.118690 4.183486
v -0.314644 -0.017025 4.159536
v 0.000000 0.123931 4.226742
v 0.000000 -0.017388 4.201317
v 0.565207 -0.017113 4.090666
v 0.615075 -0.020021 4.053452
v 0.588603 0.085421 4.123857
v 0.565345 0.110495 4.118511
v 0.314764 0.118690 4.183486
v 0.314644 -0.017025 4.159536
v 0.734712 0.163615 4.170270
v 0.866637 0.163061 4.063203
v 0.963187 0.164564 3.962381
v 0.993989 0.169062 3.878559
v 0.736939 0.204545 4.176383
v 0.865684 0.210073 4.070654
v 0.961149 0.212179 3.970478
v 1.001650 0.211244 3.865139
v 0.733732 0.165936 4.164466
v 0.863466 0.165337 4.059165
v 0.957731 0.166543 3.960707
v 0.987741 0.170590 3.879005
v 0.735926 0.203916 4.170488
v 0.862539 0.208965 4.066494
v 0.955723 0.210726 3.968684
v 0.995288 0.209731 3.865787
v 0.969365 0.202667 3.931948
v 0.968621 0.179712 3.931720
v -0.734712 0.163615 4.170270
v -0.866637 0.163061 4.063203
v -0.963187 0.164564 3.962381
v -0.993989 0.169062 3.878559
v -0.736939 0.204545 4.176383
v -0.865684 0.210073 4.070654
v -0.961149 0.212179 3.970478
v -1.001650 0.211244 3.865139
v -0.733732 0.165936 4.164466
v -0.863466 0.165337 4.059165
v -0.957731 0.166543 3.960707
v -0.987741 0.170590 3.879005
v -0.735926 0.203916 4.170488
v -0.862539 0.208965 4.066494
v -0.955723 0.210726 3.968684
v -0.995288 0.209731 3.865787
v -0.969365 0.202667 3.931948
v -0.968621 0.179712 3.931720
v 0.000000 0.383479 4.137971
v 0.000000 0.466543 4.139224
v 0.111306 0.466102 4.139224
v 0.111308 0.383479 4.137971
v -0.111306 0.466102 4.139224
v -0.111308 0.383479 4.137971
v 0.548061 0.307806 4.120422
v 0.564257 0.328395 4.113115
v 0.581423 0.362514 4.117375
v 0.567086 0.526406 4.121330
v 0.000000 0.362514 4.129176
v 0.000000 0.567058 4.133132
v 0.000000 0.328395 4.124916
v 0.000000 0.307806 4.132224
v 0.347878 0.546732 4.133132
v 0.356674 0.362514 4.129176
v 0.346143 0.328395 4.124916
v 0.336207 0.307806 4.132224
v -0.548061 0.307806 4.120422
v -0.564257 0.328395 4.113115
v -0.581423 0.362514 4.117375
v -0.567086 0.526406 4.121330
v -0.347878 0.546732 4.133132
v -0.356674 0.362514 4.129176
v -0.346143 0.328395 4.124916
v -0.336207 0.307806 4.132224
v 0.000000 0.362514 4.110435
v 0.000000 0.567058 4.114389
v 0.000000 0.328395 4.106174
v 0.000000 0.307806 4.113483
v -0.347878 0.546732 4.114389
v -0.356674 0.362514 4.110435
v -0.346143 0.328395 4.106174
v -0.336207 0.307806 4.113483
v 0.347878 0.546732 4.114389
v 0.356674 0.362514 4.110435
v 0.346143 0.328395 4.106174
v 0.336207 0.307806 4.113483
v 0.916606 0.511112 3.989445
v 0.919447 0.534701 3.965438
v 0.933349 0.584299 3.816400
v 0.726081 0.496003 3.819472
v 0.662938 0.454841 3.819472
v 0.580724 0.454841 3.887656
v -0.916373 0.534701 3.965438
v -0.916946 0.505763 3.953039
v -0.909943 0.525449 3.819472
v -0.894125 0.508075 3.867491
v -0.586394 0.522366 4.082806
v -0.649991 0.517816 4.042321
v -0.879215 0.503533 3.855651
v -0.722749 0.494992 3.841293
v -0.916606 0.511112 3.989445
v -0.919447 0.534701 3.965438
v -0.933349 0.584299 3.816400
v -0.726081 0.496003 3.819472
v -0.662938 0.454841 3.819472
v -0.580724 0.454841 3.887656
v 0.000000 -0.091148 4.259524
v -0.324879 -0.091192 4.217194
v 0.000000 -0.111898 4.012211
v -0.324879 -0.111941 4.009889
v -0.580724 -0.111192 3.886839
v -0.693781 -0.111188 4.109987
v -0.848607 -0.110859 4.010084
v -0.694970 -0.111192 3.818655
v -0.694970 -0.111192 3.818655
v -0.848607 -0.110859 4.010084
v -0.926702 -0.111521 3.936098
v -0.847721 -0.111192 3.818655
v -0.847721 -0.111192 3.818655
v -0.849439 -0.111063 3.791566
v -0.996158 -0.107143 3.776201
v -0.983090 -0.111851 3.822140
v -0.983090 -0.111851 3.822140
v -0.926702 -0.111521 3.936098
v -0.847721 -0.111192 3.818655
v -0.580724 -0.111192 3.886839
v -0.693781 -0.111188 4.109987
v -0.659750 -0.115856 4.123215
v -0.659750 -0.115856 4.123215
v -0.584727 -0.091518 4.155633
v -0.580724 -0.111192 3.886839
v -0.324879 -0.111941 4.009889
v -0.324879 -0.091192 4.217194
v -0.584727 -0.091518 4.155633
v -0.580724 -0.111192 3.886839
v 0.000000 -0.091148 4.259524
v 0.324879 -0.091192 4.217194
v 0.000000 -0.111898 4.012211
v 0.324879 -0.111941 4.009889
v 0.580724 -0.111192 3.886839
v 0.693781 -0.111188 4.109987
v 0.848607 -0.110859 4.010084
v 0.694970 -0.111192 3.818655
v 0.694970 -0.111192 3.818655
v 0.848607 -0.110859 4.010084
v 0.926702 -0.111521 3.936098
v 0.847721 -0.111192 3.818655
v 0.847721 -0.111192 3.818655
v 0.849439 -0.111063 3.791566
v 0.996158 -0.107143 3.776201
v 0.983090 -0.111851 3.822140
v 0.983090 -0.111851 3.822140
v 0.926702 -0.111521 3.936098
v 0.847721 -0.111192 3.818655
v 0.580724 -0.111192 3.886839
v 0.693781 -0.111188 4.109987
v 0.659750 -0.115856 4.123215
v 0.659750 -0.115856 4.123215
v 0.584727 -0.091518 4.155633
v 0.580724 -0.111192 3.886839
v 0.324879 -0.111941 4.009889
v 0.324879 -0.091192 4.217194
v 0.584727 -0.091518 4.155633
v 0.580724 -0.111192 3.886839
v 0.123727 -0.175300 2.594933
v 0.221919 -0.080502 2.743119
v 0.221919 0.206034 2.743119
v 0.123727 0.119747 2.594933
v -0.222304 -0.080502 2.743119
v -0.124113 -0.175300 2.594933
v -0.124113 0.119747 2.594933
v -0.222304 0.206034 2.743119
v -0.050507 -0.144759 2.743119
v -0.059956 -0.186199 2.594933
v -0.059807 0.266998 2.743119
v -0.034123 0.149491 2.594933
v 0.051889 -0.144759 2.743119
v 0.060760 -0.186199 2.594933
v 0.061513 0.266998 2.743119
v 0.034928 0.149491 2.594933
v 0.089416 -0.006304 2.684011
v 0.089416 0.123153 2.683240
v 0.186342 0.179401 2.743119
v 0.186342 -0.050204 2.743119
v 0.025203 -0.030074 2.684011
v 0.051629 -0.112338 2.743119
v 0.025203 0.138859 2.683240
v 0.051629 0.230090 2.743119
v -0.024728 0.138859 2.683240
v -0.050258 0.230090 2.743119
v -0.024728 -0.030074 2.684011
v -0.050258 -0.112338 2.743119
v -0.089801 0.148227 2.684011
v -0.186728 0.179401 2.743119
v -0.089801 -0.006304 2.684011
v -0.186728 -0.050204 2.743119
v 0.032040 0.044134 2.750869
v 0.032040 0.092236 2.750869
v 0.032040 0.092236 2.684011
v 0.032040 0.044134 2.684011
v 0.008942 0.036735 2.750869
v 0.008942 0.036735 2.684011
v 0.008942 0.097125 2.750869
v 0.008942 0.097125 2.684011
v -0.009018 0.097125 2.750869
v -0.009018 0.097125 2.684011
v -0.009018 0.036735 2.750869
v -0.009018 0.036735 2.684011
v -0.032426 0.092236 2.750869
v -0.032426 0.092236 2.684011
v -0.032426 0.044134 2.750869
v -0.032426 0.044134 2.684011
v 0.021543 0.051557 2.750869
v 0.021543 0.083995 2.750869
v 0.005967 0.046568 2.750869
v 0.005967 0.087292 2.750869
v -0.006144 0.087292 2.750869
v -0.006144 0.046568 2.750869
v -0.021929 0.083995 2.750869
v -0.021929 0.051557 2.750869
v 0.021543 0.051557 2.710658
v 0.021543 0.083995 2.710658
v 0.005967 0.046568 2.710658
v 0.005967 0.087292 2.710658
v -0.006144 0.087292 2.710658
v -0.006144 0.046568 2.710658
v -0.021929 0.083995 2.710658
v -0.021929 0.051557 2.710658
v -0.111790 -0.172479 1.937730
v -0.111790 0.075440 1.937730
v -0.054057 -0.183379 1.937730
v -0.030749 0.105182 1.937730
v 0.031435 0.105182 1.937730
v 0.054654 -0.183379 1.937730
v 0.111404 0.075440 1.937730
v 0.111404 -0.172479 1.937730
v -0.058256 -0.087578 1.844997
v -0.058256 -0.012878 1.844997
v -0.027224 -0.104881 1.844997
v -0.027224 0.000849 1.844997
v 0.027396 0.000849 1.844997
v 0.027396 -0.104881 1.844997
v 0.057870 -0.012878 1.844997
v 0.057870 -0.087578 1.844997
v 0.186342 0.179401 2.795127
v 0.186342 -0.050204 2.795127
v 0.051629 -0.112338 2.795127
v 0.051629 0.230090 2.795127
v -0.050258 0.230090 2.795127
v -0.050258 -0.112338 2.795127
v -0.186728 0.179401 2.795127
v -0.186728 -0.050204 2.795127
v 0.233099 -0.072052 2.745740
v 0.233099 0.195464 2.745740
v 0.233101 -0.072054 2.805729
v 0.233101 0.195464 2.805729
v 0.191052 0.182386 2.805729
v 0.191052 -0.053773 2.805729
v 0.069849 -0.158851 2.745740
v 0.069853 -0.158928 2.805653
v 0.052938 -0.116722 2.805729
v 0.084217 0.281091 2.745740
v 0.084217 0.281096 2.805477
v 0.052938 0.234362 2.805729
v -0.082438 0.281091 2.745740
v -0.082440 0.281097 2.805479
v -0.051522 0.234362 2.805729
v -0.068528 -0.158851 2.745740
v -0.068533 -0.158928 2.805655
v -0.051522 -0.116722 2.805729
v -0.233486 0.195483 2.745740
v -0.233486 0.195483 2.805729
v -0.191438 0.182386 2.805729
v -0.233486 -0.072058 2.745740
v -0.233486 -0.072058 2.805729
v -0.191438 -0.053773 2.805729
v -0.058256 -0.087578 1.668945
v -0.058256 -0.012878 1.668945
v -0.027224 -0.104881 1.668945
v -0.027224 0.000849 1.668945
v 0.027396 0.000849 1.668945
v 0.027396 -0.104881 1.668945
v 0.057870 -0.012878 1.668945
v 0.057870 -0.087578 1.668945
v -0.069429 -0.093532 1.668945
v -0.069429 -0.006242 1.668945
v -0.069429 -0.093532 1.634992
v -0.069429 -0.006242 1.634992
v -0.030296 -0.115351 1.668945
v -0.030296 -0.115351 1.634992
v -0.029729 0.011321 1.668945
v -0.029729 0.011321 1.635514
v 0.029942 0.011321 1.668945
v 0.029942 0.011321 1.635520
v 0.030516 -0.115351 1.668945
v 0.030516 -0.115351 1.634992
v 0.069043 -0.006293 1.668945
v 0.069043 -0.006293 1.634992
v 0.069043 -0.093477 1.668945
v 0.069043 -0.093477 1.634992
v 0.153027 0.150217 2.678015
v 0.153027 -0.098589 2.678015
v 0.041668 0.190473 2.678015
v 0.042107 -0.136468 2.678015
v -0.040635 0.190473 2.678015
v -0.041252 -0.136468 2.678015
v -0.153413 0.150217 2.678015
v -0.153413 -0.098589 2.678015
v -0.593932 0.156581 3.092147
v -0.593976 0.094476 3.077229
v -0.593451 -0.093679 3.031911
v -0.593780 -0.004035 3.053516
v -0.593794 -0.155232 3.026698
v -0.593873 0.151693 3.463421
v -0.593900 0.066901 3.476518
v -0.593787 0.011201 3.485113
v -0.593624 -0.079697 3.499148
v -0.593794 -0.124261 3.500763
v -0.443008 0.103221 3.126667
v -0.443047 0.084788 3.116157
v -0.442572 -0.094420 3.084289
v -0.442871 -0.003817 3.099459
v -0.442894 -0.151222 3.080660
v -0.442955 0.098334 3.420611
v -0.442978 0.057229 3.429846
v -0.442877 0.011415 3.435935
v -0.442728 -0.080340 3.445907
v -0.442894 -0.127354 3.447091
v 0.594121 0.156581 3.092147
v 0.594164 0.094476 3.077229
v 0.593641 -0.093679 3.031911
v 0.593969 -0.004035 3.053516
v 0.593983 -0.155232 3.026698
v 0.594063 0.151693 3.463421
v 0.594089 0.066901 3.476518
v 0.593976 0.011201 3.485113
v 0.593813 -0.079697 3.499148
v 0.593983 -0.124261 3.500763
v 0.443198 0.103221 3.126667
v 0.443237 0.084788 3.116157
v 0.442761 -0.094420 3.084289
v 0.443060 -0.003817 3.099459
v 0.443083 -0.151222 3.080660
v 0.443145 0.098334 3.420611
v 0.443168 0.057229 3.429846
v 0.443066 0.011415 3.435935
v 0.442917 -0.080340 3.445907
v 0.443083 -0.127354 3.447091
v -0.416664 -0.158568 3.484726
v -0.416691 -0.115345 3.867883
v -0.416683 -0.144363 3.869702
v -0.416658 -0.186998 3.488071
v -0.332891 -0.115320 3.867913
v -0.332865 -0.158543 3.484750
v -0.332858 -0.186972 3.488099
v -0.332884 -0.144338 3.869729
v -0.416633 -0.154306 3.065418
v -0.416626 -0.182953 3.064453
v -0.332834 -0.154281 3.065444
v -0.332827 -0.182928 3.064479
v -0.416614 -0.155795 2.916940
v -0.416606 -0.184206 2.913820
v -0.332815 -0.155769 2.916966
v -0.332808 -0.184179 2.913846
v -0.416703 -0.094856 3.962633
v -0.332904 -0.094821 3.962647
v -0.332897 -0.122535 3.969631
v -0.416697 -0.122571 3.969619
v 0.416663 -0.158568 3.484726
v 0.416689 -0.115345 3.867883
v 0.416682 -0.144363 3.869702
v 0.416656 -0.186998 3.488071
v 0.332890 -0.115320 3.867913
v 0.332864 -0.158543 3.484750
v 0.332857 -0.186972 3.488099
v 0.332883 -0.144338 3.869729
v 0.416632 -0.154306 3.065418
v 0.416624 -0.182953 3.064453
v 0.332833 -0.154281 3.065444
v 0.332825 -0.182928 3.064479
v 0.416613 -0.155795 2.916940
v 0.416605 -0.184206 2.913820
v 0.332814 -0.155769 2.916966
v 0.332806 -0.184179 2.913846
v 0.416702 -0.094856 3.962633
v 0.332903 -0.094821 3.962647
v 0.332896 -0.122535 3.969631
v 0.416695 -0.122571 3.969619
v 0.454941 -0.132000 2.557935
v 0.439352 -0.131708 2.915951
v 0.439351 -0.155795 2.916940
v 0.454940 -0.152675 2.567173
v 0.292213 -0.131996 2.557961
v 0.292213 -0.152671 2.567199
v 0.310026 -0.131683 2.915975
v 0.310026 -0.155769 2.916966
v 0.310144 -0.115320 3.867913
v 0.310103 -0.158543 3.484750
v 0.439429 -0.158568 3.484726
v 0.439471 -0.115345 3.867883
v 0.439430 -0.134505 3.483274
v 0.439471 -0.091247 3.867245
v 0.310144 -0.091222 3.867270
v 0.310104 -0.134479 3.483299
v 0.439382 -0.130219 3.064427
v 0.439381 -0.154306 3.065418
v 0.310055 -0.154281 3.065444
v 0.310056 -0.130194 3.064456
v 0.439489 -0.094856 3.962633
v 0.310163 -0.094821 3.962647
v 0.310165 -0.074271 3.950040
v 0.439490 -0.074307 3.950024
v 0.438522 -0.077220 4.040824
v 0.328274 -0.077184 4.040835
v 0.328274 -0.057452 4.026982
v 0.438523 -0.057489 4.026972
v -0.000001 -0.175515 2.914726
v 0.155013 -0.169692 2.915216
v 0.155030 -0.168202 3.063694
v -0.000001 -0.174027 3.063200
v 0.155030 -0.144115 3.062703
v -0.000001 -0.149939 3.062214
v -0.000001 -0.151428 2.913737
v 0.155014 -0.145605 2.914229
v 0.155088 -0.109339 3.968059
v 0.155077 -0.129838 3.873330
v -0.000001 -0.115316 3.969546
v -0.000001 -0.135815 3.874813
v -0.000001 -0.099275 3.874171
v 0.155078 -0.093299 3.872685
v 0.155088 -0.088790 3.955455
v -0.000001 -0.094767 3.956941
v -0.439353 -0.155795 2.916940
v -0.439354 -0.131708 2.915951
v -0.454943 -0.132000 2.557935
v -0.454942 -0.152675 2.567173
v -0.292214 -0.131996 2.557961
v -0.292214 -0.152671 2.567199
v -0.310028 -0.131683 2.915975
v -0.310027 -0.155769 2.916966
v -0.439431 -0.158568 3.484726
v -0.310105 -0.158543 3.484750
v -0.310146 -0.115320 3.867913
v -0.439472 -0.115345 3.867883
v -0.439472 -0.091247 3.867245
v -0.439432 -0.134505 3.483274
v -0.310106 -0.134479 3.483299
v -0.310146 -0.091222 3.867270
v -0.439383 -0.154306 3.065418
v -0.439384 -0.130219 3.064427
v -0.310056 -0.154281 3.065444
v -0.310058 -0.130194 3.064456
v -0.439490 -0.094856 3.962633
v -0.310165 -0.094821 3.962647
v -0.310166 -0.074271 3.950040
v -0.439491 -0.074307 3.950024
v -0.438523 -0.077220 4.040824
v -0.328275 -0.077184 4.040835
v -0.328276 -0.057452 4.026982
v -0.438524 -0.057489 4.026972
v -0.155031 -0.168202 3.063694
v -0.155015 -0.169692 2.915216
v -0.155031 -0.144115 3.062703
v -0.155016 -0.145605 2.914229
v -0.155078 -0.129838 3.873330
v -0.155089 -0.109339 3.968059
v -0.155079 -0.093299 3.872685
v -0.155089 -0.088790 3.955455
v -0.000029 0.522033 -0.060160
v 0.563734 0.521948 -0.060160
v -0.000029 0.847280 -0.060160
v 0.563985 0.834810 -0.060160
v -0.000029 0.408959 -0.128554
v 0.563673 0.408873 -0.128559
v -0.563734 0.521948 -0.060160
v -0.563985 0.834810 -0.060160
v -0.563673 0.408873 -0.128559
v 0.841387 0.784747 2.503943
v 0.842297 0.748202 2.485946
v 0.801914 0.749751 2.480761
v 0.801006 0.786291 2.498758
v 0.836005 0.766636 2.540442
v 0.836916 0.730093 2.522450
v 0.795622 0.768185 2.535259
v 0.796532 0.731642 2.517265
v 0.788565 0.771044 2.532230
v 0.793948 0.789152 2.495728
v 0.615491 0.809145 2.522133
v 0.615611 0.800957 2.541807
v 0.788568 0.755363 2.524448
v 0.614702 0.788613 2.536674
v 0.793949 0.773468 2.487949
v 0.614582 0.796800 2.517006
v 0.213441 0.850824 2.555071
v 0.212740 0.842930 2.551789
v 0.212812 0.837907 2.563852
v 0.213514 0.845803 2.567133
v 0.236607 0.850930 2.554969
v 0.236681 0.845909 2.567038
v 0.235905 0.843034 2.551690
v 0.235978 0.838013 2.563752
v 0.235436 0.830756 2.547883
v 0.212833 0.830651 2.560827
v 0.212759 0.835674 2.548763
v 0.228111 0.842999 2.551722
v 0.228813 0.850895 2.555005
v 0.228133 0.835744 2.548697
v 0.228889 0.845872 2.567067
v 0.228207 0.830720 2.560764
v 0.228185 0.837977 2.563787
v 0.228800 0.855779 2.557035
v 0.213428 0.855709 2.557105
v 0.213501 0.850686 2.569166
v 0.228875 0.850757 2.569099
v 0.543369 0.817835 2.518862
v 0.541871 0.811518 2.516236
v 0.630737 0.801118 2.495104
v 0.632234 0.807436 2.497719
v 0.630391 0.813894 2.482154
v 0.541523 0.824292 2.503286
v 0.540026 0.817976 2.500665
v 0.628893 0.807576 2.479530
v -0.209552 0.805487 2.606199
v -0.211050 0.799169 2.603579
v -0.131432 0.818842 2.603499
v -0.129933 0.825160 2.606124
v -0.131778 0.831620 2.590548
v -0.211397 0.811946 2.590625
v -0.212894 0.805627 2.588006
v -0.133276 0.825300 2.587929
v 0.218254 0.834464 2.565701
v 0.216755 0.828142 2.563085
v 0.216409 0.840922 2.550126
v 0.214911 0.834604 2.547511
v 0.197801 0.833254 2.567923
v 0.196303 0.826934 2.565296
v 0.195956 0.839713 2.552351
v 0.194458 0.833393 2.549727
v 0.539737 0.809118 2.515268
v 0.538318 0.803135 2.512784
v 0.619175 0.797735 2.495597
v 0.620592 0.803717 2.498077
v 0.618844 0.809986 2.482961
v 0.537987 0.824999 2.500149
v 0.535775 0.810679 2.499382
v 0.617425 0.804003 2.480482
v -0.198087 0.805515 2.605248
v -0.199505 0.799533 2.602773
v -0.121808 0.806316 2.597631
v -0.120391 0.812297 2.600110
v -0.122140 0.818562 2.584992
v -0.199836 0.811785 2.590131
v -0.201255 0.805798 2.587654
v -0.122666 0.816579 2.584171
v 0.221329 0.818186 2.545822
v 0.219913 0.812205 2.543337
v 0.220143 0.824454 2.543549
v 0.218472 0.815484 2.538298
v 0.200955 0.819647 2.561920
v 0.199767 0.811457 2.558516
v 0.200363 0.826027 2.546844
v 0.198017 0.817726 2.543400
v 0.076662 0.786776 2.659966
v 0.080978 0.749480 2.631166
v 0.036337 0.755504 2.616679
v 0.032022 0.792802 2.645476
v 0.061442 0.758033 2.694912
v 0.065758 0.720736 2.666109
v 0.016802 0.764057 2.680418
v 0.021117 0.726762 2.651619
v 0.009568 0.768549 2.676159
v 0.024790 0.797292 2.641224
v -0.167759 0.820566 2.651342
v -0.171937 0.808575 2.668449
v 0.010994 0.752584 2.663651
v -0.172037 0.797614 2.660734
v 0.026213 0.781329 2.628715
v -0.167858 0.809604 2.643633
v -0.494389 0.839617 2.577344
v -0.494570 0.832615 2.572392
v -0.497132 0.825258 2.582884
v -0.496950 0.832262 2.587840
v -0.471717 0.838209 2.581893
v -0.474280 0.830855 2.592387
v -0.471898 0.831207 2.576946
v -0.474461 0.823851 2.587431
v -0.471413 0.824726 2.572519
v -0.473976 0.817371 2.583012
v -0.496646 0.818781 2.578462
v -0.494084 0.826134 2.567971
v -0.479524 0.831680 2.575414
v -0.479344 0.838683 2.580364
v -0.479040 0.825202 2.570989
v -0.481906 0.831328 2.590857
v -0.481601 0.817845 2.581484
v -0.482087 0.824324 2.585901
v -0.479670 0.843044 2.583341
v -0.494714 0.843978 2.580323
v -0.497277 0.836622 2.590813
v -0.482232 0.835688 2.593839
v -0.239327 0.801654 2.635868
v -0.240390 0.796113 2.631732
v -0.108244 0.785365 2.650199
v -0.107183 0.790908 2.654346
v -0.105585 0.800493 2.640448
v -0.237731 0.811242 2.621970
v -0.238793 0.805698 2.617825
v -0.106646 0.794951 2.636305
v -0.864189 0.789663 2.466740
v -0.863621 0.784040 2.462605
v -0.795892 0.803428 2.493041
v -0.796456 0.809049 2.497174
v -0.789598 0.818366 2.484765
v -0.857330 0.798979 2.454337
v -0.856765 0.793355 2.450202
v -0.789031 0.812743 2.480634
v -0.492277 0.821159 2.585018
v -0.493341 0.815616 2.580871
v -0.490682 0.830746 2.571112
v -0.491743 0.825202 2.566970
v -0.512765 0.820880 2.582800
v -0.513826 0.815336 2.578655
v -0.511169 0.830468 2.568896
v -0.512229 0.824922 2.564753
v -0.242327 0.794105 2.629866
v -0.243331 0.788857 2.625936
v -0.119645 0.786188 2.648398
v -0.118641 0.791438 2.652322
v -0.117051 0.800736 2.638839
v -0.240737 0.803407 2.616383
v -0.241740 0.798156 2.612461
v -0.118054 0.795490 2.634921
v -0.854181 0.789155 2.472388
v -0.853645 0.783831 2.468480
v -0.783985 0.791622 2.491342
v -0.784519 0.796944 2.495255
v -0.777827 0.805985 2.483243
v -0.847487 0.798193 2.460374
v -0.846952 0.792873 2.456462
v -0.777695 0.804220 2.481915
v -0.487624 0.806442 2.575555
v -0.488626 0.801192 2.571634
v -0.486032 0.815742 2.562076
v -0.487036 0.810494 2.558156
v -0.508738 0.808593 2.574809
v -0.509377 0.801359 2.569577
v -0.506022 0.817919 2.561614
v -0.507787 0.810660 2.556098
v 1.026010 0.165837 -0.624960
v 1.037085 0.225471 -0.601278
v 1.009384 0.244762 -0.802092
v 0.998744 0.181900 -0.806111
v 1.030998 0.175507 -0.647030
v 1.039758 0.219204 -0.629456
v 1.018952 0.233595 -0.778024
v 1.010535 0.187344 -0.780045
v -1.026010 0.165837 -0.624960
v -1.037085 0.225471 -0.601278
v -1.009384 0.244762 -0.802092
v -0.998744 0.181900 -0.806111
v -1.030998 0.175507 -0.647030
v -1.039758 0.219204 -0.629456
v -1.018952 0.233595 -0.778024
v -1.010535 0.187344 -0.780045
vn 0.0023 -0.2875 -0.9578
vn 0.0019 -0.5299 -0.8480
vn 0.0004 -0.9789 -0.2042
vn 0.0014 -0.7483 -0.6633
vn 0.0009 -0.8979 -0.4403
vn -0.0015 -0.7262 0.6875
vn -0.0010 -0.8732 0.4874
vn -0.0001 -0.9977 0.0676
vn -0.0007 -0.9505 0.3106
vn -0.0020 -0.4707 0.8823
vn -0.0026 -0.1885 0.9821
vn -0.0027 -0.3598 0.9330
vn -0.0031 -0.0954 0.9954
vn 0.0028 -0.1052 -0.9944
vn 0.0033 0.0889 -0.9960
vn 1.0000 -0.0001 -0.0000
vn 1.0000 -0.0000 -0.0000
vn 1.0000 -0.0002 -0.0000
vn 1.0000 0.0001 -0.0000
vn -0.0023 -0.2875 -0.9578
vn -0.0019 -0.5299 -0.8480
vn -0.0004 -0.9789 -0.2042
vn -0.0014 -0.7483 -0.6633
vn -0.0009 -0.8979 -0.4403
vn 0.0015 -0.7262 0.6875
vn 0.0010 -0.8732 0.4874
vn 0.0001 -0.9977 0.0676
vn 0.0007 -0.9505 0.3106
vn 0.0020 -0.4707 0.8823
vn 0.0026 -0.1885 0.9821
vn 0.0027 -0.3598 0.9330
vn 0.0031 -0.0954 0.9954
vn -0.0028 -0.1052 -0.9944
vn -0.0033 0.0889 -0.9960
vn -1.0000 -0.0001 -0.0000
vn -1.0000 -0.0000 -0.0000
vn -1.0000 -0.0002 -0.0000
vn -1.0000 0.0001 -0.0000
vn -0.0196 -0.9965 -0.0817
vn 0.0196 -0.9965 -0.0817
vn 0.0071 -0.9977 -0.0675
vn -0.0071 -0.9977 -0.0675
vn -0.2357 -0.7144 -0.6588
vn 0.5709 -0.5933 -0.5675
vn 0.2758 -0.1544 -0.9487
vn 0.2090 -0.6512 -0.7296
vn -0.2164 -0.7702 -0.6000
vn 0.4521 -0.7807 -0.4314
vn 0.2331 -0.5662 -0.7906
vn 0.0039 -0.8896 -0.4567
vn 0.3353 -0.8450 -0.4166
vn 0.2725 -0.5047 -0.8192
vn -0.5758 -0.5918 -0.5641
vn 0.2420 -0.7141 -0.6569
vn -0.2761 -0.1469 -0.9499
vn -0.2090 -0.6512 -0.7296
vn -0.4549 -0.7821 -0.4259
vn 0.2219 -0.7719 -0.5958
vn -0.2331 -0.5662 -0.7906
vn -0.3354 -0.8478 -0.4109
vn -0.0006 -0.8924 -0.4513
vn -0.2725 -0.5047 -0.8192
vn -0.0474 0.5346 -0.8438
vn -0.1039 0.6331 -0.7671
vn -0.0297 0.7404 -0.6715
vn -0.0952 0.9720 -0.2149
vn -0.1349 0.8845 -0.4466
vn 0.0474 0.5346 -0.8438
vn 0.1039 0.6331 -0.7671
vn 0.0297 0.7404 -0.6715
vn 0.0952 0.9720 -0.2149
vn 0.1349 0.8845 -0.4466
vn 0.0734 -0.0866 0.9935
vn 0.1624 -0.0875 0.9828
vn 0.3423 -0.0859 0.9357
vn 0.7128 -0.0615 0.6987
vn 0.5184 -0.0800 0.8514
vn -0.9133 -0.4072 -0.0071
vn -0.9742 0.1978 0.1086
vn -0.9782 0.0155 -0.2069
vn -0.9411 0.2333 -0.2447
vn -0.8803 0.2045 -0.4282
vn -0.9136 0.4064 -0.0151
vn -0.9501 0.2629 -0.1677
vn -0.8872 0.4205 -0.1896
vn -0.8686 0.4953 -0.0180
vn -0.8718 0.4805 0.0949
vn -0.8622 0.5058 0.0267
vn -0.8813 0.0898 0.4640
vn -0.9273 0.1475 0.3440
vn -0.9563 0.1804 0.2303
vn -0.9597 0.2361 0.1525
vn -0.9097 0.4104 0.0639
vn -0.8586 0.4735 0.1966
vn -0.0734 -0.0866 0.9935
vn -0.1624 -0.0875 0.9828
vn -0.3423 -0.0859 0.9357
vn -0.7128 -0.0615 0.6987
vn -0.5184 -0.0800 0.8514
vn 0.9134 -0.4071 -0.0071
vn 0.9742 0.1978 0.1086
vn 0.9782 0.0155 -0.2069
vn 0.9411 0.2333 -0.2447
vn 0.8803 0.2045 -0.4282
vn 0.9136 0.4064 -0.0151
vn 0.9501 0.2629 -0.1677
vn 0.8872 0.4205 -0.1896
vn 0.8686 0.4953 -0.0180
vn 0.8718 0.4805 0.0949
vn 0.8622 0.5058 0.0267
vn 0.8813 0.0898 0.4640
vn 0.9273 0.1475 0.3440
vn 0.9563 0.1804 0.2303
vn 0.9597 0.2361 0.1525
vn 0.9097 0.4104 0.0639
vn 0.8586 0.4735 0.1966
vn -0.2545 -0.4544 -0.8537
vn 0.3874 -0.9219 -0.0075
vn 0.0004 -0.1298 -0.9915
vn 0.0004 -0.3291 -0.9443
vn 0.0004 -0.4432 -0.8964
vn 0.0003 -0.6292 -0.7773
vn -0.0000 -0.9941 0.1084
vn 0.0001 -0.9915 -0.1297
vn -0.0001 -0.9477 0.3191
vn 0.0001 -0.9417 -0.3363
vn 0.0002 -0.8496 -0.5274
vn -0.0002 -0.8332 0.5529
vn -0.0003 -0.6297 0.7769
vn -0.0004 -0.3964 0.9181
vn 0.0003 -0.7241 -0.6897
vn 0.0005 0.0164 -0.9999
vn -0.0004 -0.2276 0.9738
vn 0.0005 -0.1443 -0.9895
vn -0.0005 -0.0461 0.9989
vn -0.0004 -0.1298 -0.9915
vn -0.0004 -0.3291 -0.9443
vn -0.0004 -0.4432 -0.8964
vn -0.0003 -0.6292 -0.7773
vn -0.0001 -0.9915 -0.1297
vn 0.0001 -0.9477 0.3191
vn -0.0001 -0.9417 -0.3363
vn -0.0002 -0.8496 -0.5274
vn 0.0002 -0.8332 0.5529
vn 0.0003 -0.6297 0.7769
vn 0.0004 -0.3964 0.9181
vn -0.0003 -0.7241 -0.6897
vn -0.0005 0.0164 -0.9999
vn 0.0004 -0.2276 0.9738
vn -0.0005 -0.1443 -0.9895
vn 0.0005 -0.0461 0.9989
vn -0.9688 -0.2438 0.0453
vn -0.0006 0.1295 0.9916
vn -0.9867 -0.1543 0.0502
vn -0.0007 0.3284 0.9446
vn -0.9962 -0.0774 0.0404
vn -0.0007 0.4438 0.8961
vn -0.9934 -0.0907 0.0698
vn -0.0005 0.6289 0.7775
vn -0.9999 0.0018 0.0171
vn -0.0000 0.9941 -0.1083
vn -0.9998 -0.0022 0.0176
vn -0.0001 0.9916 0.1297
vn -0.9998 -0.0061 -0.0179
vn -0.0000 0.9476 -0.3193
vn -0.9995 -0.0112 0.0310
vn -0.0002 0.9417 0.3366
vn -0.9989 -0.0253 0.0405
vn -0.0003 0.8499 0.5270
vn -1.0000 0.0026 0.0034
vn 0.0002 0.8332 -0.5530
vn -0.9983 -0.0442 -0.0368
vn 0.0003 0.6297 -0.7768
vn -0.9964 -0.0770 -0.0360
vn 0.0003 0.3967 -0.9179
vn -0.9976 -0.0466 0.0505
vn -0.0005 0.7243 0.6895
vn -0.0000 -0.9999 -0.0165
vn -0.9475 -0.3196 0.0079
vn -0.0007 -0.0180 0.9998
vn -0.9690 -0.2405 -0.0566
vn 0.0003 0.2272 -0.9738
vn -0.9487 -0.3144 0.0318
vn -0.0007 0.1499 0.9887
vn -0.0000 -0.9991 -0.0413
vn -0.9226 -0.3842 -0.0351
vn 0.0005 0.0461 -0.9989
vn 0.0071 -0.9981 0.0610
vn 1.0000 0.0021 0.0003
vn 0.9994 -0.0337 -0.0023
vn 1.0000 0.0040 0.0002
vn 1.0000 0.0001 -0.0001
vn 1.0000 -0.0026 -0.0001
vn 1.0000 -0.0004 -0.0000
vn 1.0000 0.0009 -0.0001
vn 0.9999 -0.0126 -0.0029
vn 1.0000 0.0023 -0.0018
vn 0.9688 -0.2438 0.0453
vn 0.0006 0.1295 0.9916
vn 0.9867 -0.1543 0.0502
vn 0.0008 0.3284 0.9446
vn 0.9962 -0.0774 0.0404
vn 0.0007 0.4438 0.8961
vn 0.9934 -0.0907 0.0698
vn 0.0005 0.6289 0.7775
vn 0.9999 0.0018 0.0171
vn 0.9998 -0.0022 0.0176
vn 0.0001 0.9916 0.1297
vn 0.9998 -0.0061 -0.0179
vn 0.9995 -0.0112 0.0310
vn 0.0002 0.9417 0.3366
vn 0.9989 -0.0253 0.0405
vn 0.0003 0.8499 0.5270
vn 1.0000 0.0026 0.0034
vn -0.0002 0.8332 -0.5530
vn 0.9983 -0.0442 -0.0368
vn -0.0003 0.6297 -0.7768
vn 0.9964 -0.0770 -0.0360
vn -0.0003 0.3967 -0.9179
vn 0.9976 -0.0466 0.0505
vn 0.0005 0.7243 0.6895
vn 0.9475 -0.3196 0.0079
vn 0.0007 -0.0180 0.9998
vn 0.9690 -0.2405 -0.0566
vn -0.0003 0.2272 -0.9738
vn 0.9487 -0.3144 0.0318
vn 0.0007 0.1499 0.9887
vn 0.9226 -0.3842 -0.0351
vn -0.0005 0.0461 -0.9989
vn -0.0085 -0.9981 0.0610
vn -1.0000 0.0021 0.0003
vn -0.9994 -0.0337 -0.0023
vn -1.0000 0.0040 0.0002
vn -1.0000 0.0001 -0.0001
vn -1.0000 -0.0026 -0.0001
vn -1.0000 -0.0004 -0.0000
vn -1.0000 0.0009 -0.0001
vn -0.9999 -0.0126 -0.0029
vn -1.0000 0.0023 -0.0018
vn 0.9288 0.3703 0.0174
vn -0.9288 0.3703 0.0174
vn -0.0023 1.0000 -0.0000
vn 0.0477 0.9989 -0.0002
vn -0.9963 0.0853 0.0045
vn -0.9963 0.0854 0.0045
vn -0.9990 0.0332 -0.0306
vn -0.9302 0.3670 0.0042
vn -0.9967 0.0685 0.0436
vn -0.3072 -0.1730 0.9358
vn 0.0643 0.0003 -0.9979
vn 0.2093 0.0003 -0.9778
vn -0.9981 -0.0000 0.0617
vn -0.1797 0.0253 0.9834
vn -0.1569 0.0241 0.9873
vn -0.7280 0.6855 0.0033
vn -0.7281 0.6855 0.0033
vn -0.0246 -0.9997 0.0035
vn -0.9846 -0.0000 -0.1746
vn -0.0896 -0.9959 0.0082
vn -0.0000 -0.0000 -1.0000
vn -0.0783 -0.0171 0.9968
vn -0.0021 0.9999 0.0142
vn -0.3092 -0.0090 0.9509
vn -0.9980 0.0101 0.0626
vn 0.0109 0.9999 0.0071
vn 0.0002 1.0000 0.0002
vn 0.0004 0.5176 -0.8556
vn -0.9787 0.0631 -0.1953
vn 0.0006 1.0000 0.0002
vn 0.0023 1.0000 -0.0000
vn -0.0477 0.9989 -0.0002
vn 0.9963 0.0853 0.0045
vn 0.9963 0.0854 0.0045
vn 0.9990 0.0332 -0.0306
vn 0.9302 0.3670 0.0042
vn 0.9967 0.0685 0.0436
vn 0.3072 -0.1730 0.9358
vn -0.0643 0.0003 -0.9979
vn -0.2093 0.0003 -0.9778
vn 0.9981 -0.0000 0.0617
vn 0.1797 0.0253 0.9834
vn 0.1569 0.0241 0.9873
vn 0.7280 0.6855 0.0033
vn 0.7281 0.6855 0.0033
vn 0.0246 -0.9997 0.0035
vn 0.9846 -0.0000 -0.1746
vn 0.0896 -0.9959 0.0082
vn 0.0783 -0.0171 0.9968
vn 0.0021 0.9999 0.0142
vn 0.3092 -0.0090 0.9509
vn 0.9980 0.0101 0.0626
vn -0.0109 0.9999 0.0071
vn -0.0002 1.0000 0.0002
vn -0.0004 0.5176 -0.8556
vn 0.9787 0.0631 -0.1953
vn -0.0006 1.0000 0.0002
vn -0.0003 0.1392 -0.9903
vn 0.0005 0.1225 0.9925
vn -0.9668 0.2538 -0.0285
vn -0.0000 0.9998 -0.0202
vn 0.9624 0.2707 0.0209
vn 0.9678 0.2507 0.0227
vn -0.0000 0.9997 0.0229
vn -0.9660 0.2584 0.0111
vn 0.9676 0.2445 0.0634
vn 0.9606 0.2702 0.0653
vn -0.3504 0.9363 -0.0225
vn 0.3464 -0.9304 0.1196
vn -0.0055 0.0865 -0.9962
vn -0.9602 0.2775 -0.0303
vn -0.3497 0.9367 0.0172
vn -0.0186 0.0736 0.9971
vn 0.3470 -0.9294 -0.1261
vn -0.9595 0.2815 0.0130
vn 0.0003 0.1392 -0.9903
vn -0.0005 0.1225 0.9925
vn 0.9668 0.2538 -0.0285
vn -0.9624 0.2707 0.0209
vn -0.9678 0.2507 0.0227
vn 0.9660 0.2584 0.0111
vn -0.9676 0.2445 0.0634
vn -0.9606 0.2702 0.0653
vn 0.3504 0.9363 -0.0225
vn -0.3464 -0.9304 0.1196
vn 0.0055 0.0865 -0.9962
vn 0.9602 0.2775 -0.0302
vn 0.3497 0.9367 0.0172
vn 0.0186 0.0736 0.9971
vn -0.3470 -0.9294 -0.1261
vn 0.9595 0.2815 0.0130
vn -1.0000 -0.0001 -0.0094
vn 0.9992 0.0004 0.0410
vn -0.0000 0.9996 -0.0265
vn -0.0003 -0.0155 -0.9999
vn 0.9992 0.0007 0.0410
vn -0.9999 0.0002 -0.0106
vn 0.9991 -0.0007 0.0421
vn 0.0005 -0.0175 0.9998
vn -0.0000 0.9996 0.0300
vn -0.9999 0.0001 -0.0106
vn 0.9991 -0.0004 0.0420
vn 1.0000 -0.0001 -0.0094
vn -0.9992 0.0003 0.0409
vn 0.0003 -0.0155 -0.9999
vn -0.9992 0.0006 0.0410
vn 0.9999 0.0002 -0.0106
vn -0.9991 -0.0007 0.0421
vn -0.0005 -0.0175 0.9998
vn 0.9999 0.0001 -0.0105
vn -0.9991 -0.0004 0.0420
vn -0.0000 0.9996 0.0299
vn -1.0000 -0.0000 -0.0094
vn 0.9992 0.0001 0.0409
vn -0.0000 0.9972 -0.0749
vn -0.0003 -0.0055 -1.0000
vn 0.9992 0.0003 0.0410
vn 0.9991 -0.0003 0.0421
vn 0.0005 -0.0062 1.0000
vn -0.0000 0.9964 0.0847
vn -0.9999 -0.0000 -0.0106
vn 0.9991 -0.0001 0.0420
vn 1.0000 -0.0000 -0.0094
vn -0.9992 0.0001 0.0409
vn 0.0003 -0.0055 -1.0000
vn -0.9992 0.0002 0.0410
vn -0.9991 -0.0003 0.0421
vn -0.0005 -0.0062 1.0000
vn 0.9999 -0.0000 -0.0106
vn -0.9991 -0.0001 0.0420
vn -0.0000 -0.0000 1.0000
vn -0.5900 -0.8072 -0.0158
vn -0.0000 0.9999 0.0155
vn -0.0184 -0.0043 -0.9998
vn -0.9972 -0.0381 -0.0649
vn -0.9993 -0.0373 -0.0000
vn -0.0000 1.0000 -0.0000
vn -0.0000 0.9999 0.0157
vn 0.9996 -0.0000 -0.0293
vn -0.9980 0.0157 -0.0617
vn -0.6045 -0.7966 -0.0106
vn -0.0193 0.0082 -0.9998
vn -0.0406 -0.9990 -0.0171
vn -0.9999 0.0126 0.0009
vn -0.6745 -0.7383 0.0007
vn -0.0367 -0.9993 0.0001
vn 0.0106 -0.0000 0.9999
vn 0.0286 -0.0000 0.9996
vn -0.5758 -0.8176 -0.0000
vn 0.0003 -1.0000 -0.0000
vn -0.6000 -0.7997 0.0218
vn 0.0002 -0.9999 -0.0165
vn -0.9993 -0.0374 0.0009
vn 1.0000 -0.0000 -0.0008
vn -0.0367 -0.9993 -0.0000
vn -0.9999 0.0115 0.0009
vn -0.7175 -0.6966 0.0006
vn 0.9847 -0.0000 -0.1740
vn -0.9848 0.0009 0.1736
vn 0.0009 0.9998 0.0183
vn 0.0039 0.9998 0.0183
vn -0.0000 -1.0000 -0.0000
vn 0.0022 -1.0000 -0.0004
vn -0.1723 -0.0000 -0.9850
vn -0.2061 -0.0000 -0.9785
vn 0.2106 -0.0000 0.9776
vn 0.1742 0.0008 0.9847
vn -0.9849 -0.0000 0.1731
vn 0.1746 -0.0000 0.9846
vn 0.0002 1.0000 0.0011
vn 0.0024 -1.0000 0.0007
vn -0.0020 1.0000 -0.0006
vn -0.0017 1.0000 0.0012
vn 0.0020 -1.0000 -0.0014
vn 0.0002 1.0000 0.0010
vn -0.9848 -0.0000 0.1739
vn 0.0023 -1.0000 0.0006
vn -0.0019 1.0000 -0.0005
vn 0.1743 -0.0000 0.9847
vn -0.0016 1.0000 0.0012
vn 0.0019 -1.0000 -0.0014
vn -0.1739 -0.0000 -0.9848
vn 0.1812 -0.0000 0.9835
vn -0.1815 -0.0000 -0.9834
vn -0.0199 -0.9994 -0.0268
vn 0.0233 0.9997 -0.0000
vn -0.9999 -0.0035 0.0152
vn -0.4831 -0.0385 0.8747
vn 0.0344 0.0263 0.9991
vn 0.0167 0.9999 -0.0000
vn -0.2388 -0.0000 -0.9711
vn -0.4807 0.0147 0.8768
vn -0.0110 -0.7722 0.6352
vn -0.9999 0.0065 0.0131
vn -0.0255 -0.9992 0.0317
vn 0.0005 0.0133 0.9999
vn 0.0004 -0.7552 0.6555
vn -0.0000 -0.9997 0.0233
vn 0.9998 -0.0000 -0.0179
vn 0.9997 -0.0000 -0.0240
vn -0.0000 -0.9997 -0.0248
vn -0.0000 -0.6995 -0.7146
vn -0.0177 -0.9994 -0.0288
vn -0.1425 -0.6742 -0.7247
vn -0.4445 0.0268 0.8954
vn 1.0000 -0.0000 -0.0001
vn -0.0000 0.0127 0.9999
vn -0.0000 -0.7344 0.6787
vn -0.2688 0.7833 -0.5605
vn -0.4557 0.8901 -0.0000
vn 0.4398 0.8981 -0.0000
vn 0.2558 0.7881 -0.5599
vn -0.7706 0.3064 -0.5587
vn -0.9154 0.4026 -0.0000
vn 0.9154 0.4026 -0.0000
vn 0.7706 0.3064 -0.5587
vn -0.7614 -0.2609 -0.5935
vn -0.9460 -0.3242 -0.0000
vn 0.9460 -0.3242 -0.0000
vn 0.7614 -0.2609 -0.5935
vn -0.3504 -0.6804 -0.6437
vn -0.4557 -0.8901 -0.0000
vn 0.4398 -0.8981 -0.0000
vn 0.3347 -0.6872 -0.6448
vn -0.4492 0.8900 0.0786
vn 0.0848 0.1061 0.9907
vn -0.0812 0.1037 0.9913
vn 0.4330 0.8979 0.0788
vn -0.9124 0.4043 0.0643
vn 0.0076 -0.0032 1.0000
vn -0.0076 -0.0032 1.0000
vn 0.9124 0.4043 0.0643
vn -0.9441 -0.3235 0.0638
vn 0.0087 0.0030 1.0000
vn -0.0087 0.0030 1.0000
vn 0.9441 -0.3235 0.0638
vn -0.4548 -0.8876 0.0727
vn 0.0041 0.0079 1.0000
vn -0.0039 0.0081 1.0000
vn 0.4385 -0.8958 0.0729
vn 0.5368 -0.8437 -0.0000
vn -0.4913 -0.8710 -0.0000
vn -0.8126 -0.5828 -0.0000
vn 0.7901 -0.6130 -0.0000
vn -0.9877 -0.1561 -0.0000
vn -0.3806 0.9247 -0.0000
vn 0.3655 0.9308 -0.0000
vn 0.9885 -0.1512 -0.0000
vn 0.3449 0.9386 -0.0000
vn -0.3754 0.9269 -0.0000
vn -0.4543 -0.8908 0.0045
vn -0.3386 -0.6638 0.6669
vn -0.9424 -0.3344 0.0017
vn -0.7427 -0.2635 0.6156
vn -0.9424 0.3344 -0.0017
vn -0.7427 0.2635 0.6156
vn -0.4543 0.8908 -0.0045
vn -0.3386 0.6638 0.6669
vn 0.4175 0.9086 -0.0046
vn 0.3084 0.6711 0.6742
vn 0.9424 0.3345 -0.0017
vn 0.7212 0.2560 0.6436
vn 0.9424 -0.3345 0.0017
vn 0.7212 -0.2560 0.6436
vn 0.4175 -0.9086 0.0046
vn 0.3084 -0.6711 0.6742
vn -0.0110 0.3040 0.9526
vn 0.0344 0.2945 0.9550
vn -0.5456 0.3907 -0.7414
vn 0.6728 -0.3062 -0.6735
vn 0.6870 0.4842 -0.5418
vn 0.4109 0.7241 -0.5539
vn 0.2201 0.7997 -0.5586
vn 0.1507 0.7788 -0.6089
vn 0.1524 0.7693 -0.6205
vn 0.1524 0.7737 -0.6149
vn 0.0839 -0.8615 -0.5007
vn 0.1058 -0.8265 -0.5530
vn 0.1324 -0.7238 -0.6771
vn 0.1864 0.7597 -0.6230
vn 0.1362 -0.8222 -0.5526
vn 0.3105 -0.3287 -0.8919
vn 0.8057 0.1578 -0.5708
vn 0.8030 0.1580 -0.5747
vn 0.1878 0.2008 -0.9615
vn 0.2063 0.2001 -0.9578
vn 0.2133 0.1954 -0.9573
vn 0.1990 0.1964 -0.9601
vn -0.2801 0.2646 -0.9228
vn -0.2799 0.2645 -0.9229
vn -0.8441 0.1917 -0.5007
vn -0.7626 0.2112 -0.6114
vn -0.0398 -0.9762 -0.2133
vn 0.9677 -0.0539 0.2462
vn 0.9672 -0.0544 0.2482
vn -0.0960 0.9801 0.1740
vn -0.8040 0.5385 -0.2524
vn -0.9132 0.0344 -0.4061
vn -0.8647 -0.4285 -0.2622
vn -0.3524 -0.8971 -0.2665
vn -0.8185 0.0656 -0.5708
vn 0.9822 -0.0677 0.1753
vn -0.0693 0.9796 0.1884
vn -0.9826 0.0321 -0.1827
vn -0.9824 0.0324 -0.1842
vn -0.0074 -0.9791 -0.2031
vn 0.9819 -0.0681 0.1768
vn 0.9695 -0.1684 0.1783
vn -0.0242 0.9791 0.2020
vn -0.9773 0.0648 -0.2017
vn -0.9788 0.0632 -0.1949
vn -0.0063 -0.9779 -0.2089
vn 0.9709 -0.1669 0.1718
vn 0.7453 0.1357 -0.6527
vn 0.0575 0.9289 -0.3657
vn 0.1176 -0.8606 -0.4955
vn 0.2550 0.1970 -0.9467
vn -0.4806 0.4455 -0.7554
vn 0.0289 -0.8193 -0.5727
vn 0.0387 0.1640 -0.9857
vn -0.5356 0.1261 -0.8350
vn -0.0304 -0.7699 -0.6374
vn 0.1379 0.1895 -0.9722
vn 0.7378 0.1166 -0.6648
vn 0.0488 0.9160 -0.3982
vn -0.5559 0.1651 -0.8147
vn 0.0904 -0.8482 -0.5219
vn 0.1847 0.1982 -0.9626
vn 0.5456 0.3907 -0.7414
vn -0.6728 -0.3062 -0.6735
vn -0.6870 0.4842 -0.5418
vn -0.4109 0.7241 -0.5539
vn -0.2201 0.7997 -0.5586
vn -0.1507 0.7788 -0.6089
vn -0.1524 0.7693 -0.6205
vn -0.1524 0.7737 -0.6149
vn -0.0839 -0.8615 -0.5007
vn -0.1058 -0.8265 -0.5530
vn -0.1324 -0.7238 -0.6771
vn -0.1864 0.7597 -0.6230
vn -0.1362 -0.8222 -0.5526
vn -0.3105 -0.3287 -0.8919
vn -0.8057 0.1578 -0.5708
vn -0.8030 0.1580 -0.5747
vn -0.1878 0.2008 -0.9615
vn -0.2063 0.2001 -0.9578
vn -0.2133 0.1954 -0.9573
vn -0.1990 0.1964 -0.9601
vn 0.2801 0.2646 -0.9228
vn 0.2799 0.2645 -0.9229
vn 0.8441 0.1917 -0.5007
vn 0.7626 0.2112 -0.6114
vn 0.0398 -0.9762 -0.2133
vn -0.9677 -0.0539 0.2462
vn -0.9672 -0.0544 0.2482
vn 0.0960 0.9801 0.1740
vn 0.8040 0.5385 -0.2524
vn 0.9132 0.0344 -0.4061
vn 0.8647 -0.4285 -0.2622
vn 0.3524 -0.8971 -0.2665
vn 0.8184 0.0656 -0.5708
vn -0.9822 -0.0677 0.1753
vn 0.0693 0.9796 0.1884
vn 0.9826 0.0321 -0.1827
vn 0.9824 0.0324 -0.1842
vn 0.0074 -0.9791 -0.2031
vn -0.9819 -0.0681 0.1768
vn -0.9695 -0.1684 0.1783
vn 0.0242 0.9791 0.2020
vn 0.9773 0.0648 -0.2017
vn 0.9788 0.0632 -0.1949
vn 0.0063 -0.9779 -0.2089
vn -0.9709 -0.1669 0.1718
vn -0.3881 0.1889 -0.9020
vn -0.2047 0.5309 -0.8223
vn -0.2523 -0.1275 -0.9592
vn -0.2550 0.1970 -0.9467
vn -0.0678 0.1591 -0.9849
vn -0.0309 0.2355 -0.9714
vn -0.0449 0.1630 -0.9856
vn -0.0695 0.1898 -0.9794
vn -0.2343 -0.2162 -0.9478
vn -0.3610 0.1955 -0.9118
vn -0.3595 0.1812 -0.9154
vn -0.1441 0.5539 -0.8200
vn -0.0064 0.2023 -0.9793
vn -0.1827 -0.1692 -0.9685
vn -0.1847 0.1982 -0.9626
vn -0.0000 -0.0044 -1.0000
vn -0.0000 0.0044 1.0000
vn -0.0000 0.3007 -0.9537
vn 0.9269 0.3747 -0.0232
vn -0.0000 0.4489 0.8936
vn -0.9269 0.3746 -0.0232
vn -0.0000 -0.0009 -1.0000
vn -0.0000 0.0009 1.0000
vn -0.0000 -0.9996 0.0281
vn -0.0000 -0.0641 -0.9979
vn -0.0002 -0.9996 0.0277
vn 0.9992 -0.0402 0.0011
vn -0.0000 -0.9996 0.0277
vn -0.0000 -0.0163 0.9999
vn 0.0002 -0.9996 0.0277
vn -0.9992 -0.0401 0.0011
vn -0.0000 0.9996 -0.0277
vn 0.0399 0.1666 0.9852
vn 0.9863 0.1643 -0.0123
vn -0.0883 0.1342 -0.9870
vn -0.9902 0.1393 -0.0104
vn -0.0000 0.9972 -0.0746
vn 0.2460 -0.9666 0.0722
vn -0.0000 -0.9897 -0.1433
vn -0.0000 -0.9931 -0.1173
vn -0.0000 -0.9954 -0.0957
vn -0.0000 -0.9900 -0.1409
vn -0.0000 -0.9967 -0.0812
vn -0.0000 -0.9883 -0.1527
vn -0.0000 -0.5828 0.8126
vn -0.0000 -0.9950 -0.0996
vn -0.0000 -0.6595 0.7517
vn -0.0000 -0.9831 0.1829
vn -0.0000 -0.9962 -0.0866
vn -0.0000 -0.7697 -0.6384
vn -0.0000 -0.4178 -0.9086
vn -0.0000 -0.9982 -0.0603
vn -0.0000 -1.0000 -0.0055
vn -0.0000 -1.0000 -0.0040
vn -0.0000 -1.0000 -0.0050
vn -0.0000 -1.0000 0.0060
vn -0.0000 -1.0000 0.0033
vn -0.0000 -0.9998 0.0214
vn -0.0000 -0.9999 0.0138
vn -0.0000 -1.0000 0.0099
vn -0.0070 -0.9812 0.1930
vn 0.0070 -0.9812 0.1930
vn 0.9136 -0.4039 -0.0463
vn -0.0000 -0.9961 -0.0883
vn -0.0000 -0.1279 0.9918
vn -0.9333 -0.3567 -0.0407
vn 0.9246 -0.3777 -0.0489
vn -0.9421 -0.3327 -0.0426
vn 0.9278 -0.3666 -0.0696
vn -0.0000 -0.9821 -0.1885
vn -0.9446 -0.3227 -0.0599
vn -0.0000 -0.6410 -0.7675
vn 0.6556 -0.5078 -0.5588
vn -0.0000 -0.9480 -0.3184
vn -0.8766 -0.2114 -0.4322
vn 0.0001 -0.9480 -0.3184
vn -0.0000 -0.9972 0.0742
vn 0.8576 -0.5141 -0.0114
vn -0.0000 0.9943 0.1070
vn -0.8576 -0.5141 -0.0114
vn -0.0000 -0.6174 0.7866
vn -0.0000 -0.5667 0.8239
vn 0.7864 -0.6177 -0.0030
vn -0.0002 -1.0000 -0.0051
vn -0.0000 -0.5408 -0.8412
vn -0.8086 -0.5883 -0.0029
vn -0.0000 -1.0000 -0.0052
vn 0.7857 -0.6186 -0.0029
vn -0.8085 -0.5886 -0.0025
vn -0.0000 -1.0000 -0.0044
vn 0.0001 -0.3388 0.9409
vn -0.8086 -0.5883 -0.0002
vn -0.0000 -1.0000 -0.0004
vn 0.7859 -0.6184 -0.0002
vn -0.0000 -1.0000 -0.0003
vn -0.8076 -0.5897 -0.0044
vn 0.7937 -0.6073 0.0363
vn -0.0000 -0.5658 -0.8245
vn -0.8078 -0.5894 -0.0026
vn 0.7924 -0.6096 0.0222
vn -0.7864 -0.6177 -0.0030
vn 0.0002 -1.0000 -0.0051
vn 0.8087 -0.5883 -0.0029
vn -0.7857 -0.6186 -0.0029
vn 0.8085 -0.5886 -0.0025
vn -0.0001 -0.3388 0.9409
vn 0.8086 -0.5883 -0.0002
vn -0.7859 -0.6184 -0.0002
vn 0.8076 -0.5897 -0.0044
vn -0.7937 -0.6073 0.0363
vn 0.8079 -0.5894 -0.0026
vn -0.7924 -0.6096 0.0222
vn -0.0000 0.0135 -0.9999
vn -0.0000 -0.0154 0.9999
vn -0.0000 -1.0000 -0.0046
vn -0.0000 0.0136 -0.9999
vn -0.0001 0.0135 -0.9999
vn -1.0000 -0.0000 -0.0025
vn 1.0000 -0.0000 -0.0025
vn 0.0001 0.0135 -0.9999
vn 0.0721 0.1392 -0.9876
vn -0.0835 0.1387 -0.9868
vn 0.3410 -0.9400 0.0081
vn -0.2904 -0.9569 0.0089
vn 0.2717 0.9624 -0.0089
vn -0.3442 0.9388 -0.0079
vn -0.0308 -0.2165 -0.9758
vn 0.0451 -0.2162 -0.9753
vn -0.1714 -0.0731 -0.9825
vn -0.1740 0.0312 -0.9843
vn 0.9556 0.2946 -0.0065
vn 0.9589 -0.2839 0.0040
vn 0.0090 -0.0308 -0.9995
vn -0.0104 -0.0308 -0.9995
vn -0.0103 -0.0307 -0.9995
vn 0.0091 -0.0310 -0.9995
vn -0.9575 0.2884 -0.0041
vn -0.9552 -0.2958 0.0064
vn 0.1724 -0.0722 -0.9824
vn 0.1691 0.0320 -0.9851
vn 0.9573 -0.2888 -0.0096
vn 0.3341 -0.9420 -0.0312
vn 0.9551 0.2962 0.0096
vn -0.2610 -0.9648 -0.0319
vn 0.2613 0.9646 0.0356
vn -0.9555 -0.2948 -0.0095
vn -0.3131 0.9491 0.0351
vn -0.9588 0.2840 0.0094
vn -0.0721 0.1392 -0.9876
vn 0.0835 0.1387 -0.9868
vn -0.3410 -0.9400 0.0081
vn 0.2904 -0.9569 0.0089
vn -0.2717 0.9624 -0.0089
vn 0.3442 0.9388 -0.0079
vn 0.0308 -0.2165 -0.9758
vn -0.0451 -0.2162 -0.9753
vn 0.1714 -0.0731 -0.9825
vn 0.1740 0.0312 -0.9843
vn -0.9556 0.2946 -0.0065
vn -0.9589 -0.2839 0.0040
vn -0.0090 -0.0308 -0.9995
vn 0.0104 -0.0308 -0.9995
vn 0.0103 -0.0307 -0.9995
vn -0.0091 -0.0310 -0.9995
vn 0.9575 0.2884 -0.0041
vn 0.9552 -0.2958 0.0064
vn -0.1724 -0.0722 -0.9824
vn -0.1691 0.0320 -0.9851
vn -0.9573 -0.2888 -0.0096
vn -0.3341 -0.9420 -0.0312
vn -0.9551 0.2962 0.0096
vn 0.2610 -0.9648 -0.0319
vn -0.2613 0.9646 0.0356
vn 0.9555 -0.2948 -0.0095
vn 0.3131 0.9491 0.0351
vn 0.9588 0.2840 0.0094
vn 0.9978 -0.0664 -0.0051
vn -0.9978 -0.0664 -0.0051
vn 0.1779 0.0694 -0.9816
vn 0.1754 -0.9701 -0.1678
vn 0.5210 -0.1703 0.8364
vn 0.5013 0.8653 -0.0027
vn 0.9680 -0.1478 -0.2026
vn -0.1779 0.0694 -0.9816
vn -0.1754 -0.9701 -0.1678
vn -0.5210 -0.1703 0.8364
vn -0.5013 0.8653 -0.0027
vn -0.9680 -0.1478 -0.2026
vn 0.1755 0.0184 -0.9843
vn -0.1755 0.0184 -0.9843
vn -0.0001 0.0013 -1.0000
vn -0.0009 0.0014 -1.0000
vn -0.5702 -0.0149 -0.8214
vn 0.0001 0.0013 -1.0000
vn 0.0009 0.0014 -1.0000
vn 0.5702 -0.0149 -0.8214
vn 0.9872 0.1512 0.0515
vn -0.7677 0.6360 -0.0787
vn -0.9554 0.2801 -0.0936
vn 0.0721 -0.9906 0.1165
vn 0.1662 -0.9860 0.0141
vn -0.0413 -0.9837 0.1748
vn 0.2531 -0.8923 -0.3737
vn -0.0657 -0.9862 0.1518
vn 0.4730 0.2658 -0.8400
vn 0.4800 0.2032 -0.8534
vn -0.0176 0.9990 -0.0423
vn 0.5235 0.1167 -0.8440
vn -0.1089 -0.9744 0.1966
vn -0.0037 -0.9999 -0.0103
vn -0.0927 -0.9722 0.2150
vn 0.0514 -0.9973 -0.0521
vn 0.7606 -0.6033 -0.2400
vn -0.1641 0.9846 -0.0600
vn 0.9477 0.0065 -0.3192
vn 0.1055 -0.9825 -0.1537
vn 0.0723 0.9974 0.0052
vn 0.0490 0.9987 -0.0166
vn -0.1684 0.9855 -0.0231
vn 0.9883 -0.0822 -0.1287
vn -0.9698 0.1070 -0.2192
vn 0.8765 0.4545 -0.1586
vn -0.8601 -0.2519 -0.4437
vn 0.0072 -0.9899 0.1413
vn 0.7994 0.5768 -0.1679
vn -0.6259 -0.6709 -0.3976
vn 0.7677 0.6360 -0.0787
vn 0.9554 0.2801 -0.0936
vn -0.0721 -0.9906 0.1165
vn 0.0413 -0.9837 0.1748
vn -0.2531 -0.8923 -0.3737
vn 0.0657 -0.9862 0.1518
vn -0.4730 0.2658 -0.8400
vn -0.4800 0.2032 -0.8534
vn 0.0176 0.9990 -0.0423
vn -0.5235 0.1167 -0.8440
vn 0.1089 -0.9744 0.1966
vn 0.0037 -0.9999 -0.0103
vn 0.0927 -0.9722 0.2150
vn -0.0514 -0.9973 -0.0521
vn -0.7606 -0.6033 -0.2400
vn 0.1641 0.9846 -0.0600
vn -0.9477 0.0065 -0.3192
vn -0.1055 -0.9825 -0.1537
vn -0.1192 0.9926 0.0234
vn -0.0490 0.9987 -0.0166
vn 0.1684 0.9855 -0.0231
vn -0.9883 -0.0822 -0.1287
vn 0.9698 0.1070 -0.2192
vn -0.8765 0.4545 -0.1586
vn 0.8601 -0.2519 -0.4437
vn -0.0072 -0.9899 0.1413
vn -0.7994 0.5768 -0.1679
vn 0.6259 -0.6709 -0.3976
vn 0.0268 -0.9994 -0.0199
vn -0.0000 0.9997 0.0233
vn -0.0129 -0.0047 -0.9999
vn -0.8747 -0.0384 -0.4831
vn -0.9988 0.0263 0.0416
vn -0.0000 0.9999 0.0167
vn 0.9711 -0.0000 -0.2388
vn -0.8763 0.0410 -0.4800
vn -0.6350 -0.7724 -0.0110
vn -0.0121 0.0187 -0.9998
vn -0.0317 -0.9992 -0.0255
vn -0.9993 0.0371 0.0006
vn -0.6554 -0.7552 0.0005
vn -0.0233 -0.9997 -0.0000
vn 0.0100 -0.0000 1.0000
vn 0.0240 -0.0000 0.9997
vn 0.0248 -0.9997 -0.0000
vn 0.0004 -1.0000 -0.0000
vn 0.0288 -0.9994 -0.0177
vn 0.0002 -0.9998 -0.0176
vn -0.8954 0.0268 -0.4445
vn 0.0001 -0.0000 1.0000
vn -0.9994 0.0353 -0.0000
vn -0.6791 -0.7340 -0.0000
vn -0.0000 0.9629 0.2698
vn -0.0000 -0.9629 -0.2698
vn -0.1273 0.9551 0.2676
vn 0.1273 -0.9551 -0.2677
vn 0.1363 0.9539 0.2673
vn -0.1363 -0.9539 -0.2673
vn 0.0899 0.9863 0.1382
vn -0.0626 -0.9884 -0.1385
vn -0.0971 0.9857 0.1381
vn -0.0000 -0.0001 -1.0000
vn 0.0676 -0.9881 -0.1385
vn -0.0366 -0.0000 0.9993
vn 0.8206 0.5671 -0.0706
vn 0.8994 -0.0000 -0.4371
vn 0.5948 -0.0131 0.8038
vn -0.5390 0.0203 -0.8421
vn 0.9539 -0.0337 0.2982
vn -0.0075 1.0000 0.0039
vn 0.0511 0.9977 0.0455
vn 0.7563 0.6083 0.2408
vn 0.9483 -0.0046 0.3175
vn 0.1098 0.9813 0.1583
vn -0.1895 -0.4316 0.8819
vn -0.1604 -0.4514 0.8778
vn -0.2260 -0.3210 0.9197
vn 0.3180 0.4881 0.8128
vn 0.2060 0.4165 0.8855
vn -0.0141 0.4561 0.8898
vn 0.3383 0.1206 0.9333
vn 0.3784 0.0491 0.9244
vn -0.0581 -0.4777 0.8766
vn 0.0075 1.0000 0.0039
vn -0.0511 0.9977 0.0455
vn -0.7563 0.6083 0.2408
vn -0.9483 -0.0046 0.3175
vn -0.1098 0.9813 0.1583
vn 0.1895 -0.4316 0.8819
vn 0.1604 -0.4514 0.8778
vn 0.2260 -0.3210 0.9197
vn -0.3180 0.4881 0.8128
vn -0.2060 0.4165 0.8855
vn 0.0141 0.4561 0.8898
vn -0.3383 0.1206 0.9333
vn -0.3784 0.0491 0.9244
vn 0.0581 -0.4777 0.8766
vn 0.3090 -0.9511 -0.0000
vn 0.8090 -0.5878 -0.0000
vn 0.8090 0.5878 -0.0000
vn 0.3090 0.9511 -0.0000
vn -0.3090 0.9511 -0.0000
vn -0.8090 0.5878 -0.0000
vn -0.8090 -0.5878 -0.0000
vn -0.3090 -0.9511 -0.0000
vn 0.2626 -0.8082 0.5270
vn 0.6875 -0.4995 0.5270
vn 0.8498 -0.0000 0.5270
vn 0.6875 0.4995 0.5270
vn 0.2626 0.8083 0.5270
vn -0.2626 0.8083 0.5270
vn -0.6876 0.4995 0.5270
vn -0.8499 -0.0000 0.5270
vn -0.6876 -0.4995 0.5270
vn -0.2626 -0.8082 0.5270
vn -0.2626 -0.8083 0.5270
vn -0.6875 -0.4995 0.5270
vn -0.6875 0.4995 0.5270
vn 0.6876 0.4995 0.5270
vn 0.8499 -0.0000 0.5270
vn 0.6876 -0.4995 0.5270
vn 0.1522 -0.4684 0.8703
vn 0.3984 -0.2895 0.8703
vn 0.4925 -0.0000 0.8703
vn 0.3984 0.2895 0.8703
vn 0.1522 0.4684 0.8703
vn -0.1522 0.4683 0.8703
vn -0.3984 0.2895 0.8703
vn -0.4925 -0.0000 0.8703
vn -0.3984 -0.2895 0.8703
vn -0.1522 -0.4684 0.8703
vn 0.1354 -0.4167 -0.8989
vn 0.3544 -0.2575 -0.8989
vn 0.4381 -0.0000 -0.8989
vn 0.3544 0.2575 -0.8989
vn 0.1354 0.4167 -0.8989
vn -0.1354 0.4167 -0.8989
vn -0.3544 0.2575 -0.8989
vn -0.4381 -0.0000 -0.8989
vn -0.3544 -0.2575 -0.8989
vn -0.1354 -0.4167 -0.8989
vn -0.1522 0.4684 0.8703
vn 0.1522 0.4683 0.8703
vn 0.1522 -0.4683 0.8703
vn -0.2583 -0.3504 0.9003
vn -0.2506 -0.1871 0.9498
vn -0.1305 -0.1740 0.9761
vn 0.2583 -0.3504 0.9003
vn 0.2506 -0.1871 0.9498
vn 0.1305 -0.1740 0.9761
vn 0.9847 -0.0287 -0.1719
vn 0.1347 -0.9843 0.1143
vn 0.2606 0.9122 0.3162
vn 0.2732 0.9220 0.2742
vn 0.1825 -0.9709 0.1549
vn 0.0829 0.2962 0.9515
vn 0.2696 0.9515 0.1482
vn 0.2338 -0.9673 0.0988
vn 0.9388 -0.0194 0.3439
vn 0.9336 -0.0505 0.3546
vn 0.9316 -0.0584 0.3588
vn -0.9847 -0.0287 -0.1719
vn -0.1347 -0.9843 0.1143
vn -0.2606 0.9122 0.3162
vn -0.2732 0.9220 0.2742
vn -0.1825 -0.9709 0.1549
vn -0.0829 0.2962 0.9515
vn -0.2696 0.9515 0.1482
vn -0.2338 -0.9673 0.0988
vn -0.9388 -0.0194 0.3439
vn -0.9336 -0.0505 0.3546
vn -0.9316 -0.0585 0.3588
vn -0.0000 -0.0151 0.9999
vn -0.0006 -0.0204 0.9998
vn 0.0522 -0.0192 0.9985
vn -0.0000 -0.1239 0.9923
vn 0.0527 -0.1447 0.9881
vn -0.0000 0.3345 0.9424
vn 0.0522 0.3044 0.9511
vn 0.0006 -0.0204 0.9998
vn -0.0522 -0.0192 0.9985
vn -0.0527 -0.1447 0.9881
vn -0.0522 0.3044 0.9511
vn 0.0010 -0.0228 0.9997
vn -0.0010 -0.0228 0.9997
vn -0.9998 -0.0169 -0.0069
vn -0.0000 0.7133 0.7009
vn -0.0000 0.9488 0.3158
vn -0.9180 0.3826 0.1045
vn -0.4175 0.8898 0.1844
vn -0.1183 0.9452 0.3042
vn -0.4770 0.8439 -0.2455
vn -0.1911 0.9360 -0.2956
vn 0.9998 -0.0169 -0.0069
vn 0.9180 0.3826 0.1045
vn 0.4175 0.8898 0.1844
vn 0.1183 0.9452 0.3042
vn 0.4770 0.8439 -0.2455
vn 0.1911 0.9360 -0.2956
vn -0.0061 -0.9958 0.0909
vn -0.0012 -1.0000 -0.0000
vn 0.0023 -1.0000 0.0018
vn -0.0088 -0.9979 -0.0643
vn 0.0049 -1.0000 0.0005
vn -0.1137 -0.9918 -0.0576
vn 0.2786 -0.9575 0.0742
vn -0.0310 -0.9960 0.0843
vn 0.0061 -0.9958 0.0909
vn 0.0012 -1.0000 -0.0000
vn -0.0023 -1.0000 0.0018
vn 0.0088 -0.9979 -0.0643
vn -0.0049 -1.0000 0.0005
vn 0.1137 -0.9918 -0.0576
vn -0.2786 -0.9575 0.0742
vn 0.0310 -0.9960 0.0843
vn -0.5232 0.0018 0.8522
vn -0.2311 0.5353 0.8124
vn -0.1761 -0.5276 0.8311
vn -0.0003 0.0052 1.0000
vn -0.0000 -0.5487 0.8360
vn -0.0000 0.5835 0.8121
vn -0.0000 0.0046 1.0000
vn 0.1303 -0.6210 0.7729
vn 0.2292 0.5378 0.8113
vn 0.5206 -0.0000 0.8538
vn 0.0065 0.0024 1.0000
vn 0.3051 -0.9523 -0.0000
vn 0.2071 0.9783 -0.0000
vn -0.2044 0.9789 -0.0000
vn -0.3014 -0.9535 -0.0000
vn -0.3050 0.9523 -0.0000
vn -0.2071 -0.9783 -0.0000
vn 0.2045 -0.9789 -0.0000
vn 0.3014 0.9535 -0.0000
vn -0.9998 -0.0000 -0.0187
vn -0.1760 -0.9844 -0.0067
vn -0.3278 0.9424 -0.0674
vn -0.0000 0.9977 -0.0673
vn -0.0000 -1.0000 -0.0043
vn 0.3317 0.9410 -0.0674
vn 0.1791 -0.9838 -0.0067
vn 0.9998 -0.0000 -0.0187
vn -0.8660 -0.0000 -0.5000
vn -0.2173 -0.6838 -0.6966
vn -0.2457 0.6335 -0.7337
vn -0.0000 0.6643 -0.7474
vn -0.0000 -0.7633 -0.6461
vn 0.2488 0.6321 -0.7338
vn 0.2206 -0.6822 -0.6971
vn 0.8660 -0.0000 -0.5000
vn -0.4188 0.9081 -0.0000
vn -0.3522 -0.9359 -0.0000
vn 0.3482 -0.9374 -0.0000
vn 0.4144 0.9101 -0.0000
vn 0.2283 -0.0000 -0.9736
vn -0.9139 -0.0000 0.4060
vn 0.1205 -0.2660 -0.9564
vn 0.4696 -0.8829 -0.0006
vn -0.3787 0.8261 0.4173
vn 0.0003 -0.0010 1.0000
vn 0.1217 0.2567 -0.9588
vn 0.4986 0.8669 -0.0000
vn -0.3247 -0.8628 0.3875
vn 0.0007 0.0033 1.0000
vn -0.0000 0.1828 -0.9831
vn -0.0000 1.0000 -0.0001
vn -0.0000 -0.9275 0.3737
vn -0.0000 0.0054 1.0000
vn -0.0000 -0.1829 -0.9831
vn -0.0000 -1.0000 -0.0013
vn -0.0000 0.9241 0.3821
vn -0.0000 -0.0018 1.0000
vn -0.1213 0.2596 -0.9581
vn -0.4931 0.8700 -0.0001
vn 0.3212 -0.8646 0.3864
vn -0.0007 0.0033 1.0000
vn -0.1199 -0.2673 -0.9561
vn -0.4658 -0.8849 -0.0006
vn 0.3749 0.8283 0.4163
vn -0.0002 -0.0010 1.0000
vn -0.2282 -0.0000 -0.9736
vn 0.9139 -0.0000 0.4060
vn -0.4870 -0.8734 -0.0000
vn -0.4045 0.9145 -0.0000
vn 0.4107 0.9118 -0.0000
vn 0.4938 -0.8696 -0.0000
vn -0.4046 0.9145 -0.0000
vn 0.0067 0.0024 -1.0000
vn 0.0001 0.0041 -1.0000
vn 0.4937 -0.8696 -0.0000
vn -0.0069 0.0025 -1.0000
vn 0.6868 -0.0000 -0.7268
vn 0.9431 -0.0000 -0.3326
vn 0.2979 0.8518 -0.4309
vn 0.2245 0.6028 -0.7657
vn 0.3386 -0.9313 -0.1345
vn 0.2197 -0.7831 0.5818
vn -0.0000 0.8968 -0.4424
vn -0.0000 0.6480 -0.7617
vn -0.0000 -0.9920 -0.1263
vn -0.0000 -0.8580 0.5136
vn -0.2946 0.8532 -0.4304
vn -0.2223 0.6046 -0.7649
vn -0.3355 -0.9328 -0.1312
vn -0.2168 -0.7835 0.5824
vn -0.9431 -0.0000 -0.3326
vn -0.6868 -0.0000 -0.7268
vn 0.3336 0.9426 0.0138
vn 0.2828 0.2885 -0.9147
vn 0.3120 0.1658 0.9355
vn 1.0000 -0.0010 -0.0003
vn 0.2709 0.2037 -0.9408
vn 0.3037 0.1370 0.9429
vn 1.0000 0.0021 -0.0001
vn 0.3043 0.1914 -0.9331
vn 0.3190 0.1240 0.9396
vn 1.0000 0.0025 0.0001
vn 0.3309 0.0685 -0.9412
vn 0.0030 -0.9979 0.0651
vn 0.3341 0.0276 0.9421
vn 1.0000 -0.0047 0.0005
vn -0.3336 0.9426 0.0138
vn -0.2828 0.2885 -0.9147
vn -0.3120 0.1658 0.9355
vn -1.0000 -0.0010 -0.0003
vn -0.2709 0.2037 -0.9408
vn -0.3037 0.1370 0.9429
vn -1.0000 0.0021 -0.0001
vn -0.3043 0.1914 -0.9331
vn -0.3190 0.1240 0.9396
vn -1.0000 0.0025 0.0001
vn -0.3309 0.0685 -0.9412
vn -0.0030 -0.9979 0.0651
vn -0.3341 0.0276 0.9421
vn -1.0000 -0.0047 0.0005
vn 1.0000 0.0002 -0.0000
vn 0.0003 -0.9938 0.1110
vn -1.0000 -0.0002 -0.0001
vn 1.0000 0.0002 0.0001
vn 0.0003 -1.0000 -0.0095
vn -1.0000 -0.0003 -0.0001
vn 0.0003 0.1092 -0.9940
vn 0.0003 -1.0000 0.0083
vn -0.0003 0.2444 0.9697
vn 1.0000 0.0003 0.0001
vn 0.0003 -0.9770 0.2132
vn -1.0000 0.0002 -0.0000
vn -0.0003 -0.9938 0.1110
vn 1.0000 -0.0003 -0.0001
vn -1.0000 0.0003 0.0001
vn -0.0003 -1.0000 -0.0095
vn -0.0003 0.1092 -0.9940
vn -0.0003 -1.0000 0.0083
vn 0.0003 0.2444 0.9697
vn -0.0003 -0.9770 0.2132
vn 0.9990 0.0100 0.0440
vn -0.0002 -0.4079 -0.9130
vn -0.9987 0.0115 0.0503
vn -0.0001 -1.0000 -0.0089
vn 0.0001 1.0000 -0.0008
vn -0.0002 -0.9937 0.1121
vn -1.0000 -0.0000 0.0001
vn 0.0002 0.9937 -0.1120
vn 1.0000 -0.0000 -0.0002
vn -0.0002 -0.9999 -0.0102
vn -0.0002 -0.9999 0.0100
vn 0.0002 0.9999 -0.0100
vn 0.0002 0.9999 0.0102
vn -0.0002 -0.9774 0.2114
vn 0.0002 0.9797 -0.2006
vn 1.0000 -0.0001 -0.0002
vn -0.0003 -0.9755 0.2201
vn -0.9715 0.1301 0.1979
vn 0.0003 0.9769 -0.2136
vn 0.9999 0.0071 0.0109
vn 0.0003 0.5746 0.8184
vn 0.0375 -0.9992 0.0100
vn 0.0893 -0.9960 0.0100
vn -0.0150 0.0410 0.9990
vn -0.0047 0.0410 0.9991
vn 0.0047 -0.0410 -0.9991
vn 0.0149 -0.0410 -0.9990
vn -0.0893 0.9960 -0.0100
vn -0.0375 0.9992 -0.0100
vn 0.0984 -0.9726 0.2105
vn 0.0397 -0.9766 0.2113
vn -0.0089 -0.0176 -0.9998
vn -0.0338 -0.0212 -0.9992
vn -0.0192 0.5228 0.8522
vn -0.0120 0.5228 0.8524
vn -0.0390 0.9978 -0.0543
vn -0.0575 0.9901 -0.1283
vn -0.9990 0.0100 0.0440
vn 0.0002 -0.4079 -0.9130
vn 0.9987 0.0115 0.0503
vn 0.0001 -1.0000 -0.0089
vn -0.0001 1.0000 -0.0008
vn 0.0002 -0.9937 0.1121
vn -1.0000 -0.0000 -0.0001
vn 1.0000 -0.0000 0.0001
vn -0.0002 0.9937 -0.1120
vn -1.0000 -0.0001 -0.0002
vn 0.0002 -0.9999 -0.0102
vn 0.0002 -0.9999 0.0100
vn -0.0002 0.9999 -0.0100
vn -0.0002 0.9999 0.0102
vn 1.0000 0.0001 0.0001
vn 0.0002 -0.9774 0.2114
vn -0.0002 0.9797 -0.2006
vn 0.0003 -0.9755 0.2201
vn 0.9715 0.1301 0.1979
vn -0.0003 0.9769 -0.2136
vn -0.9999 0.0071 0.0109
vn -0.0003 0.5746 0.8184
vn -0.0375 -0.9992 0.0100
vn -0.0893 -0.9960 0.0100
vn 0.0150 0.0410 0.9990
vn 0.0047 0.0410 0.9991
vn -0.0047 -0.0410 -0.9991
vn -0.0150 -0.0410 -0.9990
vn 0.0893 0.9960 -0.0100
vn 0.0375 0.9992 -0.0100
vn -0.0984 -0.9726 0.2105
vn -0.0397 -0.9766 0.2113
vn 0.0089 -0.0176 -0.9998
vn 0.0338 -0.0212 -0.9992
vn 0.0192 0.5228 0.8522
vn 0.0120 0.5228 0.8524
vn 0.0390 0.9978 -0.0543
vn 0.0575 0.9901 -0.1283
vn -1.0000 0.0008 0.0001
vn -0.0219 -0.9901 -0.1386
vn 0.0002 1.0000 -0.0000
vn -1.0000 0.0005 -0.0000
vn 0.0001 0.5176 -0.8556
vn 0.0219 -0.9901 -0.1386
vn 1.0000 0.0008 0.0001
vn 1.0000 0.0005 -0.0000
vn -0.0002 1.0000 -0.0000
vn -0.0001 0.5176 -0.8556
vn 0.1309 0.4406 -0.8881
vn 0.9911 -0.0380 0.1273
vn -0.1309 -0.4406 0.8881
vn -0.0224 0.8969 0.4417
vn 0.0223 -0.8969 -0.4417
vn 0.1700 0.8863 0.4308
vn 0.1582 0.8751 0.4574
vn -0.4819 -0.3946 0.7824
vn -0.0190 -0.4179 0.9083
vn -0.0893 0.4190 -0.9036
vn 0.4815 0.3946 -0.7826
vn -0.9372 -0.2372 -0.2558
vn -0.1916 -0.8819 -0.4308
vn -0.9966 0.0734 0.0365
vn 0.1339 0.9152 0.3800
vn -0.0373 0.3858 -0.9218
vn 0.0158 -0.3851 0.9228
vn -0.1463 -0.9136 -0.3794
vn -1.0000 -0.0045 0.0042
vn -0.0058 0.3841 -0.9233
vn -0.0058 0.3843 -0.9232
vn -0.0057 0.3849 -0.9230
vn -0.0027 0.9232 0.3843
vn 0.0026 -0.9232 -0.3844
vn 0.0056 -0.3844 0.9232
vn 0.0057 -0.3841 0.9233
vn 0.0056 -0.3846 0.9230
vn 0.4613 -0.7097 0.5325
vn -1.0000 -0.0044 0.0042
vn 0.0058 -0.3842 0.9232
vn 1.0000 0.0046 -0.0044
vn -0.0025 0.9232 0.3844
vn 0.1652 -0.4110 0.8965
vn 0.1918 0.9144 0.3565
vn -0.1918 -0.9144 -0.3565
vn -0.1651 0.4113 -0.8964
vn 0.1001 -0.4016 0.9103
vn -0.2199 0.8916 0.3958
vn 0.2199 -0.8916 -0.3958
vn -0.1000 0.4011 -0.9106
vn 0.1103 -0.4030 0.9085
vn 0.1006 0.9232 0.3708
vn -0.1007 -0.9231 -0.3710
vn -0.1103 0.4027 -0.9086
vn 0.1221 -0.4048 0.9062
vn 0.1157 -0.4045 0.9072
vn 0.0216 0.9244 0.3808
vn -0.0128 0.9231 0.3843
vn 0.0130 -0.9230 -0.3845
vn -0.0216 -0.9244 -0.3809
vn -0.1157 0.4039 -0.9075
vn -0.1223 0.4047 -0.9062
vn 0.9713 -0.1558 -0.1796
vn 0.9713 -0.1557 -0.1796
vn -0.9713 0.1558 0.1796
vn -0.9713 0.1557 0.1796
vn 0.1632 -0.4108 0.8970
vn 0.2199 0.7989 0.5598
vn -0.1580 -0.8978 -0.4111
vn -0.1890 0.1879 -0.9638
vn 0.0952 -0.4001 0.9115
vn -0.0546 0.9201 0.3878
vn 0.0689 -0.8609 -0.5041
vn -0.0953 0.4004 -0.9114
vn 0.0764 -0.3978 0.9143
vn 0.0986 0.6226 0.7763
vn -0.0728 -0.8669 -0.4931
vn -0.1221 0.2673 -0.9558
vn 0.5544 -0.4042 0.7275
vn 0.1171 -0.3991 0.9094
vn 0.0244 0.9228 0.3846
vn 0.3184 0.7813 0.5369
vn -0.2264 -0.8936 -0.3875
vn -0.0533 -0.8665 -0.4964
vn -0.1166 0.4081 -0.9055
vn -0.1373 0.4707 -0.8715
vn 0.9716 -0.1566 -0.1774
vn 0.9715 -0.1569 -0.1774
vn -0.9715 0.1569 0.1775
vn 0.3188 0.6021 -0.7320
vn 0.9434 -0.1273 0.3062
vn -0.3189 -0.6021 0.7320
vn -0.0912 0.7882 0.6086
vn 0.0912 -0.7882 -0.6087
vn 0.1321 0.7561 0.6410
vn 0.0819 0.7519 0.6542
vn -0.6395 -0.5130 0.5726
vn -0.1623 -0.5977 0.7851
vn 0.0284 0.6011 -0.7987
vn 0.6393 0.5131 -0.5728
vn -0.8707 -0.1190 -0.4772
vn -0.1655 -0.7457 -0.6454
vn -0.9804 0.1302 -0.1481
vn -0.0798 0.8253 0.5590
vn 0.2153 0.5602 -0.7999
vn -0.2410 -0.5569 0.7949
vn 0.0648 -0.8244 -0.5623
vn 0.9786 -0.0608 0.1965
vn -0.9786 0.0607 -0.1965
vn 0.1961 0.5625 -0.8032
vn 0.1962 0.5627 -0.8030
vn 0.1961 0.5628 -0.8030
vn 0.1962 0.5630 -0.8028
vn -0.0617 0.8244 0.5627
vn 0.0618 -0.8243 -0.5627
vn 0.0615 -0.8243 -0.5628
vn -0.1960 -0.5630 0.8029
vn -0.1959 -0.5630 0.8029
vn -0.1961 -0.5626 0.8031
vn -0.1960 -0.5624 0.8033
vn 0.1961 0.5629 -0.8029
vn -0.9787 0.0608 -0.1963
vn -0.1962 -0.5630 0.8029
vn 0.9787 -0.0609 0.1962
vn -0.0619 0.8243 0.5627
vn -0.1590 -0.5713 0.8052
vn -0.0123 0.8238 0.5668
vn 0.0122 -0.8238 -0.5667
vn 0.1591 0.5714 -0.8051
vn -0.1819 -0.5943 0.7834
vn -0.4113 0.8234 0.3909
vn 0.4113 -0.8234 -0.3909
vn 0.1819 0.5942 -0.7835
vn -0.2046 -0.5605 0.8025
vn -0.0496 0.8249 0.5632
vn 0.0496 -0.8249 -0.5630
vn 0.2046 0.5605 -0.8025
vn -0.0791 -0.5873 0.8055
vn -0.2147 -0.5755 0.7891
vn -0.1952 0.8251 0.5301
vn -0.0719 0.8250 0.5606
vn 0.0719 -0.8250 -0.5606
vn 0.1964 -0.8252 -0.5297
vn 0.2141 0.5754 -0.7894
vn 0.0792 0.5868 -0.8058
vn 0.9836 -0.1800 -0.0111
vn -0.9118 0.1794 -0.3693
vn -0.9118 0.1798 -0.3692
vn -0.1585 -0.5719 0.8049
vn -0.0837 0.8249 0.5591
vn 0.0838 -0.8247 -0.5593
vn 0.1586 0.5712 -0.8054
vn -0.1903 -0.5936 0.7820
vn -0.2535 0.8355 0.4875
vn 0.3054 -0.7564 -0.5784
vn 0.1896 0.5953 -0.7808
vn -0.2058 -0.5606 0.8021
vn -0.0824 0.8248 0.5594
vn 0.0824 -0.8248 -0.5595
vn 0.2058 0.5601 -0.8025
vn -0.0864 -0.5817 0.8088
vn -0.2047 -0.5751 0.7920
vn -0.1888 0.8259 0.5313
vn 0.0686 0.8127 0.5786
vn 0.0492 -0.8247 -0.5634
vn 0.2011 -0.7417 -0.6399
vn 0.2053 0.5676 -0.7973
vn 0.0836 0.5883 -0.8043
vn 0.9834 -0.1813 -0.0090
vn -0.9108 0.1808 -0.3712
vn -0.9107 0.1813 -0.3711
vn 0.8108 0.5826 -0.0564
vn 0.9058 -0.1360 -0.4014
vn 0.6815 -0.7125 -0.1668
vn 0.9627 -0.2370 0.1307
vn 0.9758 -0.1521 -0.1572
vn -0.8108 0.5826 -0.0564
vn -0.9058 -0.1360 -0.4014
vn -0.6815 -0.7125 -0.1668
vn -0.9627 -0.2370 0.1307
vn -0.9758 -0.1521 -0.1572
vt 0.338940 0.846420
vt 0.346260 0.839110
vt 0.347280 0.838090
vt 0.343560 0.841800
vt 0.347280 0.846420
vt 0.347280 0.842980
vt 0.341940 0.846420
vt 0.341800 0.846420
vt 0.341960 0.846420
vt 0.343970 0.846420
vt 0.343980 0.846420
vt 0.344110 0.846420
vt 0.342410 0.846420
vt 0.343780 0.846420
vt 0.343110 0.846420
vt 0.331420 0.845500
vt 0.000000 1.000000
vt 0.343110 0.838090
vt 0.345700 0.838090
vt 0.346600 0.838090
vt 0.344960 0.840410
vt 0.347840 0.822790
vt 0.350430 0.822790
vt 0.351340 0.822790
vt 0.343680 0.831130
vt 0.349690 0.825110
vt 0.352010 0.822790
vt 0.342730 0.843820
vt 0.332820 0.837670
vt 0.341160 0.829330
vt 0.375190 0.858850
vt 0.383520 0.850520
vt 0.339570 0.819800
vt 0.349780 0.831890
vt 0.336000 0.827070
vt 0.356230 0.841370
vt 0.357810 0.841370
vt 0.349480 0.841370
vt 0.351350 0.841370
vt 0.356070 0.841370
vt 0.348090 0.851080
vt 0.354190 0.850870
vt 0.327930 0.820720
vt 0.325340 0.820720
vt 0.329510 0.820720
vt 0.356210 0.841370
vt 0.468100 0.881670
vt 0.468100 0.869520
vt 0.479570 0.868770
vt 0.479870 0.880740
vt 0.488330 0.866890
vt 0.487600 0.878220
vt 0.468100 0.861270
vt 0.482430 0.861270
vt 0.487040 0.861270
vt 0.456630 0.868770
vt 0.456330 0.880740
vt 0.448590 0.878220
vt 0.447870 0.866890
vt 0.453770 0.861270
vt 0.449160 0.861270
vt 0.144040 0.963020
vt 0.144040 0.964540
vt 0.144040 0.963710
vt 0.144040 0.964680
vt 0.144040 0.964610
vt 0.101150 0.962880
vt 0.101150 0.963850
vt 0.101150 0.962190
vt 0.101150 0.963780
vt 0.101150 0.963710
vt 0.355840 0.825640
vt 0.355840 0.826600
vt 0.355840 0.824940
vt 0.355840 0.826540
vt 0.355840 0.826460
vt 0.165230 0.885090
vt 0.164340 0.885090
vt 0.164340 0.884200
vt 0.165230 0.884200
vt 0.164340 0.883310
vt 0.165230 0.883310
vt 0.164340 0.882420
vt 0.165230 0.882420
vt 0.164340 0.881530
vt 0.165230 0.881530
vt 0.166120 0.883310
vt 0.166120 0.882420
vt 0.163450 0.883310
vt 0.163450 0.882420
vt 0.336080 0.959600
vt 0.336080 0.959320
vt 0.336970 0.959320
vt 0.336970 0.959600
vt 0.336970 0.959850
vt 0.336080 0.959850
vt 0.336970 0.960490
vt 0.336080 0.960490
vt 0.335190 0.959320
vt 0.335830 0.959320
vt 0.335830 0.959600
vt 0.335190 0.959600
vt 0.336970 0.957820
vt 0.336970 0.958460
vt 0.336080 0.958460
vt 0.336080 0.957820
vt 0.336970 0.958710
vt 0.336080 0.958710
vt 0.337220 0.959600
vt 0.337220 0.959320
vt 0.337860 0.959600
vt 0.337860 0.959320
vt 0.336080 0.961380
vt 0.336080 0.961060
vt 0.336970 0.961060
vt 0.336970 0.961380
vt 0.336080 0.960770
vt 0.336970 0.960770
vt 0.337220 0.959030
vt 0.337860 0.959030
vt 0.337220 0.958710
vt 0.337860 0.958710
vt 0.335830 0.958710
vt 0.335830 0.959030
vt 0.335190 0.959030
vt 0.335190 0.958710
vt 0.336970 0.959030
vt 0.336080 0.959030
vt 0.337450 0.850460
vt 0.359070 0.850460
vt 0.359070 0.845290
vt 0.337450 0.845170
vt 0.337450 0.845290
vt 0.359070 0.845170
vt 0.337450 0.828850
vt 0.358310 0.850460
vt 0.358310 0.828850
vt 0.359070 0.828850
vt 0.103770 0.987020
vt 0.103770 0.970350
vt 0.103190 0.970350
vt 0.103190 0.987020
vt 0.087100 0.970350
vt 0.087100 0.987020
vt 0.358310 0.845170
vt 0.338210 0.850460
vt 0.338210 0.845290
vt 0.087100 0.983030
vt 0.103770 0.982940
vt 0.103770 0.971710
vt 0.087100 0.971720
vt 0.103770 0.971720
vt 0.087690 0.971720
vt 0.087690 0.983030
vt 0.103770 0.983030
vt 0.087100 0.982940
vt 0.103190 0.982940
vt 0.103190 0.971710
vt 0.087100 0.971710
vt 0.078540 0.966520
vt 0.095210 0.966510
vt 0.095210 0.965150
vt 0.078540 0.965150
vt 0.079130 0.965150
vt 0.079130 0.966520
vt 0.095210 0.966520
vt 0.078540 0.966510
vt 0.094630 0.966510
vt 0.094630 0.965150
vt 0.141390 0.985460
vt 0.141440 0.985460
vt 0.141470 0.985460
vt 0.141500 0.985460
vt 0.141560 0.985460
vt 0.141610 0.985460
vt 0.141590 0.985460
vt 0.141670 0.985460
vt 0.141730 0.985460
vt 0.141700 0.985460
vt 0.141780 0.985460
vt 0.141840 0.985460
vt 0.141810 0.985460
vt 0.141610 0.985330
vt 0.141560 0.985330
vt 0.141560 0.985150
vt 0.141610 0.985150
vt 0.141670 0.985330
vt 0.141670 0.985150
vt 0.141500 0.985330
vt 0.141500 0.985150
vt 0.141730 0.985150
vt 0.141730 0.985330
vt 0.141440 0.985330
vt 0.141440 0.985150
vt 0.141780 0.985330
vt 0.141780 0.985150
vt 0.141390 0.985330
vt 0.141390 0.985150
vt 0.141840 0.985150
vt 0.141840 0.985330
vt 0.141560 0.985080
vt 0.141610 0.985080
vt 0.141610 0.985010
vt 0.141560 0.985010
vt 0.141670 0.985080
vt 0.141670 0.985010
vt 0.141500 0.985080
vt 0.141500 0.985010
vt 0.141730 0.985010
vt 0.141730 0.985080
vt 0.141440 0.985080
vt 0.141440 0.985010
vt 0.141780 0.985080
vt 0.141780 0.985010
vt 0.141390 0.985080
vt 0.141390 0.985010
vt 0.141840 0.985080
vt 0.141840 0.985010
vt 0.112690 0.977670
vt 0.086290 0.977670
vt 0.086290 0.951270
vt 0.112690 0.951270
vt 0.090770 0.951270
vt 0.090770 0.977670
vt 0.108210 0.977670
vt 0.108210 0.951270
vt 0.107870 0.977670
vt 0.107870 0.951270
vt 0.091110 0.951270
vt 0.091110 0.977670
vt 0.088660 0.977100
vt 0.088600 0.977100
vt 0.088690 0.977100
vt 0.088710 0.977100
vt 0.088770 0.977100
vt 0.088830 0.977100
vt 0.088800 0.977100
vt 0.088880 0.977100
vt 0.088940 0.977100
vt 0.088970 0.977100
vt 0.089000 0.977100
vt 0.089050 0.977100
vt 0.398440 0.895390
vt 0.398600 0.895390
vt 0.400180 0.895390
vt 0.391840 0.895390
vt 0.400140 0.895390
vt 0.399380 0.895390
vt 0.399300 0.895390
vt 0.394320 0.895670
vt 0.393940 0.895390
vt 0.393920 0.895390
vt 0.393830 0.895390
vt 0.393790 0.895390
vt 0.393550 0.895390
vt 0.393590 0.895390
vt 0.393710 0.895390
vt 0.231730 0.952880
vt 0.233830 0.952880
vt 0.233670 0.952880
vt 0.240070 0.952880
vt 0.233720 0.952880
vt 0.233810 0.952880
vt 0.243120 0.840700
vt 0.238950 0.840700
vt 0.243120 0.836530
vt 0.238950 0.836530
vt 0.343420 0.834310
vt 0.326760 0.834310
vt 0.343420 0.817640
vt 0.326760 0.817640
vt 0.335460 0.820750
vt 0.364620 0.820750
vt 0.364620 0.849910
vt 0.335460 0.849910
vt 0.346740 0.842660
vt 0.468270 0.862980
vt 0.483380 0.855520
vt 0.346030 0.843040
vt 0.351380 0.844820
vt 0.147890 0.968440
vt 0.133310 0.968440
vt 0.162480 0.968440
vt 0.147890 0.939280
vt 0.162480 0.939280
vt 0.133310 0.939280
vt 0.162480 0.953860
vt 0.035630 0.971160
vt 0.021050 0.971160
vt 0.021050 0.956580
vt 0.035630 0.956580
vt 0.035630 0.985740
vt 0.021050 0.985740
vt 0.006470 0.971160
vt 0.006470 0.956580
vt 0.006470 0.985740
vt 0.133310 0.953860
vt 0.983420 0.979690
vt 0.983360 0.996770
vt 0.956430 0.996260
vt 0.956490 0.979180
vt 0.983420 0.996260
vt 0.956490 0.996770
vt 0.956430 0.979690
vt 0.983360 0.979180
vt 0.455380 0.868280
vt 0.455390 0.868840
vt 0.454610 0.868320
vt 0.454630 0.868890
vt 0.331230 0.828130
vt 0.331320 0.828040
vt 0.331750 0.827570
vt 0.332710 0.826530
vt 0.338890 0.819800
vt 0.337340 0.833080
vt 0.337420 0.832980
vt 0.345670 0.824740
vt 0.125760 0.956300
vt 0.125760 0.956020
vt 0.126650 0.956020
vt 0.126650 0.956300
vt 0.126650 0.956550
vt 0.125760 0.956550
vt 0.126650 0.957190
vt 0.125760 0.957190
vt 0.124870 0.956020
vt 0.125500 0.956020
vt 0.125500 0.956300
vt 0.124870 0.956300
vt 0.126650 0.954520
vt 0.126650 0.955160
vt 0.125760 0.955160
vt 0.125760 0.954520
vt 0.126650 0.955410
vt 0.125760 0.955410
vt 0.126900 0.956300
vt 0.126900 0.956020
vt 0.127540 0.956300
vt 0.127540 0.956020
vt 0.125760 0.958080
vt 0.125760 0.957760
vt 0.126650 0.957760
vt 0.126650 0.958080
vt 0.125760 0.957470
vt 0.126650 0.957470
vt 0.126900 0.955730
vt 0.127540 0.955730
vt 0.126900 0.955410
vt 0.127540 0.955410
vt 0.125500 0.955410
vt 0.125500 0.955730
vt 0.124870 0.955730
vt 0.124870 0.955410
vt 0.126650 0.955730
vt 0.125760 0.955730
vt 0.334220 0.846560
vt 0.334010 0.846560
vt 0.339700 0.846560
vt 0.339490 0.846560
vt 0.339780 0.846560
vt 0.339510 0.846560
vt 0.334200 0.846560
vt 0.333930 0.846560
vt 0.334540 0.846560
vt 0.339170 0.846560
vt 0.482270 0.904430
vt 0.478990 0.904430
vt 0.478990 0.936980
vt 0.482270 0.936980
vt 0.334950 0.846560
vt 0.475060 0.904430
vt 0.475060 0.936980
vt 0.338760 0.846560
vt 0.335380 0.846560
vt 0.470910 0.904430
vt 0.470910 0.936980
vt 0.338330 0.846560
vt 0.335900 0.846560
vt 0.465900 0.904430
vt 0.465900 0.936980
vt 0.337810 0.846560
vt 0.460780 0.904430
vt 0.460780 0.936980
vt 0.336430 0.846560
vt 0.337280 0.846560
vt 0.336960 0.846560
vt 0.455740 0.904430
vt 0.455740 0.936980
vt 0.336760 0.846560
vt 0.337480 0.846560
vt 0.450690 0.904430
vt 0.450690 0.936980
vt 0.336230 0.846560
vt 0.338000 0.846560
vt 0.445680 0.904430
vt 0.445680 0.936980
vt 0.335710 0.846560
vt 0.338600 0.846560
vt 0.439910 0.904430
vt 0.439910 0.936980
vt 0.335110 0.846560
vt 0.339080 0.846560
vt 0.435270 0.904430
vt 0.435270 0.936980
vt 0.431290 0.904430
vt 0.431290 0.936980
vt 0.334630 0.846560
vt 0.101980 0.905750
vt 0.102030 0.905750
vt 0.102070 0.905750
vt 0.102120 0.905750
vt 0.101940 0.905750
vt 0.101890 0.905750
vt 0.101760 0.905750
vt 0.102290 0.905750
vt 0.102160 0.905750
vt 0.340130 0.830290
vt 0.099470 0.913040
vt 0.101130 0.913040
vt 0.101130 0.917200
vt 0.099470 0.917200
vt 0.102800 0.913040
vt 0.102800 0.917200
vt 0.104470 0.913040
vt 0.104470 0.917200
vt 0.106130 0.913040
vt 0.106130 0.917200
vt 0.107800 0.913040
vt 0.107800 0.917200
vt 0.109470 0.913040
vt 0.109470 0.917200
vt 0.111130 0.913040
vt 0.111130 0.917200
vt 0.112800 0.913040
vt 0.112800 0.917200
vt 0.114470 0.913040
vt 0.114470 0.917200
vt 0.116130 0.913040
vt 0.116130 0.917200
vt 0.100300 0.913040
vt 0.101970 0.913040
vt 0.103630 0.913040
vt 0.105300 0.913040
vt 0.106970 0.913040
vt 0.108630 0.913040
vt 0.110300 0.913040
vt 0.111970 0.913040
vt 0.113630 0.913040
vt 0.115300 0.913040
vt 0.289650 0.945500
vt 0.962280 0.923710
vt 0.994970 0.923710
vt 0.994970 0.947970
vt 0.962280 0.948100
vt 0.929600 0.947970
vt 0.929600 0.923710
vt 0.524010 0.899450
vt 0.501740 0.899450
vt 0.502290 0.910950
vt 0.524010 0.912220
vt 0.487710 0.899450
vt 0.488600 0.909680
vt 0.524010 0.897320
vt 0.502400 0.897320
vt 0.488780 0.897320
vt 0.524010 0.896030
vt 0.503020 0.896030
vt 0.489790 0.896030
vt 0.353540 0.843430
vt 0.353290 0.843910
vt 0.357960 0.843910
vt 0.355560 0.851310
vt 0.104850 0.951270
vt 0.104850 0.977670
vt 0.094310 0.977670
vt 0.094310 0.951270
vt 0.170270 0.952090
vt 0.170270 0.978490
vt 0.162430 0.952090
vt 0.162430 0.978490
vt 0.151890 0.978490
vt 0.151890 0.952090
vt 0.143870 0.978490
vt 0.143870 0.952090
vt 0.104670 0.951270
vt 0.104670 0.977670
vt 0.094130 0.977670
vt 0.094130 0.951270
vt 0.107540 0.892890
vt 0.107540 0.919290
vt 0.099700 0.892890
vt 0.099700 0.919290
vt 0.089160 0.919290
vt 0.089160 0.892890
vt 0.081140 0.919290
vt 0.081140 0.892890
vt 0.108000 0.894930
vt 0.108000 0.921330
vt 0.099970 0.894930
vt 0.099970 0.921330
vt 0.089430 0.921330
vt 0.089430 0.894930
vt 0.081590 0.921330
vt 0.081590 0.894930
vt 0.360400 0.822810
vt 0.360400 0.849210
vt 0.352380 0.822810
vt 0.352380 0.849210
vt 0.341840 0.849210
vt 0.341840 0.822810
vt 0.334000 0.849210
vt 0.334000 0.822810
vt 0.093720 0.951270
vt 0.093720 0.977670
vt 0.104850 0.958700
vt 0.112690 0.958700
vt 0.104850 0.970240
vt 0.112690 0.970240
vt 0.094310 0.958700
vt 0.094310 0.970240
vt 0.086290 0.958700
vt 0.086290 0.970240
vt 0.105260 0.951270
vt 0.105260 0.977670
vt 0.374770 0.853570
vt 0.375760 0.854360
vt 0.376640 0.855060
vt 0.375970 0.854520
vt 0.376830 0.855210
vt 0.376040 0.854560
vt 0.376950 0.855280
vt 0.376130 0.854640
vt 0.377010 0.855320
vt 0.351300 0.853200
vt 0.374300 0.853900
vt 0.468100 0.855930
vt 0.482430 0.855930
vt 0.453770 0.855930
vt 0.353430 0.845790
vt 0.353430 0.833290
vt 0.340930 0.833290
vt 0.340930 0.845790
vt 0.043530 0.980640
vt 0.031030 0.980640
vt 0.102870 0.985260
vt 0.073700 0.985260
vt 0.102870 0.956090
vt 0.073700 0.956090
vt 0.046110 0.989370
vt 0.016950 0.989370
vt 0.046110 0.960210
vt 0.016950 0.960210
vt 0.450130 0.888250
vt 0.443590 0.888710
vt 0.444460 0.888360
vt 0.449300 0.888020
vt 0.449920 0.886220
vt 0.449120 0.886530
vt 0.444030 0.886670
vt 0.444790 0.886860
s 0
usemtl mat1
f 4358/2021/2680 4374/2021/2680 4373/2021/2680 4357/2021/2680
f 4357/2021/2681 4373/2021/2681 4375/2021/2681 4359/2021/2681
f 4362/2022/2682 4378/2022/2682 4376/2023/2682 4360/2023/2682
f 4359/2021/2683 4375/2021/2683 4377/2024/2683 4361/2024/2683
f 4361/2024/2684 4377/2024/2684 4378/2022/2684 4362/2022/2684
f 4363/2025/2685 4379/2025/2685 4381/2025/2685 4365/2025/2685
f 4364/2025/2686 4380/2025/2686 4379/2025/2686 4363/2025/2686
f 4360/2023/2687 4376/2023/2687 4382/2026/2687 4366/2026/2687
f 4366/2026/2688 4382/2026/2688 4380/2025/2688 4364/2025/2688
f 4365/2025/2689 4381/2025/2689 4383/2025/2689 4367/2025/2689
f 4367/2025/2690 4383/2025/2690 4384/2025/2690 4368/2025/2690
f 4368/2025/2691 4384/2025/2691 4385/2025/2691 4369/2025/2691
f 4369/2025/2692 4385/2025/2692 4386/2025/2692 4370/2025/2692
f 4356/2021/2693 4372/2021/2693 4374/2021/2693 4358/2021/2693
f 4355/2021/2694 4371/2021/2694 4372/2021/2694 4356/2021/2694
f 4383/2025/2695 4381/2025/2695 4373/2021/2695 4374/2021/2695
f 4381/2025/2696 4379/2025/2696 4375/2021/2696 4373/2021/2696
f 4379/2025/2696 4380/2025/2696 4377/2024/2696 4375/2021/2696
f 4380/2025/2696 4382/2026/2696 4378/2022/2696 4377/2024/2696
f 4382/2026/2696 4376/2023/2696 4378/2022/2696
f 4387/2027/2697 4372/2021/2697 4371/2021/2697 4388/2028/2697
f 4389/2029/2696 4372/2021/2696 4387/2027/2696
f 4394/2030/2698 4385/2025/2698 4384/2025/2698 4390/2031/2698
f 4395/2032/2697 4386/2025/2697 4385/2025/2697 4394/2030/2697
f 4374/2021/2695 4372/2021/2695 4389/2029/2695 4391/2033/2695
f 4393/2034/2695 4390/2031/2695 4384/2025/2695 4383/2025/2695
f 4392/2035/2697 4393/2034/2697 4383/2025/2697
f 4383/2025/2697 4374/2021/2697 4391/2033/2697 4392/2035/2697
f 4413/2021/2699 4414/2021/2699 4398/2021/2699 4397/2021/2699
f 4415/2021/2700 4413/2021/2700 4397/2021/2700 4399/2021/2700
f 4416/2023/2701 4418/2022/2701 4402/2022/2701 4400/2023/2701
f 4417/2024/2702 4415/2021/2702 4399/2021/2702 4401/2024/2702
f 4418/2022/2703 4417/2024/2703 4401/2024/2703 4402/2022/2703
f 4421/2025/2704 4419/2025/2704 4403/2025/2704 4405/2025/2704
f 4419/2025/2705 4420/2025/2705 4404/2025/2705 4403/2025/2705
f 4422/2026/2706 4416/2023/2706 4400/2023/2706 4406/2026/2706
f 4420/2025/2707 4422/2026/2707 4406/2026/2707 4404/2025/2707
f 4423/2025/2708 4421/2025/2708 4405/2025/2708 4407/2025/2708
f 4424/2025/2709 4423/2025/2709 4407/2025/2709 4408/2025/2709
f 4425/2025/2710 4424/2025/2710 4408/2025/2710 4409/2025/2710
f 4426/2025/2711 4425/2025/2711 4409/2025/2711 4410/2025/2711
f 4414/2021/2712 4412/2021/2712 4396/2021/2712 4398/2021/2712
f 4412/2021/2713 4411/2021/2713 4354/2021/2713 4396/2021/2713
f 4413/2021/2714 4421/2025/2714 4423/2025/2714 4414/2021/2714
f 4415/2021/2715 4419/2025/2715 4421/2025/2715 4413/2021/2715
f 4417/2024/2715 4420/2025/2715 4419/2025/2715 4415/2021/2715
f 4418/2022/2715 4422/2026/2715 4420/2025/2715 4417/2024/2715
f 4416/2023/2715 4422/2026/2715 4418/2022/2715
f 4411/2021/2716 4412/2021/2716 4427/2027/2716 4428/2028/2716
f 4412/2021/2715 4429/2029/2715 4427/2027/2715
f 4424/2025/2717 4425/2025/2717 4434/2030/2717 4430/2031/2717
f 4425/2025/2716 4426/2025/2716 4435/2032/2716 4434/2030/2716
f 4429/2029/2714 4412/2021/2714 4414/2021/2714 4431/2033/2714
f 4424/2025/2714 4430/2031/2714 4433/2034/2714 4423/2025/2714
f 4433/2034/2716 4432/2035/2716 4423/2025/2716
f 4431/2033/2716 4414/2021/2716 4423/2025/2716 4432/2035/2716
f 4448/2036/2718 4447/2036/2718 4446/2036/2718
f 4451/2036/2719 4450/2036/2719 4449/2036/2719
f 4448/2036/2720 4446/2036/2720 4452/2036/2720 4445/2036/2720
f 4444/2036/2721 4453/2036/2721 4451/2036/2721 4449/2036/2721
f 4454/2037/2722 4452/2037/2722 4466/2037/2722 4468/2037/2722
f 4446/2037/2723 4455/2037/2723 4469/2037/2723 4464/2037/2723
f 4452/2037/2724 4446/2037/2724 4464/2037/2724 4466/2037/2724
f 4464/2037/2725 4469/2037/2725 4468/2037/2725 4466/2037/2725
f 4457/2037/2726 4454/2037/2726 4468/2037/2726 4471/2037/2726
f 4455/2037/2727 4456/2037/2727 4470/2037/2727 4469/2037/2727
f 4469/2037/2728 4470/2037/2728 4471/2037/2728 4468/2037/2728
f 4458/2037/2729 4457/2037/2729 4471/2037/2729 4472/2037/2729
f 4456/2037/2730 4458/2037/2730 4472/2037/2730 4470/2037/2730
f 4470/2037/2731 4472/2037/2731 4471/2037/2731
f 4459/2037/2732 4451/2037/2732 4465/2037/2732 4473/2037/2732
f 4453/2037/2733 4460/2037/2733 4474/2037/2733 4467/2037/2733
f 4451/2037/2734 4453/2037/2734 4467/2037/2734 4465/2037/2734
f 4467/2037/2735 4474/2037/2735 4473/2037/2735 4465/2037/2735
f 4462/2037/2736 4459/2037/2736 4473/2037/2736 4476/2037/2736
f 4460/2037/2737 4461/2037/2737 4475/2037/2737 4474/2037/2737
f 4474/2037/2738 4475/2037/2738 4476/2037/2738 4473/2037/2738
f 4463/2037/2739 4462/2037/2739 4476/2037/2739 4477/2037/2739
f 4461/2037/2740 4463/2037/2740 4477/2037/2740 4475/2037/2740
f 4475/2037/2741 4477/2037/2741 4476/2037/2741
f 4479/2038/2742 4482/2038/2742 4483/2039/2742 4480/2039/2742
f 4480/2039/2743 4483/2039/2743 4484/2040/2743 4481/2040/2743
f 4481/2040/2744 4484/2040/2744 4485/2021/2744
f 4486/2041/2745 4478/2023/2745 4481/2040/2745
f 4481/2040/2746 4485/2021/2746 4486/2041/2746
f 4490/2039/2747 4482/2038/2747 4479/2038/2747 4488/2039/2747
f 4491/2040/2748 4490/2039/2748 4488/2039/2748 4489/2040/2748
f 4491/2040/2749 4489/2040/2749 4492/2021/2749
f 4487/2023/2750 4493/2041/2750 4489/2040/2750
f 4492/2021/2751 4489/2040/2751 4493/2041/2751
f 4482/2042/2752 4499/2042/2752 4500/2043/2752 4483/2043/2752
f 4483/2043/2753 4500/2043/2753 4501/2044/2753 4484/2044/2753
f 4484/2044/2754 4501/2044/2754 4502/2045/2754 4485/2045/2754
f 4486/2046/2755 4503/2046/2755 4498/2047/2755 4478/2047/2755
f 4485/2045/2756 4502/2045/2756 4503/2046/2756 4486/2046/2756
f 4498/2047/2757 4506/2047/2757 4507/2047/2757
f 4508/2047/2758 4505/2047/2758 4494/2047/2758 4478/2047/2758
f 4478/2047/2759 4498/2047/2759 4507/2047/2759 4508/2047/2759
f 4510/2047/2760 4511/2047/2760 4494/2047/2760
f 4494/2047/2761 4505/2047/2761 4510/2047/2761
f 4512/2047/2762 4509/2047/2762 4495/2047/2762 4494/2047/2762
f 4494/2047/2763 4511/2047/2763 4512/2047/2763
f 4495/2047/2764 4509/2047/2764 4514/2047/2764
f 4496/2047/2765 4495/2047/2765 4514/2047/2765 4515/2047/2765
f 4516/2047/2766 4513/2047/2766 4496/2047/2766
f 4496/2047/2767 4515/2047/2767 4516/2047/2767
f 4522/2047/2768 4517/2047/2768 4504/2047/2768 4497/2047/2768
f 4521/2047/2769 4522/2047/2769 4497/2047/2769
f 4497/2047/2770 4520/2047/2770 4521/2047/2770
f 4519/2047/2771 4520/2047/2771 4497/2047/2771
f 4518/2047/2772 4519/2047/2772 4497/2047/2772 4496/2047/2772
f 4496/2047/2773 4513/2047/2773 4518/2047/2773
f 4528/2043/2774 4499/2042/2774 4482/2042/2774 4490/2043/2774
f 4529/2044/2775 4528/2043/2775 4490/2043/2775 4491/2044/2775
f 4530/2045/2776 4529/2044/2776 4491/2044/2776 4492/2045/2776
f 4527/2047/2777 4531/2046/2777 4493/2046/2777 4487/2047/2777
f 4531/2046/2778 4530/2045/2778 4492/2045/2778 4493/2046/2778
f 4534/2047/2779 4527/2047/2779 4535/2047/2779
f 4523/2047/2780 4533/2047/2780 4536/2047/2780 4487/2047/2780
f 4535/2047/2781 4527/2047/2781 4487/2047/2781 4536/2047/2781
f 4539/2047/2782 4538/2047/2782 4523/2047/2782
f 4533/2047/2783 4523/2047/2783 4538/2047/2783
f 4524/2047/2784 4537/2047/2784 4540/2047/2784 4523/2047/2784
f 4539/2047/2785 4523/2047/2785 4540/2047/2785
f 4537/2047/2786 4524/2047/2786 4542/2047/2786
f 4542/2047/2787 4524/2047/2787 4525/2047/2787 4543/2047/2787
f 4541/2047/2788 4544/2047/2788 4525/2047/2788
f 4543/2047/2789 4525/2047/2789 4544/2047/2789
f 4532/2047/2790 4545/2047/2790 4550/2047/2790 4526/2047/2790
f 4550/2047/2791 4549/2047/2791 4526/2047/2791
f 4548/2047/2792 4526/2047/2792 4549/2047/2792
f 4548/2047/2793 4547/2047/2793 4526/2047/2793
f 4526/2047/2794 4547/2047/2794 4546/2047/2794 4525/2047/2794
f 4541/2047/2795 4525/2047/2795 4546/2047/2795
f 4551/2047/2796 4552/2048/2796 4506/2047/2796
f 4554/2048/2797 4534/2047/2797 4553/2048/2797
f 4557/2049/2798 4575/2049/2798 4576/2049/2798 4558/2049/2798
f 4559/2049/2799 4577/2049/2799 4575/2049/2799 4557/2049/2799
f 4560/2049/2800 4578/2049/2800 4577/2049/2800 4559/2049/2800
f 4561/2049/2801 4579/2049/2801 4578/2049/2801 4560/2049/2801
f 4565/2050/2802 4583/2050/2802 4584/2050/2802 4566/2050/2802
f 4566/2050/2803 4584/2050/2803 4581/2050/2803 4563/2050/2803
f 4567/2050/2804 4585/2050/2804 4583/2050/2804 4565/2050/2804
f 4563/2050/2805 4581/2050/2805 4582/2050/2805 4564/2050/2805
f 4564/2050/2806 4582/2050/2806 4580/2050/2806 4562/2050/2806
f 4568/2050/2807 4586/2050/2807 4585/2050/2807 4567/2050/2807
f 4569/2050/2808 4587/2050/2808 4586/2050/2808 4568/2050/2808
f 4556/2049/2809 4574/2049/2809 4587/2050/2809 4569/2050/2809
f 4562/2050/2810 4580/2050/2810 4579/2049/2810 4561/2049/2810
f 4570/2049/2811 4588/2049/2811 4589/2049/2811 4571/2049/2811
f 4555/2049/2812 4572/2049/2812 4574/2049/2812 4556/2049/2812
f 4558/2049/2813 4576/2049/2813 4588/2049/2813 4570/2049/2813
f 4553/2049/2814 4573/2049/2814 4572/2049/2814 4555/2049/2814
f 4589/2049/2715 4588/2049/2715 4572/2049/2715 4573/2049/2715
f 4588/2049/2715 4576/2049/2715 4572/2049/2715
f 4576/2049/2715 4575/2049/2715 4574/2049/2715 4572/2049/2715
f 4575/2049/2715 4577/2049/2715 4587/2050/2715 4574/2049/2715
f 4577/2049/2715 4578/2049/2715 4586/2050/2715 4587/2050/2715
f 4578/2049/2715 4579/2049/2715 4580/2050/2715 4586/2050/2715
f 4582/2050/2715 4585/2050/2715 4586/2050/2715 4580/2050/2715
f 4582/2050/2715 4581/2050/2715 4584/2050/2715 4583/2050/2715
f 4583/2050/2715 4585/2050/2715 4582/2050/2715
f 4611/2049/2815 4610/2049/2815 4592/2049/2815 4593/2049/2815
f 4610/2049/2816 4612/2049/2816 4594/2049/2816 4592/2049/2816
f 4612/2049/2817 4613/2049/2817 4595/2049/2817 4594/2049/2817
f 4613/2049/2818 4614/2049/2818 4596/2049/2818 4595/2049/2818
f 4619/2050/2802 4618/2050/2802 4600/2050/2802 4601/2050/2802
f 4616/2050/2819 4619/2050/2819 4601/2050/2819 4598/2050/2819
f 4618/2050/2820 4620/2050/2820 4602/2050/2820 4600/2050/2820
f 4617/2050/2821 4616/2050/2821 4598/2050/2821 4599/2050/2821
f 4615/2050/2822 4617/2050/2822 4599/2050/2822 4597/2050/2822
f 4620/2050/2823 4621/2050/2823 4603/2050/2823 4602/2050/2823
f 4621/2050/2824 4622/2050/2824 4604/2050/2824 4603/2050/2824
f 4622/2050/2825 4609/2049/2825 4591/2049/2825 4604/2050/2825
f 4614/2049/2826 4615/2050/2826 4597/2050/2826 4596/2049/2826
f 4624/2049/2827 4623/2049/2827 4605/2049/2827 4606/2049/2827
f 4609/2049/2828 4607/2049/2828 4590/2049/2828 4591/2049/2828
f 4623/2049/2829 4611/2049/2829 4593/2049/2829 4605/2049/2829
f 4607/2049/2830 4608/2049/2830 4552/2049/2830 4590/2049/2830
f 4607/2049/2696 4623/2049/2696 4624/2049/2696 4608/2049/2696
f 4611/2049/2696 4623/2049/2696 4607/2049/2696
f 4609/2049/2696 4610/2049/2696 4611/2049/2696 4607/2049/2696
f 4622/2050/2696 4612/2049/2696 4610/2049/2696 4609/2049/2696
f 4621/2050/2696 4613/2049/2696 4612/2049/2696 4622/2050/2696
f 4615/2050/2696 4614/2049/2696 4613/2049/2696 4621/2050/2696
f 4621/2050/2696 4620/2050/2696 4617/2050/2696 4615/2050/2696
f 4619/2050/2696 4616/2050/2696 4617/2050/2696 4618/2050/2696
f 4620/2050/2696 4618/2050/2696 4617/2050/2696
f 4628/2051/2831 4629/2051/2831 4647/2051/2831 4646/2051/2831
f 4647/2051/2832 4665/2051/2832 4664/2051/2832 4646/2051/2832
f 4630/2051/2833 4628/2051/2833 4646/2051/2833 4648/2051/2833
f 4646/2051/2834 4664/2051/2834 4666/2051/2834 4648/2051/2834
f 4631/2051/2835 4630/2051/2835 4648/2051/2835 4649/2051/2835
f 4648/2051/2836 4666/2051/2836 4667/2051/2836 4649/2051/2836
f 4632/2051/2837 4631/2051/2837 4649/2051/2837 4650/2051/2837
f 4649/2051/2838 4667/2051/2838 4668/2051/2838 4650/2051/2838
f 4636/2052/2839 4637/2052/2839 4655/2052/2839 4654/2052/2839
f 4655/2052/2840 4673/2052/2840 4672/2052/2840 4654/2052/2840
f 4637/2052/2841 4634/2052/2841 4652/2052/2841 4655/2052/2841
f 4652/2052/2842 4670/2052/2842 4673/2052/2842 4655/2052/2842
f 4638/2052/2843 4636/2052/2843 4654/2052/2843 4656/2052/2843
f 4654/2052/2844 4672/2052/2844 4674/2052/2844 4656/2052/2844
f 4634/2052/2845 4635/2052/2845 4653/2052/2845 4652/2052/2845
f 4653/2052/2846 4671/2052/2846 4670/2052/2846 4652/2052/2846
f 4635/2052/2847 4633/2052/2847 4651/2052/2847 4653/2052/2847
f 4651/2052/2848 4669/2052/2848 4671/2052/2848 4653/2052/2848
f 4639/2052/2849 4638/2052/2849 4656/2052/2849 4657/2052/2849
f 4656/2052/2850 4674/2052/2850 4675/2052/2850 4657/2052/2850
f 4640/2052/2851 4639/2052/2851 4657/2052/2851 4658/2052/2851
f 4657/2052/2852 4675/2052/2852 4676/2052/2852 4658/2052/2852
f 4627/2051/2853 4640/2052/2853 4658/2052/2853 4645/2051/2853
f 4658/2052/2854 4676/2052/2854 4663/2051/2854 4645/2051/2854
f 4633/2052/2855 4632/2051/2855 4650/2051/2855 4651/2052/2855
f 4650/2051/2856 4668/2051/2856 4669/2052/2856 4651/2052/2856
f 4642/2051/2857 4589/2051/2857 4678/2051/2857 4660/2051/2857
f 4641/2051/2858 4642/2051/2858 4660/2051/2858 4659/2051/2858
f 4660/2051/2859 4678/2051/2859 4677/2051/2859 4659/2051/2859
f 4625/2051/2860 4627/2051/2860 4645/2051/2860 4643/2051/2860
f 4645/2051/2861 4663/2051/2861 4661/2051/2861 4643/2051/2861
f 4629/2051/2862 4641/2051/2862 4659/2051/2862 4647/2051/2862
f 4659/2051/2863 4677/2051/2863 4665/2051/2863 4647/2051/2863
f 4573/2051/2864 4626/2051/2864 4644/2051/2864 4662/2051/2864
f 4626/2051/2865 4625/2051/2865 4643/2051/2865 4644/2051/2865
f 4643/2051/2866 4661/2051/2866 4662/2051/2866 4644/2051/2866
f 4589/2051/2867 4573/2051/2867 4662/2051/2867 4678/2051/2867
f 4662/2051/2868 4661/2051/2868 4677/2051/2868 4678/2051/2868
f 4661/2051/2869 4665/2051/2869 4677/2051/2869
f 4661/2051/2870 4663/2051/2870 4664/2051/2870 4665/2051/2870
f 4663/2051/2871 4676/2052/2871 4666/2051/2871 4664/2051/2871
f 4676/2052/2872 4675/2052/2872 4667/2051/2872 4666/2051/2872
f 4675/2052/2873 4669/2052/2873 4668/2051/2873 4667/2051/2873
f 4669/2052/2874 4675/2052/2874 4674/2052/2874 4671/2052/2874
f 4672/2052/2875 4673/2052/2875 4670/2052/2875 4671/2052/2875
f 4671/2052/2876 4674/2052/2876 4672/2052/2876
f 4701/2051/2877 4683/2051/2877 4682/2051/2877 4700/2051/2877
f 4718/2051/2878 4719/2051/2878 4701/2051/2878 4700/2051/2878
f 4700/2051/2879 4682/2051/2879 4684/2051/2879 4702/2051/2879
f 4720/2051/2880 4718/2051/2880 4700/2051/2880 4702/2051/2880
f 4702/2051/2881 4684/2051/2881 4685/2051/2881 4703/2051/2881
f 4721/2051/2882 4720/2051/2882 4702/2051/2882 4703/2051/2882
f 4703/2051/2883 4685/2051/2883 4686/2051/2883 4704/2051/2883
f 4722/2051/2884 4721/2051/2884 4703/2051/2884 4704/2051/2884
f 4709/2052/2885 4691/2052/2885 4690/2052/2885 4708/2052/2885
f 4726/2052/2840 4727/2052/2840 4709/2052/2840 4708/2052/2840
f 4706/2052/2886 4688/2052/2886 4691/2052/2886 4709/2052/2886
f 4727/2052/2887 4724/2052/2887 4706/2052/2887 4709/2052/2887
f 4708/2052/2888 4690/2052/2888 4692/2052/2888 4710/2052/2888
f 4728/2052/2844 4726/2052/2844 4708/2052/2844 4710/2052/2844
f 4707/2052/2889 4689/2052/2889 4688/2052/2889 4706/2052/2889
f 4724/2052/2890 4725/2052/2890 4707/2052/2890 4706/2052/2890
f 4705/2052/2891 4687/2052/2891 4689/2052/2891 4707/2052/2891
f 4725/2052/2892 4723/2052/2892 4705/2052/2892 4707/2052/2892
f 4710/2052/2893 4692/2052/2893 4693/2052/2893 4711/2052/2893
f 4729/2052/2894 4728/2052/2894 4710/2052/2894 4711/2052/2894
f 4711/2052/2895 4693/2052/2895 4694/2052/2895 4712/2052/2895
f 4730/2052/2896 4729/2052/2896 4711/2052/2896 4712/2052/2896
f 4712/2052/2897 4694/2052/2897 4681/2051/2897 4699/2051/2897
f 4717/2051/2898 4730/2052/2898 4712/2052/2898 4699/2051/2898
f 4704/2051/2899 4686/2051/2899 4687/2052/2899 4705/2052/2899
f 4723/2052/2900 4722/2051/2900 4704/2051/2900 4705/2052/2900
f 4732/2051/2857 4624/2051/2857 4696/2051/2857 4714/2051/2857
f 4714/2051/2901 4696/2051/2901 4695/2051/2901 4713/2051/2901
f 4731/2051/2902 4732/2051/2902 4714/2051/2902 4713/2051/2902
f 4699/2051/2903 4681/2051/2903 4679/2051/2903 4697/2051/2903
f 4715/2051/2904 4717/2051/2904 4699/2051/2904 4697/2051/2904
f 4713/2051/2905 4695/2051/2905 4683/2051/2905 4701/2051/2905
f 4719/2051/2906 4731/2051/2906 4713/2051/2906 4701/2051/2906
f 4698/2051/2864 4680/2051/2864 4608/2051/2864 4716/2051/2864
f 4697/2051/2907 4679/2051/2907 4680/2051/2907 4698/2051/2907
f 4716/2051/2908 4715/2051/2908 4697/2051/2908 4698/2051/2908
f 4716/2051/2909 4608/2051/2909 4624/2051/2909 4732/2051/2909
f 4731/2051/2910 4715/2051/2910 4716/2051/2910 4732/2051/2910
f 4719/2051/2911 4715/2051/2911 4731/2051/2911
f 4718/2051/2912 4717/2051/2912 4715/2051/2912 4719/2051/2912
f 4720/2051/2913 4730/2052/2913 4717/2051/2913 4718/2051/2913
f 4721/2051/2914 4729/2052/2914 4730/2052/2914 4720/2051/2914
f 4722/2051/2915 4723/2052/2915 4729/2052/2915 4721/2051/2915
f 4728/2052/2916 4729/2052/2916 4723/2052/2916 4725/2052/2916
f 4724/2052/2917 4727/2052/2917 4726/2052/2917 4725/2052/2917
f 4728/2052/2918 4725/2052/2918 4726/2052/2918
f 4734/2053/2919 4526/2054/2919 4733/2053/2919
f 4497/2054/2920 4736/2053/2920 4735/2053/2920
f 4738/2055/2921 4740/2055/2921 4739/2055/2921 4737/2055/2921
f 4742/2056/2922 4746/2056/2922 4745/2057/2922 4741/2057/2922
f 4737/2058/2923 4739/2058/2923 4748/2059/2923 4744/2059/2923
f 4744/2059/2924 4748/2059/2924 4747/2060/2924 4743/2060/2924
f 4745/2057/2925 4750/2061/2925 4749/2061/2925
f 4749/2061/2926 4741/2061/2926 4745/2057/2926
f 4751/2062/2927 4750/2062/2927 4745/2057/2927
f 4752/2057/2928 4748/2059/2928 4739/2055/2928
f 4747/2060/2928 4748/2059/2928 4752/2057/2928
f 4755/2063/2929 4757/2063/2929 4756/2064/2929 4754/2064/2929
f 4751/2065/2930 4758/2065/2930 4757/2063/2930 4755/2063/2930
f 4745/2057/2931 4759/2057/2931 4758/2062/2931 4751/2062/2931
f 4759/2057/2931 4752/2057/2931 4753/2062/2931 4758/2062/2931
f 4746/2056/2932 4760/2066/2932 4759/2057/2932 4745/2057/2932
f 4760/2066/2933 4747/2060/2933 4752/2057/2933 4759/2057/2933
f 4742/2056/2934 4761/2066/2934 4760/2066/2934 4746/2056/2934
f 4761/2066/2935 4743/2060/2935 4747/2060/2935 4760/2066/2935
f 4756/2064/2936 4757/2063/2936 4765/2063/2936 4764/2064/2936
f 4758/2065/2937 4753/2065/2937 4762/2065/2937 4766/2065/2937
f 4757/2063/2938 4758/2065/2938 4766/2065/2938 4765/2063/2938
f 4766/2065/2939 4762/2065/2939 4763/2063/2939 4765/2063/2939
f 4739/2055/2940 4740/2055/2940 4768/2055/2940 4767/2055/2940
f 4768/2067/2941 4771/2068/2941 4772/2069/2941 4767/2070/2941
f 4752/2057/2942 4739/2055/2942 4767/2055/2942 4769/2057/2942
f 4753/2065/2943 4752/2057/2943 4769/2057/2943 4770/2065/2943
f 4772/2069/2944 4770/2071/2944 4769/2072/2944 4767/2070/2944
f 4772/2069/2945 4771/2068/2945 4774/2073/2945 4775/2074/2945
f 4763/2063/2946 4762/2065/2946 4773/2065/2946 4775/2063/2946
f 4762/2065/2947 4753/2065/2947 4770/2065/2947 4773/2065/2947
f 4770/2071/2948 4772/2069/2948 4775/2074/2948 4773/2075/2948
f 4777/2055/2949 4740/2055/2949 4738/2055/2949 4776/2055/2949
f 4782/2057/2950 4783/2056/2950 4779/2056/2950 4778/2057/2950
f 4785/2059/2951 4777/2058/2951 4776/2058/2951 4781/2059/2951
f 4784/2060/2952 4785/2059/2952 4781/2059/2952 4780/2060/2952
f 4787/2061/2953 4782/2057/2953 4786/2061/2953
f 4778/2061/2954 4786/2061/2954 4782/2057/2954
f 4787/2062/2955 4788/2062/2955 4782/2057/2955
f 4785/2059/2956 4789/2057/2956 4777/2055/2956
f 4785/2059/2956 4784/2060/2956 4789/2057/2956
f 4756/2064/2957 4792/2063/2957 4791/2063/2957 4754/2064/2957
f 4792/2063/2958 4793/2065/2958 4788/2065/2958 4791/2063/2958
f 4793/2062/2959 4794/2057/2959 4782/2057/2959 4788/2062/2959
f 4790/2062/2959 4789/2057/2959 4794/2057/2959 4793/2062/2959
f 4794/2057/2960 4795/2066/2960 4783/2056/2960 4782/2057/2960
f 4789/2057/2961 4784/2060/2961 4795/2066/2961 4794/2057/2961
f 4795/2066/2962 4796/2066/2962 4779/2056/2962 4783/2056/2962
f 4784/2060/2963 4780/2060/2963 4796/2066/2963 4795/2066/2963
f 4799/2063/2964 4792/2063/2964 4756/2064/2964 4764/2064/2964
f 4797/2065/2965 4790/2065/2965 4793/2065/2965 4800/2065/2965
f 4800/2065/2966 4793/2065/2966 4792/2063/2966 4799/2063/2966
f 4798/2063/2939 4797/2065/2939 4800/2065/2939 4799/2063/2939
f 4768/2055/2967 4740/2055/2967 4777/2055/2967 4801/2055/2967
f 4804/2076/2968 4771/2068/2968 4768/2067/2968 4801/2077/2968
f 4801/2055/2969 4777/2055/2969 4789/2057/2969 4802/2057/2969
f 4802/2057/2970 4789/2057/2970 4790/2065/2970 4803/2065/2970
f 4802/2078/2971 4803/2079/2971 4804/2076/2971 4801/2077/2971
f 4774/2073/2972 4771/2068/2972 4804/2076/2972 4806/2080/2972
f 4805/2065/2973 4797/2065/2973 4798/2063/2973 4806/2063/2973
f 4803/2065/2974 4790/2065/2974 4797/2065/2974 4805/2065/2974
f 4806/2080/2975 4804/2076/2975 4803/2079/2975 4805/2081/2975
f 4807/2082/2976 4808/2082/2976 4809/2082/2976 4810/2082/2976
f 4811/2083/2977 4812/2083/2977 4813/2083/2977 4814/2083/2977
f 4809/2082/2978 4815/2084/2978 4816/2084/2978 4810/2082/2978
f 4817/2085/2979 4818/2084/2979 4816/2084/2979 4819/2085/2979
f 4818/2084/2979 4807/2082/2979 4810/2082/2979 4816/2084/2979
f 4820/2085/2980 4821/2084/2980 4818/2084/2980 4817/2085/2980
f 4821/2084/2981 4808/2082/2981 4807/2082/2981 4818/2084/2981
f 4814/2083/2982 4822/2086/2982 4823/2086/2982 4811/2083/2982
f 4822/2086/2982 4817/2085/2982 4819/2085/2982 4823/2086/2982
f 4824/2086/2983 4812/2083/2983 4811/2083/2983 4823/2086/2983
f 4813/2083/2984 4825/2086/2984 4822/2086/2984 4814/2083/2984
f 4825/2086/2985 4820/2085/2985 4817/2085/2985 4822/2086/2985
f 4819/2085/2986 4816/2084/2986 4826/2084/2986 4827/2085/2986
f 4815/2084/2987 4828/2085/2987 4829/2085/2987 4830/2084/2987
f 4816/2084/2988 4815/2084/2988 4830/2084/2988 4826/2084/2988
f 4830/2084/2989 4829/2085/2989 4827/2085/2989 4826/2084/2989
f 4823/2086/2990 4819/2085/2990 4827/2085/2990 4831/2086/2990
f 4824/2086/2991 4823/2086/2991 4831/2086/2991 4832/2086/2991
f 4828/2085/2992 4824/2086/2992 4832/2086/2992 4829/2085/2992
f 4829/2085/2993 4832/2086/2993 4831/2086/2993 4827/2085/2993
f 4833/2082/2994 4834/2082/2994 4835/2082/2994 4836/2082/2994
f 4837/2083/2995 4838/2083/2995 4839/2083/2995 4840/2083/2995
f 4841/2084/2996 4842/2084/2996 4833/2082/2996 4836/2082/2996
f 4841/2084/2979 4843/2084/2979 4844/2085/2979 4845/2085/2979
f 4836/2082/2979 4835/2082/2979 4843/2084/2979 4841/2084/2979
f 4843/2084/2997 4846/2084/2997 4847/2085/2997 4844/2085/2997
f 4835/2082/2998 4834/2082/2998 4846/2084/2998 4843/2084/2998
f 4848/2086/2982 4849/2086/2982 4840/2083/2982 4839/2083/2982
f 4845/2085/2982 4844/2085/2982 4849/2086/2982 4848/2086/2982
f 4839/2083/2999 4838/2083/2999 4850/2086/2999 4848/2086/2999
f 4849/2086/3000 4851/2086/3000 4837/2083/3000 4840/2083/3000
f 4844/2085/3001 4847/2085/3001 4851/2086/3001 4849/2086/3001
f 4852/2084/3002 4841/2084/3002 4845/2085/3002 4853/2085/3002
f 4854/2085/3003 4855/2085/3003 4842/2084/3003 4856/2084/3003
f 4856/2084/3004 4842/2084/3004 4841/2084/3004 4852/2084/3004
f 4853/2085/3005 4854/2085/3005 4856/2084/3005 4852/2084/3005
f 4853/2085/3006 4845/2085/3006 4848/2086/3006 4857/2086/3006
f 4857/2086/3007 4848/2086/3007 4850/2086/3007 4858/2086/3007
f 4858/2086/3008 4850/2086/3008 4855/2085/3008 4854/2085/3008
f 4857/2086/3009 4858/2086/3009 4854/2085/3009 4853/2085/3009
f 4859/2087/3010 4860/2088/3010 4861/2088/3010 4862/2087/3010
f 4863/2088/3011 4864/2087/3011 4865/2087/3011 4866/2088/3011
f 4866/2088/3012 4865/2087/3012 4862/2087/3012 4861/2088/3012
f 4867/2089/3010 4859/2087/3010 4862/2087/3010 4868/2089/3010
f 4869/2089/3013 4867/2089/3013 4868/2089/3013 4870/2089/3013
f 4864/2087/3014 4869/2089/3014 4870/2089/3014 4865/2087/3014
f 4865/2087/3012 4870/2089/3012 4868/2089/3012 4862/2087/3012
f 4871/2090/3015 4872/2091/3015 4873/2091/3015 4874/2090/3015
f 4875/2091/3016 4876/2090/3016 4877/2090/3016 4878/2091/3016
f 4872/2091/3017 4875/2091/3017 4878/2091/3017 4873/2091/3017
f 4878/2091/3018 4877/2090/3018 4874/2090/3018 4873/2091/3018
f 4860/2088/3019 4871/2090/3019 4874/2090/3019 4861/2088/3019
f 4876/2090/3020 4863/2088/3020 4866/2088/3020 4877/2090/3020
f 4877/2090/3018 4866/2088/3018 4861/2088/3018 4874/2090/3018
f 4879/2088/3021 4880/2088/3021 4881/2087/3021 4882/2087/3021
f 4883/2087/3022 4884/2087/3022 4885/2088/3022 4886/2088/3022
f 4882/2087/3012 4883/2087/3012 4886/2088/3012 4879/2088/3012
f 4882/2087/3021 4881/2087/3021 4887/2089/3021 4888/2089/3021
f 4888/2089/3023 4887/2089/3023 4889/2089/3023 4890/2089/3023
f 4890/2089/3024 4889/2089/3024 4884/2087/3024 4883/2087/3024
f 4888/2089/3012 4890/2089/3012 4883/2087/3012 4882/2087/3012
f 4891/2091/3025 4892/2091/3025 4893/2090/3025 4894/2090/3025
f 4895/2090/3026 4896/2090/3026 4897/2091/3026 4898/2091/3026
f 4898/2091/3027 4897/2091/3027 4892/2091/3027 4891/2091/3027
f 4894/2090/3018 4895/2090/3018 4898/2091/3018 4891/2091/3018
f 4894/2090/3028 4893/2090/3028 4880/2088/3028 4879/2088/3028
f 4886/2088/3029 4885/2088/3029 4896/2090/3029 4895/2090/3029
f 4879/2088/3030 4886/2088/3030 4895/2090/3030 4894/2090/3030
f 4899/2092/3031 4900/2093/3031 4901/2093/3031 4902/2092/3031
f 4903/2093/3032 4904/2092/3032 4905/2092/3032 4906/2093/3032
f 4906/2093/3033 4905/2092/3033 4902/2092/3033 4901/2093/3033
f 4907/2094/3010 4899/2092/3010 4902/2092/3010 4908/2094/3010
f 4909/2094/3034 4907/2094/3034 4908/2094/3034 4910/2094/3034
f 4904/2092/3035 4909/2094/3035 4910/2094/3035 4905/2092/3035
f 4905/2092/3033 4910/2094/3033 4908/2094/3033 4902/2092/3033
f 4911/2095/3019 4912/2096/3019 4913/2096/3019 4914/2095/3019
f 4915/2096/3036 4916/2095/3036 4917/2095/3036 4918/2096/3036
f 4912/2096/3037 4915/2096/3037 4918/2096/3037 4913/2096/3037
f 4918/2096/3038 4917/2095/3038 4914/2095/3038 4913/2096/3038
f 4900/2093/3039 4911/2095/3039 4914/2095/3039 4901/2093/3039
f 4916/2095/3040 4903/2093/3040 4906/2093/3040 4917/2095/3040
f 4917/2095/3038 4906/2093/3038 4901/2093/3038 4914/2095/3038
f 4919/2093/3041 4920/2093/3041 4921/2092/3041 4922/2092/3041
f 4923/2092/3042 4924/2092/3042 4925/2093/3042 4926/2093/3042
f 4922/2092/3033 4923/2092/3033 4926/2093/3033 4919/2093/3033
f 4922/2092/3041 4921/2092/3041 4927/2094/3041 4928/2094/3041
f 4928/2094/3043 4927/2094/3043 4929/2094/3043 4930/2094/3043
f 4930/2094/3044 4929/2094/3044 4924/2092/3044 4923/2092/3044
f 4928/2094/3033 4930/2094/3033 4923/2092/3033 4922/2092/3033
f 4931/2096/3028 4932/2096/3028 4933/2095/3028 4934/2095/3028
f 4935/2095/3045 4936/2095/3045 4937/2096/3045 4938/2096/3045
f 4938/2096/3046 4937/2096/3046 4932/2096/3046 4931/2096/3046
f 4934/2095/3038 4935/2095/3038 4938/2096/3038 4931/2096/3038
f 4934/2095/3047 4933/2095/3047 4920/2093/3047 4919/2093/3047
f 4926/2093/3048 4925/2093/3048 4936/2095/3048 4935/2095/3048
f 4919/2093/3038 4926/2093/3038 4935/2095/3038 4934/2095/3038
f 4939/2097/3049 4940/2098/3049 4941/2099/3049 4942/2100/3049
f 4942/2100/2715 4941/2099/2715 4943/2101/2715 4944/2102/2715
f 4944/2102/2939 4943/2101/2939 4945/2103/2939 4946/2104/2939
f 4946/2104/2696 4945/2103/2696 4940/2105/2696 4939/2106/2696
f 4942/2107/3050 4944/2102/3050 4946/2104/3050 4939/2108/3050
f 4943/2101/3051 4941/2109/3051 4940/2110/3051 4945/2103/3051
f 4947/2111/3052 4948/2112/3052 4949/2113/3052 4950/2114/3052
f 4950/2114/3053 4951/2115/3053 4952/2116/3053 4947/2111/3053
f 4951/2115/3054 4953/2117/3054 4954/2118/3054 4952/2116/3054
f 4955/2119/3055 4956/2120/3055 4952/2121/3055 4954/2122/3055
f 4956/2120/3056 4948/2112/3056 4947/2111/3056 4952/2121/3056
f 4957/2123/2696 4958/2124/2696 4959/2125/2696 4960/2126/2696
f 4958/2124/3057 4961/2127/3057 4962/2128/3057 4959/2125/3057
f 4951/2129/3058 4950/2114/3058 4963/2114/3058 4964/2129/3058
f 4949/2113/3059 4965/2130/3059 4966/2130/3059 4967/2113/3059
f 4950/2114/3060 4949/2113/3060 4967/2113/3060 4963/2114/3060
f 4967/2113/3061 4966/2130/3061 4964/2129/3061 4963/2114/3061
f 4953/2131/3062 4951/2129/3062 4964/2129/3062 4968/2131/3062
f 4965/2130/3063 4969/2132/3063 4970/2132/3063 4966/2130/3063
f 4966/2130/3064 4970/2132/3064 4968/2131/3064 4964/2129/3064
f 4960/2133/3065 4971/2134/3065 4972/2135/3065 4957/2136/3065
f 4971/2134/3066 4955/2137/3066 4969/2138/3066 4972/2135/3066
f 4965/2130/3067 4973/2139/3067 4972/2140/3067 4969/2132/3067
f 4973/2139/3068 4958/2141/3068 4957/2142/3068 4972/2140/3068
f 4959/2143/3055 4974/2144/3055 4971/2145/3055 4960/2146/3055
f 4974/2144/3055 4956/2120/3055 4955/2119/3055 4971/2145/3055
f 4949/2113/3069 4975/2147/3069 4973/2139/3069 4965/2130/3069
f 4975/2147/3070 4961/2127/3070 4958/2141/3070 4973/2139/3070
f 4962/2128/3056 4976/2148/3056 4974/2144/3056 4959/2143/3056
f 4976/2148/3056 4948/2112/3056 4956/2120/3056 4974/2144/3056
f 4948/2112/2939 4976/2148/2939 4975/2147/2939 4949/2113/2939
f 4976/2148/2939 4962/2128/2939 4961/2127/2939 4975/2147/2939
f 4954/2118/3071 4953/2117/3071 4977/2117/3071 4978/2118/3071
f 4955/2137/3055 4954/2118/3055 4978/2118/3055 4979/2137/3055
f 4969/2138/3072 4955/2137/3072 4979/2137/3072 4980/2138/3072
f 4979/2137/3049 4978/2118/3049 4977/2117/3049 4980/2138/3049
f 4968/2131/3073 4970/2132/3073 4981/2132/3073 4982/2131/3073
f 4953/2131/3074 4968/2131/3074 4982/2131/3074 4977/2131/3074
f 4970/2132/3075 4969/2132/3075 4980/2132/3075 4981/2132/3075
f 4980/2132/3049 4977/2131/3049 4982/2131/3049 4981/2132/3049
f 4983/2149/3076 4984/2150/3076 4985/2151/3076 4986/2152/3076
f 4987/2153/3077 4988/2149/3077 4989/2150/3077 4990/2154/3077
f 4989/2155/3078 4988/2149/3078 4991/2156/3078 4992/2157/3078
f 4984/2150/3079 4983/2158/3079 4992/2157/3079 4991/2156/3079
f 4993/2159/3080 4994/2160/3080 4995/2161/3080 4996/2162/3080
f 4997/2163/3081 4998/2164/3081 4996/2162/3081 4995/2161/3081
f 4990/2152/3082 4989/2149/3082 4992/2156/3082 4999/2165/3082
f 4983/2150/3083 4986/2154/3083 4999/2165/3083 4992/2156/3083
f 4985/2153/3084 4984/2149/3084 4991/2166/3084 5000/2167/3084
f 4988/2150/3085 4987/2151/3085 5000/2167/3085 4991/2166/3085
f 4987/2168/3086 4990/2169/3086 5001/2170/3086 5002/2171/3086
f 5002/2172/3087 5003/2173/3087 5000/2174/3087 4987/2175/3087
f 4990/2176/3082 4999/2177/3082 5004/2178/3082 5001/2179/3082
f 5003/2173/3084 5005/2171/3084 4985/2168/3084 5000/2174/3084
f 4999/2177/3083 4986/2169/3083 5006/2170/3083 5004/2178/3083
f 5005/2172/3076 5006/2179/3076 4986/2176/3076 4985/2175/3076
f 5007/2180/3088 5002/2180/3088 5001/2181/3088 5008/2181/3088
f 5009/2182/3080 4998/2182/3080 4997/2183/3080 5010/2183/3080
f 5010/2182/3089 4997/2182/3089 4995/2184/3089 5011/2184/3089
f 5012/2185/3090 5003/2185/3090 5002/2186/3090 5007/2186/3090
f 5008/2187/3091 5001/2187/3091 5004/2188/3091 5013/2188/3091
f 5014/2189/3092 4996/2189/3092 4998/2183/3092 5009/2183/3092
f 5011/2184/3080 4995/2184/3080 4994/2183/3080 5015/2183/3080
f 5016/2180/3055 5005/2180/3055 5003/2185/3055 5012/2185/3055
f 5013/2188/3055 5004/2188/3055 5006/2181/3055 5017/2181/3055
f 5018/2182/3080 4993/2182/3080 4996/2189/3080 5014/2189/3080
f 5015/2182/3080 4994/2182/3080 4993/2183/3080 5018/2183/3080
f 5017/2187/3088 5006/2187/3088 5005/2186/3088 5016/2186/3088
f 5019/2180/3093 5007/2180/3093 5008/2181/3093 5020/2181/3093
f 5021/2182/3080 5009/2182/3080 5010/2183/3080 5022/2183/3080
f 5019/2180/3094 5020/2181/3094 5021/2182/3094 5022/2183/3094
f 5022/2182/3095 5010/2182/3095 5011/2184/3095 5023/2184/3095
f 5024/2185/3096 5012/2185/3096 5007/2186/3096 5019/2186/3096
f 5022/2182/3097 5023/2184/3097 5024/2185/3097 5019/2186/3097
f 5020/2187/3098 5008/2187/3098 5013/2188/3098 5025/2188/3098
f 5026/2189/3099 5014/2189/3099 5009/2183/3099 5021/2183/3099
f 5020/2187/3100 5025/2188/3100 5026/2189/3100 5021/2183/3100
f 5023/2184/3080 5011/2184/3080 5015/2183/3080 5027/2183/3080
f 5028/2180/3055 5016/2180/3055 5012/2185/3055 5024/2185/3055
f 5023/2184/3101 5027/2183/3101 5028/2180/3101 5024/2185/3101
f 5025/2188/3055 5013/2188/3055 5017/2181/3055 5029/2181/3055
f 5030/2182/3080 5018/2182/3080 5014/2189/3080 5026/2189/3080
f 5025/2188/3102 5029/2181/3102 5030/2182/3102 5026/2189/3102
f 5027/2182/3080 5015/2182/3080 5018/2183/3080 5030/2183/3080
f 5029/2187/3093 5017/2187/3093 5016/2186/3093 5028/2186/3093
f 5027/2182/3076 5030/2183/3076 5029/2187/3076 5028/2186/3076
f 5031/2097/2696 5032/2098/2696 5033/2099/2696 5034/2100/2696
f 5034/2100/3049 5033/2099/3049 5035/2101/3049 5036/2102/3049
f 5036/2102/2715 5035/2101/2715 5037/2103/2715 5038/2104/2715
f 5038/2104/2939 5037/2103/2939 5032/2105/2939 5031/2106/2939
f 5034/2107/3103 5036/2102/3103 5038/2104/3103 5031/2108/3103
f 5035/2101/3104 5033/2109/3104 5032/2110/3104 5037/2103/3104
f 5039/2111/3105 5040/2112/3105 5041/2113/3105 5042/2114/3105
f 5042/2114/3106 5043/2115/3106 5044/2116/3106 5039/2111/3106
f 5043/2115/3107 5045/2117/3107 5046/2118/3107 5044/2116/3107
f 5047/2119/3055 5048/2120/3055 5044/2121/3055 5046/2122/3055
f 5048/2120/3108 5040/2112/3108 5039/2111/3108 5044/2121/3108
f 5049/2123/2939 5050/2124/2939 5051/2125/2939 5052/2126/2939
f 5050/2124/3109 5053/2127/3109 5054/2128/3109 5051/2125/3109
f 5043/2129/3110 5042/2114/3110 5055/2114/3110 5056/2129/3110
f 5041/2113/3111 5057/2130/3111 5058/2130/3111 5059/2113/3111
f 5042/2114/3112 5041/2113/3112 5059/2113/3112 5055/2114/3112
f 5059/2113/3113 5058/2130/3113 5056/2129/3113 5055/2114/3113
f 5045/2131/3114 5043/2129/3114 5056/2129/3114 5060/2131/3114
f 5057/2130/3115 5061/2132/3115 5062/2132/3115 5058/2130/3115
f 5058/2130/3116 5062/2132/3116 5060/2131/3116 5056/2129/3116
f 5052/2133/3117 5063/2134/3117 5064/2135/3117 5049/2136/3117
f 5063/2134/3118 5047/2137/3118 5061/2138/3118 5064/2135/3118
f 5057/2130/3119 5065/2139/3119 5064/2140/3119 5061/2132/3119
f 5065/2139/3120 5050/2141/3120 5049/2142/3120 5064/2140/3120
f 5051/2143/3055 5066/2144/3055 5063/2145/3055 5052/2146/3055
f 5066/2144/3055 5048/2120/3055 5047/2119/3055 5063/2145/3055
f 5041/2113/3121 5067/2147/3121 5065/2139/3121 5057/2130/3121
f 5067/2147/3122 5053/2127/3122 5050/2141/3122 5065/2139/3122
f 5054/2128/3108 5068/2148/3108 5066/2144/3108 5051/2143/3108
f 5068/2148/3108 5040/2112/3108 5048/2120/3108 5066/2144/3108
f 5040/2112/2715 5068/2148/2715 5067/2147/2715 5041/2113/2715
f 5068/2148/2715 5054/2128/2715 5053/2127/2715 5067/2147/2715
f 5046/2118/3123 5045/2117/3123 5069/2117/3123 5070/2118/3123
f 5047/2137/3055 5046/2118/3055 5070/2118/3055 5071/2137/3055
f 5061/2138/2939 5047/2137/2939 5071/2137/2939 5072/2138/2939
f 5071/2137/3124 5070/2118/3124 5069/2117/3124 5072/2138/3124
f 5060/2131/3116 5062/2132/3116 5073/2132/3116 5074/2131/3116
f 5045/2131/3125 5060/2131/3125 5074/2131/3125 5069/2131/3125
f 5062/2132/3126 5061/2132/3126 5072/2132/3126 5073/2132/3126
f 5072/2132/3124 5069/2131/3124 5074/2131/3124 5073/2132/3124
f 5075/2190/2939 5076/2191/2939 5077/2192/2939
f 5076/2191/2939 5078/2193/2939 5077/2192/2939
f 5078/2193/2939 5079/2194/2939 5077/2192/2939
f 5079/2194/2939 5080/2195/2939 5077/2196/2939
f 5080/2195/2939 5081/2197/2939 5077/2196/2939
f 5081/2197/2939 5082/2198/2939 5077/2199/2939
f 5082/2198/2939 5083/2200/2939 5077/2199/2939
f 5083/2200/2939 5075/2201/2939 5077/2202/2939
f 5084/2203/3127 5080/2195/3127 5079/2194/3127 5085/2204/3127
f 5086/2205/3128 5087/2206/3128 5084/2203/3128 5085/2204/3128
f 5088/2207/3129 5084/2203/3129 5087/2206/3129 5089/2208/3129
f 5081/2197/3130 5080/2195/3130 5084/2203/3130 5088/2207/3130
f 5085/2204/3131 5079/2194/3131 5078/2193/3131 5090/2209/3131
f 5091/2210/3132 5086/2205/3132 5085/2204/3132 5090/2209/3132
f 5088/2207/3133 5089/2208/3133 5092/2211/3133 5093/2212/3133
f 5082/2198/3134 5081/2197/3134 5088/2207/3134 5093/2212/3134
f 5094/2213/3135 5090/2209/3135 5078/2193/3135 5076/2191/3135
f 5091/2210/3136 5090/2209/3136 5094/2213/3136 5095/2214/3136
f 5096/2215/3137 5093/2212/3137 5092/2211/3137 5097/2216/3137
f 5082/2198/3138 5093/2212/3138 5096/2215/3138 5083/2200/3138
f 5098/2217/3139 5094/2213/3139 5076/2191/3139 5075/2190/3139
f 5095/2214/3140 5094/2213/3140 5098/2217/3140 5099/2218/3140
f 5096/2215/3141 5097/2216/3141 5099/2219/3141 5098/2220/3141
f 5083/2200/3142 5096/2215/3142 5098/2220/3142 5075/2201/3142
f 5100/2221/3143 5101/2222/3143 5087/2206/3143 5086/2205/3143
f 5102/2223/3144 5101/2222/3144 5100/2221/3144 5103/2224/3144
f 5104/2225/3145 5101/2222/3145 5102/2223/3145 5105/2226/3145
f 5089/2208/3146 5087/2206/3146 5101/2222/3146 5104/2225/3146
f 5106/2227/3147 5100/2221/3147 5086/2205/3147 5091/2210/3147
f 5107/2228/3148 5103/2224/3148 5100/2221/3148 5106/2227/3148
f 5104/2225/3149 5105/2226/3149 5108/2229/3149 5109/2230/3149
f 5089/2208/3150 5104/2225/3150 5109/2230/3150 5092/2211/3150
f 5106/2227/3151 5091/2210/3151 5095/2214/3151 5110/2231/3151
f 5107/2228/3152 5106/2227/3152 5110/2231/3152 5111/2232/3152
f 5112/2233/3153 5109/2230/3153 5108/2229/3153 5113/2234/3153
f 5097/2216/3154 5092/2211/3154 5109/2230/3154 5112/2233/3154
f 5110/2231/3155 5095/2214/3155 5099/2218/3155 5114/2235/3155
f 5111/2232/3156 5110/2231/3156 5114/2235/3156 5115/2236/3156
f 5114/2237/3157 5112/2233/3157 5113/2234/3157 5115/2238/3157
f 5097/2216/3158 5112/2233/3158 5114/2237/3158 5099/2219/3158
f 5116/2239/3159 5117/2240/3159 5118/2241/3159 5119/2242/3159
f 5120/2239/3160 5121/2240/3160 5122/2241/3160 5123/2242/3160
f 5124/2243/3049 5125/2244/3049 5120/2240/3049 5123/2241/3049
f 5124/2244/3161 5123/2240/3161 5122/2241/3161 5126/2243/3161
f 5121/2239/2939 5127/2245/2939 5126/2246/2939 5122/2242/2939
f 5128/2247/3055 5127/2244/3055 5125/2243/3055 5129/2248/3055
f 5130/2249/2939 5128/2250/2939 5116/2240/2939 5119/2241/2939
f 5127/2245/2939 5128/2250/2939 5130/2249/2939 5126/2246/2939
f 5131/2248/3049 5129/2247/3049 5125/2244/3049 5124/2243/3049
f 5117/2239/3049 5129/2247/3049 5131/2248/3049 5118/2242/3049
f 5130/2248/3162 5119/2242/3162 5118/2239/3162 5131/2247/3162
f 5124/2244/3080 5126/2243/3080 5130/2248/3080 5131/2247/3080
f 5132/2243/3049 5133/2241/3049 5120/2241/3049 5125/2243/3049
f 5133/2241/3163 5134/2240/3163 5121/2240/3163 5120/2241/3163
f 5121/2240/2939 5134/2240/2939 5135/2244/2939 5127/2244/2939
f 5127/2244/3164 5135/2244/3164 5132/2243/3164 5125/2243/3164
f 5133/2241/3165 5132/2243/3165 5135/2244/3165 5134/2240/3165
f 5136/2247/2939 5137/2239/2939 5116/2239/2939 5128/2247/2939
f 5137/2239/3166 5138/2242/3166 5117/2242/3166 5116/2239/3166
f 5117/2242/3049 5138/2242/3049 5139/2248/3049 5129/2248/3049
f 5139/2248/3167 5136/2247/3167 5128/2247/3167 5129/2248/3167
f 5138/2242/3168 5137/2239/3168 5136/2247/3168 5139/2248/3168
f 5111/2251/3169 5115/2252/3169 5140/2252/3169 5141/2251/3169
f 5141/2251/3170 5140/2252/3170 5142/2253/3170
f 5107/2254/3171 5111/2251/3171 5141/2251/3171 5143/2254/3171
f 5143/2254/3172 5141/2251/3172 5142/2253/3172
f 5103/2255/3173 5107/2254/3173 5143/2254/3173 5144/2255/3173
f 5144/2255/3174 5143/2254/3174 5142/2253/3174
f 5102/2256/3175 5103/2255/3175 5144/2255/3175 5145/2256/3175
f 5145/2256/3176 5144/2255/3176 5142/2257/3176
f 5105/2258/3177 5102/2256/3177 5145/2256/3177 5146/2258/3177
f 5146/2258/3178 5145/2256/3178 5142/2257/3178
f 5108/2259/3179 5105/2258/3179 5146/2258/3179 5147/2259/3179
f 5147/2259/3180 5146/2258/3180 5142/2260/3180
f 5113/2261/3181 5108/2259/3181 5147/2259/3181 5148/2261/3181
f 5148/2261/3182 5147/2259/3182 5142/2260/3182
f 5115/2262/3183 5113/2261/3183 5148/2261/3183 5140/2262/3183
f 5140/2262/3184 5148/2261/3184 5142/2260/3184
f 5149/2239/3159 5150/2240/3159 5151/2241/3159 5152/2242/3159
f 5153/2239/3160 5154/2240/3160 5155/2241/3160 5156/2242/3160
f 5157/2243/3049 5158/2244/3049 5153/2240/3049 5156/2241/3049
f 5157/2244/3161 5156/2240/3161 5155/2241/3161 5159/2243/3161
f 5154/2239/2939 5160/2245/2939 5159/2246/2939 5155/2242/2939
f 5161/2247/3055 5160/2244/3055 5158/2243/3055 5162/2248/3055
f 5163/2249/2939 5161/2250/2939 5149/2240/2939 5152/2241/2939
f 5160/2245/2939 5161/2250/2939 5163/2249/2939 5159/2246/2939
f 5164/2248/3049 5162/2247/3049 5158/2244/3049 5157/2243/3049
f 5150/2239/3049 5162/2247/3049 5164/2248/3049 5151/2242/3049
f 5163/2248/3162 5152/2242/3162 5151/2239/3162 5164/2247/3162
f 5157/2244/3080 5159/2243/3080 5163/2248/3080 5164/2247/3080
f 5165/2243/3185 5166/2241/3185 5153/2241/3185 5158/2243/3185
f 5166/2241/3163 5167/2240/3163 5154/2240/3163 5153/2241/3163
f 5154/2240/2939 5167/2240/2939 5168/2244/2939 5160/2244/2939
f 5160/2244/3164 5168/2244/3164 5165/2243/3164 5158/2243/3164
f 5166/2241/3165 5165/2243/3165 5168/2244/3165 5167/2240/3165
f 5169/2247/2939 5170/2239/2939 5149/2239/2939 5161/2247/2939
f 5170/2239/3166 5171/2242/3166 5150/2242/3166 5149/2239/3166
f 5150/2242/3186 5171/2242/3186 5172/2248/3186 5162/2248/3186
f 5172/2248/3167 5169/2247/3167 5161/2247/3167 5162/2248/3167
f 5171/2242/3168 5170/2239/3168 5169/2247/3168 5172/2248/3168
f 4743/2263/3187 4742/2264/3187 5180/2264/3187 5187/2263/3187
f 5176/2265/3188 5177/2266/3188 5185/2266/3188 5184/2265/3188
f 5175/2265/3189 5174/2265/3189 5182/2265/3189 5183/2265/3189
f 5173/2265/3190 5175/2265/3190 5183/2265/3190 5181/2265/3190
f 4741/2265/3191 5173/2265/3191 5181/2265/3191 5195/2265/3191
f 4741/2265/3192 5193/2267/3192 5190/2268/3192
f 5188/2269/3193 5180/2264/3193 4742/2264/3193
f 4742/2264/3194 4741/2265/3194 5190/2268/3194 5188/2269/3194
f 5179/2266/3195 4737/2266/3195 5186/2266/3195 5189/2266/3195
f 5179/2266/3196 5189/2266/3196 5191/2266/3196
f 5178/2266/3197 5179/2266/3197 5192/2266/3197 5194/2266/3197
f 5193/2267/3198 4741/2270/3198 5195/2265/3198
f 5179/2266/3199 5191/2266/3199 5192/2266/3199
f 5185/2266/3200 5177/2266/3200 5178/2266/3200 5194/2266/3200
f 5197/2265/3201 5182/2265/3201 5174/2265/3201 5176/2265/3201
f 5176/2265/3202 5184/2265/3202 5197/2265/3202
f 5196/2271/3203 5194/2266/3203 5192/2266/3203 5198/2272/3203
f 5198/2272/3204 5193/2267/3204 5195/2265/3204 5196/2271/3204
f 5199/2273/3205 5191/2266/3205 5189/2266/3205 5200/2274/3205
f 5200/2274/3206 5188/2269/3206 5190/2268/3206 5199/2273/3206
f 5201/2275/3207 5186/2266/3207 5202/2276/3207
f 5202/2276/3208 5187/2263/3208 5180/2264/3208 5201/2275/3208
f 5202/2276/3209 5186/2266/3209 4737/2266/3209 4744/2277/3209
f 4744/2277/3210 4743/2263/3210 5187/2263/3210 5202/2276/3210
f 5195/2265/3211 5181/2265/3211 5204/2265/3211 5217/2265/3211
f 5196/2271/3212 5195/2265/3212 5217/2265/3212 5219/2271/3212
f 5194/2266/3213 5196/2271/3213 5219/2271/3213 5216/2266/3213
f 5185/2266/3214 5194/2266/3214 5216/2266/3214 5208/2266/3214
f 5184/2265/3215 5185/2266/3215 5208/2266/3215 5207/2265/3215
f 5182/2265/3216 5197/2265/3216 5221/2265/3216 5205/2265/3216
f 5183/2265/3217 5182/2265/3217 5205/2265/3217 5206/2265/3217
f 5181/2265/3218 5183/2265/3218 5206/2265/3218 5204/2265/3218
f 5197/2265/3219 5184/2265/3219 5207/2265/3219 5221/2265/3219
f 5191/2266/3220 5199/2273/3220 5223/2273/3220 5213/2266/3220
f 5192/2266/3221 5191/2266/3221 5213/2266/3221 5214/2266/3221
f 5198/2272/3222 5192/2266/3222 5214/2266/3222 5222/2272/3222
f 5193/2267/3223 5198/2272/3223 5222/2272/3223 5215/2267/3223
f 5190/2268/3224 5193/2267/3224 5215/2267/3224 5212/2268/3224
f 5199/2273/3225 5190/2268/3225 5212/2268/3225 5223/2273/3225
f 5186/2266/3226 5201/2275/3226 5225/2275/3226 5209/2266/3226
f 5189/2266/3227 5186/2266/3227 5209/2266/3227 5211/2266/3227
f 5200/2274/3228 5189/2266/3228 5211/2266/3228 5224/2274/3228
f 5188/2269/3229 5200/2274/3229 5224/2274/3229 5210/2269/3229
f 5180/2264/3230 5188/2269/3230 5210/2269/3230 5203/2264/3230
f 5201/2275/3231 5180/2264/3231 5203/2264/3231 5225/2275/3231
f 5216/2278/3232 5219/2279/3232 5230/2279/3232 5228/2278/3232
f 5208/2278/3233 5216/2278/3233 5228/2278/3233 5227/2278/3233
f 5219/2279/3234 5218/2280/3234 5229/2280/3234 5230/2279/3234
f 5229/2280/3235 5227/2278/3235 5228/2278/3235 5230/2279/3235
f 5207/2281/3236 5208/2278/3236 5227/2278/3236 5226/2281/3236
f 5218/2280/3237 5220/2281/3237 5231/2281/3237 5229/2280/3237
f 5231/2281/3238 5226/2281/3238 5227/2278/3238 5229/2280/3238
f 5221/2281/3239 5207/2281/3239 5226/2281/3239 5232/2281/3239
f 5220/2281/3240 5221/2281/3240 5232/2281/3240 5231/2281/3240
f 5232/2281/3241 5226/2281/3241 5231/2281/3241
f 5213/2278/3242 5223/2282/3242 5236/2282/3242 5233/2278/3242
f 5214/2278/3243 5213/2278/3243 5233/2278/3243 5234/2278/3243
f 5222/2283/3244 5214/2278/3244 5234/2278/3244 5235/2283/3244
f 5223/2282/3245 5222/2283/3245 5235/2283/3245 5236/2282/3245
f 5235/2283/3246 5234/2278/3246 5233/2278/3246 5236/2282/3246
f 5244/2264/3247 4779/2264/3247 4780/2263/3247 5251/2263/3247
f 5249/2266/3248 5241/2266/3248 5240/2265/3248 5248/2265/3248
f 5246/2265/3249 5238/2265/3249 5239/2265/3249 5247/2265/3249
f 5247/2265/3250 5239/2265/3250 5237/2265/3250 5245/2265/3250
f 5245/2265/3251 5237/2265/3251 4778/2265/3251 5259/2265/3251
f 5257/2267/3252 4778/2265/3252 5254/2268/3252
f 5244/2264/3253 5252/2269/3253 4779/2264/3253
f 5254/2268/3254 4778/2265/3254 4779/2264/3254 5252/2269/3254
f 5250/2266/3255 4776/2266/3255 5243/2266/3255 5253/2266/3255
f 5253/2266/3256 5243/2266/3256 5255/2266/3256
f 5256/2266/3257 5243/2266/3257 5242/2266/3257 5258/2266/3257
f 4778/2270/3258 5257/2267/3258 5259/2265/3258
f 5255/2266/3259 5243/2266/3259 5256/2266/3259
f 5242/2266/3260 5241/2266/3260 5249/2266/3260 5258/2266/3260
f 5238/2265/3261 5246/2265/3261 5261/2265/3261 5240/2265/3261
f 5248/2265/3262 5240/2265/3262 5261/2265/3262
f 5256/2266/3263 5258/2266/3263 5260/2271/3263 5262/2272/3263
f 5259/2265/3264 5257/2267/3264 5262/2272/3264 5260/2271/3264
f 5253/2266/3265 5255/2266/3265 5263/2273/3265 5264/2274/3265
f 5254/2268/3266 5252/2269/3266 5264/2274/3266 5263/2273/3266
f 5250/2266/3267 5265/2275/3267 5266/2276/3267
f 5244/2264/3268 5251/2263/3268 5266/2276/3268 5265/2275/3268
f 4776/2266/3269 5250/2266/3269 5266/2276/3269 4781/2277/3269
f 5251/2263/3270 4780/2263/3270 4781/2277/3270 5266/2276/3270
f 5268/2265/3271 5245/2265/3271 5259/2265/3271 5281/2265/3271
f 5281/2265/3272 5259/2265/3272 5260/2271/3272 5283/2271/3272
f 5283/2271/3273 5260/2271/3273 5258/2266/3273 5280/2266/3273
f 5280/2266/3274 5258/2266/3274 5249/2266/3274 5272/2266/3274
f 5272/2266/3275 5249/2266/3275 5248/2265/3275 5271/2265/3275
f 5285/2265/3276 5261/2265/3276 5246/2265/3276 5269/2265/3276
f 5269/2265/3277 5246/2265/3277 5247/2265/3277 5270/2265/3277
f 5270/2265/3278 5247/2265/3278 5245/2265/3278 5268/2265/3278
f 5271/2265/3279 5248/2265/3279 5261/2265/3279 5285/2265/3279
f 5287/2273/3280 5263/2273/3280 5255/2266/3280 5277/2266/3280
f 5277/2266/3281 5255/2266/3281 5256/2266/3281 5278/2266/3281
f 5278/2266/3282 5256/2266/3282 5262/2272/3282 5286/2272/3282
f 5286/2272/3283 5262/2272/3283 5257/2267/3283 5279/2267/3283
f 5279/2267/3284 5257/2267/3284 5254/2268/3284 5276/2268/3284
f 5276/2268/3285 5254/2268/3285 5263/2273/3285 5287/2273/3285
f 5289/2275/3286 5265/2275/3286 5250/2266/3286 5273/2266/3286
f 5273/2266/3287 5250/2266/3287 5253/2266/3287 5275/2266/3287
f 5275/2266/3288 5253/2266/3288 5264/2274/3288 5288/2274/3288
f 5288/2274/3289 5264/2274/3289 5252/2269/3289 5274/2269/3289
f 5274/2269/3290 5252/2269/3290 5244/2264/3290 5267/2264/3290
f 5267/2264/3291 5244/2264/3291 5265/2275/3291 5289/2275/3291
f 5294/2279/3292 5283/2279/3292 5280/2278/3292 5292/2278/3292
f 5292/2278/3293 5280/2278/3293 5272/2278/3293 5291/2278/3293
f 5293/2280/3294 5282/2280/3294 5283/2279/3294 5294/2279/3294
f 5292/2278/3295 5291/2278/3295 5293/2280/3295 5294/2279/3295
f 5291/2278/3296 5272/2278/3296 5271/2281/3296 5290/2281/3296
f 5295/2281/3297 5284/2281/3297 5282/2280/3297 5293/2280/3297
f 5291/2278/3298 5290/2281/3298 5295/2281/3298 5293/2280/3298
f 5290/2281/3299 5271/2281/3299 5285/2281/3299 5296/2281/3299
f 5296/2281/3300 5285/2281/3300 5284/2281/3300 5295/2281/3300
f 5290/2281/3301 5296/2281/3301 5295/2281/3301
f 5300/2282/3302 5287/2282/3302 5277/2278/3302 5297/2278/3302
f 5297/2278/3303 5277/2278/3303 5278/2278/3303 5298/2278/3303
f 5298/2278/3304 5278/2278/3304 5286/2283/3304 5299/2283/3304
f 5299/2283/3305 5286/2283/3305 5287/2282/3305 5300/2282/3305
f 5297/2278/3306 5298/2278/3306 5299/2283/3306 5300/2282/3306
f 5301/2284/3307 5302/2285/3307 5303/2285/3307 5304/2284/3307
f 5305/2286/2696 5301/2284/2696 5304/2284/2696 5306/2286/2696
f 5307/2287/3308 5305/2286/3308 5306/2286/3308 5308/2287/3308
f 5302/2285/2715 5307/2287/2715 5308/2287/2715 5303/2285/2715
f 5304/2284/3309 5303/2285/3309 5309/2285/3309 5310/2284/3309
f 5306/2286/3310 5304/2284/3310 5310/2284/3310 5311/2286/3310
f 5308/2287/3311 5306/2286/3311 5311/2286/3311 5312/2287/3311
f 5303/2285/3312 5308/2287/3312 5312/2287/3312 5309/2285/3312
f 5310/2284/3313 5309/2285/3313 5313/2285/3313 5314/2284/3313
f 5311/2286/2696 5310/2284/2696 5314/2284/2696 5315/2286/2696
f 5312/2287/3314 5311/2286/3314 5315/2286/3314 5316/2287/3314
f 5309/2285/2715 5312/2287/2715 5316/2287/2715 5313/2285/2715
f 5314/2288/3315 5313/2289/3315 5317/2289/3315 5318/2288/3315
f 5318/2288/3316 5317/2289/3316 5319/2289/3316 5320/2288/3316
f 5315/2290/3317 5314/2288/3317 5318/2288/3317 5321/2290/3317
f 5321/2290/3318 5318/2288/3318 5320/2288/3318 5322/2290/3318
f 5316/2291/3319 5315/2290/3319 5321/2290/3319 5323/2291/3319
f 5323/2291/3320 5321/2290/3320 5322/2290/3320 5324/2291/3320
f 5313/2289/3321 5316/2291/3321 5323/2291/3321 5317/2289/3321
f 5317/2289/3322 5323/2291/3322 5324/2291/3322 5319/2289/3322
f 5324/2291/3323 5322/2290/3323 5320/2288/3323 5319/2289/3323
f 5325/2292/3324 5326/2293/3324 5327/2294/3324 5328/2295/3324
f 5326/2292/3325 5329/2293/3325 5330/2294/3325 5327/2295/3325
f 5329/2292/3326 5331/2293/3326 5332/2294/3326 5330/2295/3326
f 5331/2292/3327 5325/2293/3327 5328/2294/3327 5332/2295/3327
f 5328/2292/3328 5327/2293/3328 5330/2294/3328 5332/2295/3328
f 5331/2292/3329 5329/2293/3329 5326/2294/3329 5325/2295/3329
f 4442/2036/3330 5334/2036/3330 5333/2036/3330 4441/2036/3330
f 5334/2036/3330 4443/2036/3330 4440/2036/3330 5333/2036/3330
f 4439/2036/3331 5335/2036/3331 5333/2036/3331 4440/2036/3331
f 5335/2036/3331 4438/2036/3331 4441/2036/3331 5333/2036/3331
f 4444/2036/3332 5336/2036/3332 5334/2036/3332 4442/2036/3332
f 5336/2036/3332 4445/2036/3332 4443/2036/3332 5334/2036/3332
f 4436/2036/3333 5337/2036/3333 5335/2036/3333 4439/2036/3333
f 5337/2036/3333 4437/2036/3333 4438/2036/3333 5335/2036/3333
f 4449/2036/3334 5338/2036/3334 5336/2036/3334 4444/2036/3334
f 5338/2036/3334 4448/2036/3334 4445/2036/3334 5336/2036/3334
f 4370/2036/3335 5339/2036/3335 5337/2036/3335 4436/2036/3335
f 5339/2036/3335 4410/2036/3335 4437/2036/3335 5337/2036/3335
f 4390/2031/3336 5341/2031/3336 5340/2032/3336 4395/2032/3336
f 5341/2031/3336 4430/2031/3336 4435/2032/3336 5340/2032/3336
f 4426/2025/3337 5342/2025/3337 5340/2032/3337 4435/2032/3337
f 5342/2025/3337 4386/2025/3337 4395/2032/3337 5340/2032/3337
f 4393/2034/3338 5343/2034/3338 5341/2031/3338 4390/2031/3338
f 5343/2034/3338 4433/2034/3338 4430/2031/3338 5341/2031/3338
f 4392/2035/3339 5344/2035/3339 5343/2034/3339 4393/2034/3339
f 5344/2035/3339 4432/2035/3339 4433/2034/3339 5343/2034/3339
f 4391/2033/3340 5345/2033/3340 5344/2035/3340 4392/2035/3340
f 5345/2033/3340 4431/2033/3340 4432/2035/3340 5344/2035/3340
f 4387/2027/3341 5346/2027/3341 5345/2033/3341 4391/2033/3341
f 5346/2027/3341 4427/2027/3341 4431/2033/3341 5345/2033/3341
f 4388/2028/3342 5347/2028/3342 5346/2027/3342 4387/2027/3342
f 5347/2028/3342 4428/2028/3342 4427/2027/3342 5346/2027/3342
f 4371/2021/3343 5348/2021/3343 5347/2028/3343 4388/2028/3343
f 5348/2021/3343 4411/2021/3343 4428/2028/3343 5347/2028/3343
f 4350/2296/3344 5350/2296/3344 5349/2296/3344 4353/2296/3344
f 5350/2296/3344 4351/2296/3344 4352/2296/3344 5349/2296/3344
f 4354/2296/3345 5351/2296/3345 5349/2296/3345 4352/2296/3345
f 5351/2296/3345 4355/2296/3345 4353/2296/3345 5349/2296/3345
f 4349/2296/3346 5352/2296/3346 5350/2296/3346 4350/2296/3346
f 5352/2296/3346 4348/2296/3346 4351/2296/3346 5350/2296/3346
f 4502/2045/3347 5354/2045/3347 5353/2046/3347 4503/2046/3347
f 5354/2045/3347 4530/2045/3347 4531/2046/3347 5353/2046/3347
f 4527/2047/3348 5355/2047/3348 5353/2046/3348 4531/2046/3348
f 5355/2047/3348 4498/2047/3348 4503/2046/3348 5353/2046/3348
f 4501/2044/3349 5356/2044/3349 5354/2045/3349 4502/2045/3349
f 5356/2044/3349 4529/2044/3349 4530/2045/3349 5354/2045/3349
f 4348/2048/2857 5352/2048/2857 5355/2047/2857 4527/2047/2857
f 5352/2048/2857 4349/2048/2857 4498/2047/2857 5355/2047/2857
f 4500/2043/3350 5357/2043/3350 5356/2044/3350 4501/2044/3350
f 5357/2043/3350 4528/2043/3350 4529/2044/3350 5356/2044/3350
f 4499/2042/3351 5357/2043/3351 4500/2043/3351
f 4499/2042/3351 4528/2043/3351 5357/2043/3351
f 5338/2036/3352 5358/2036/3352 5359/2036/3352 4448/2036/3352
f 4449/2036/3353 5360/2036/3353 5358/2036/3353 5338/2036/3353
f 5364/2297/3354 5363/2297/3354 5362/2297/3354 5361/2297/3354
f 5366/2297/3355 5365/2297/3355 5364/2297/3355 5361/2297/3355
f 5366/2297/3356 5369/2297/3356 5368/2297/3356 5367/2297/3356
f 5367/2297/3357 5368/2297/3357 5371/2297/3357 5370/2297/3357
f 5367/2297/3355 5370/2297/3355 5365/2297/3355 5366/2297/3355
f 5373/2297/3358 5372/2297/3358 5363/2297/3358 5364/2297/3358
f 5365/2297/3332 5374/2297/3332 5373/2297/3332 5364/2297/3332
f 5370/2297/3359 5371/2297/3359 5376/2297/3359 5375/2297/3359
f 5370/2297/3332 5375/2297/3332 5374/2297/3332 5365/2297/3332
f 5378/2297/3360 5377/2297/3360 5372/2297/3360 5373/2297/3360
f 5374/2297/3361 5379/2297/3361 5378/2297/3361 5373/2297/3361
f 5375/2297/3362 5376/2297/3362 5381/2297/3362 5380/2297/3362
f 5375/2297/3361 5380/2297/3361 5379/2297/3361 5374/2297/3361
f 5385/2297/3363 5384/2297/3363 5383/2297/3363 5382/2297/3363
f 5382/2297/3364 5383/2297/3364 5377/2297/3364 5378/2297/3364
f 5379/2297/3365 5385/2297/3365 5382/2297/3365 5378/2297/3365
f 5380/2297/3366 5381/2297/3366 5387/2297/3366 5386/2297/3366
f 5386/2297/3363 5387/2297/3363 5384/2297/3363 5385/2297/3363
f 5380/2297/3367 5386/2297/3367 5385/2297/3367 5379/2297/3367
f 5389/2297/3368 5366/2297/3368 5361/2297/3368 5388/2297/3368
f 5388/2297/3369 5361/2297/3369 5362/2297/3369 5390/2297/3369
f 5390/2297/3370 5362/2297/3370 5369/2297/3370 5391/2297/3370
f 5391/2297/3371 5369/2297/3371 5366/2297/3371 5389/2297/3371
f 5388/2297/3372 5390/2297/3372 5391/2297/3372 5389/2297/3372
f 5395/2298/3373 5394/2298/3373 5393/2298/3373 5392/2298/3373
f 5397/2298/3374 5395/2298/3374 5392/2298/3374 5396/2298/3374
f 5392/2298/3375 5393/2298/3375 5398/2298/3375 5396/2298/3375
f 5401/2298/3376 5400/2298/3376 5398/2298/3376 5399/2298/3376
f 5403/2298/3377 5401/2298/3377 5399/2298/3377 5402/2298/3377
f 5394/2298/3373 5403/2298/3373 5402/2298/3373 5393/2298/3373
f 5393/2298/3378 5402/2298/3378 5399/2298/3378 5398/2298/3378
f 5405/2298/3379 5397/2298/3379 5396/2298/3379 5404/2298/3379
f 5400/2298/3380 5407/2298/3380 5406/2298/3380 5398/2298/3380
f 5406/2298/3381 5404/2298/3381 5396/2298/3381 5398/2298/3381
f 5407/2298/3382 5409/2298/3382 5408/2298/3382 5406/2298/3382
f 5409/2298/3383 5411/2298/3383 5410/2298/3383 5408/2298/3383
f 5410/2298/3384 5412/2298/3384 5406/2298/3384 5408/2298/3384
f 5414/2298/3385 5405/2298/3385 5404/2298/3385 5413/2298/3385
f 5412/2298/3386 5413/2298/3386 5404/2298/3386 5406/2298/3386
f 5411/2298/3387 5416/2298/3387 5415/2298/3387 5410/2298/3387
f 5415/2298/3386 5417/2298/3386 5412/2298/3386 5410/2298/3386
f 5419/2298/3388 5414/2298/3388 5413/2298/3388 5418/2298/3388
f 5417/2298/3386 5418/2298/3386 5413/2298/3386 5412/2298/3386
f 5423/2298/3389 5422/2298/3389 5421/2298/3389 5420/2298/3389
f 5416/2298/3390 5423/2298/3390 5420/2298/3390 5415/2298/3390
f 5420/2298/3080 5421/2298/3080 5417/2298/3080 5415/2298/3080
f 5425/2298/3391 5419/2298/3391 5418/2298/3391 5424/2298/3391
f 5422/2298/3389 5425/2298/3389 5424/2298/3389 5421/2298/3389
f 5421/2298/3080 5424/2298/3080 5418/2298/3080 5417/2298/3080
f 5429/2298/3373 5428/2298/3373 5427/2298/3373 5426/2298/3373
f 5426/2298/3392 5427/2298/3392 5431/2298/3392 5430/2298/3392
f 5432/2298/3393 5429/2298/3393 5426/2298/3393 5430/2298/3393
f 5432/2298/3376 5435/2298/3376 5434/2298/3376 5433/2298/3376
f 5433/2298/3394 5434/2298/3394 5437/2298/3394 5436/2298/3394
f 5436/2298/3373 5437/2298/3373 5428/2298/3373 5429/2298/3373
f 5433/2298/3378 5436/2298/3378 5429/2298/3378 5432/2298/3378
f 5430/2298/3395 5431/2298/3395 5439/2298/3395 5438/2298/3395
f 5441/2298/3396 5440/2298/3396 5435/2298/3396 5432/2298/3396
f 5430/2298/3381 5438/2298/3381 5441/2298/3381 5432/2298/3381
f 5443/2298/3397 5442/2298/3397 5440/2298/3397 5441/2298/3397
f 5445/2298/3398 5444/2298/3398 5442/2298/3398 5443/2298/3398
f 5441/2298/3384 5446/2298/3384 5445/2298/3384 5443/2298/3384
f 5438/2298/3399 5439/2298/3399 5448/2298/3399 5447/2298/3399
f 5438/2298/3386 5447/2298/3386 5446/2298/3386 5441/2298/3386
f 5450/2298/3400 5449/2298/3400 5444/2298/3400 5445/2298/3400
f 5446/2298/3386 5451/2298/3386 5450/2298/3386 5445/2298/3386
f 5447/2298/3401 5448/2298/3401 5453/2298/3401 5452/2298/3401
f 5447/2298/3386 5452/2298/3386 5451/2298/3386 5446/2298/3386
f 5457/2298/3389 5456/2298/3389 5455/2298/3389 5454/2298/3389
f 5454/2298/3402 5455/2298/3402 5449/2298/3402 5450/2298/3402
f 5451/2298/3080 5457/2298/3080 5454/2298/3080 5450/2298/3080
f 5452/2298/3403 5453/2298/3403 5459/2298/3403 5458/2298/3403
f 5458/2298/3389 5459/2298/3389 5456/2298/3389 5457/2298/3389
f 5452/2298/3080 5458/2298/3080 5457/2298/3080 5451/2298/3080
f 5463/2299/3404 5462/2299/3404 5461/2299/3404 5460/2299/3404
f 5467/2299/3405 5466/2299/3405 5465/2299/3405 5464/2299/3405
f 5462/2299/2696 5467/2299/2696 5464/2299/2696 5461/2299/2696
f 5464/2299/3406 5465/2299/3406 5460/2299/3406 5461/2299/3406
f 5469/2299/3404 5463/2299/3404 5460/2299/3404 5468/2299/3404
f 5471/2299/2715 5469/2299/2715 5468/2299/2715 5470/2299/2715
f 5466/2299/3405 5471/2299/3405 5470/2299/3405 5465/2299/3405
f 5465/2299/3406 5470/2299/3406 5468/2299/3406 5460/2299/3406
f 5475/2299/2715 5474/2299/2715 5473/2299/2715 5472/2299/2715
f 5477/2299/3405 5475/2299/3405 5472/2299/3405 5476/2299/3405
f 5474/2299/3404 5479/2299/3404 5478/2299/3404 5473/2299/3404
f 5478/2299/3406 5476/2299/3406 5472/2299/3406 5473/2299/3406
f 5481/2299/3405 5477/2299/3405 5476/2299/3405 5480/2299/3405
f 5483/2299/2696 5481/2299/2696 5480/2299/2696 5482/2299/2696
f 5479/2299/3404 5483/2299/3404 5482/2299/3404 5478/2299/3404
f 5482/2299/3406 5480/2299/3406 5476/2299/3406 5478/2299/3406
f 5487/2299/3404 5486/2299/3404 5485/2299/3404 5484/2299/3404
f 5491/2299/3405 5490/2299/3405 5489/2299/3405 5488/2299/3405
f 5486/2299/2696 5491/2299/2696 5488/2299/2696 5485/2299/2696
f 5488/2299/3406 5489/2299/3406 5484/2299/3406 5485/2299/3406
f 5493/2299/3404 5487/2299/3404 5484/2299/3404 5492/2299/3404
f 5495/2299/2715 5493/2299/2715 5492/2299/2715 5494/2299/2715
f 5490/2299/3405 5495/2299/3405 5494/2299/3405 5489/2299/3405
f 5489/2299/3406 5494/2299/3406 5492/2299/3406 5484/2299/3406
f 5499/2299/2715 5498/2299/2715 5497/2299/2715 5496/2299/2715
f 5501/2299/3405 5499/2299/3405 5496/2299/3405 5500/2299/3405
f 5498/2299/3404 5503/2299/3404 5502/2299/3404 5497/2299/3404
f 5502/2299/3406 5500/2299/3406 5496/2299/3406 5497/2299/3406
f 5505/2299/3405 5501/2299/3405 5500/2299/3405 5504/2299/3405
f 5507/2299/2696 5505/2299/2696 5504/2299/2696 5506/2299/2696
f 5503/2299/3404 5507/2299/3404 5506/2299/3404 5502/2299/3404
f 5506/2299/3406 5504/2299/3406 5500/2299/3406 5502/2299/3406
f 5511/2300/3404 5510/2300/3404 5509/2300/3404 5508/2300/3404
f 5515/2300/3405 5514/2300/3405 5513/2300/3405 5512/2300/3405
f 5510/2300/2696 5515/2300/2696 5512/2300/2696 5509/2300/2696
f 5512/2300/3406 5513/2300/3406 5508/2300/3406 5509/2300/3406
f 5517/2300/3407 5511/2300/3407 5508/2300/3407 5516/2300/3407
f 5519/2300/2715 5517/2300/2715 5516/2300/2715 5518/2300/2715
f 5514/2300/3405 5519/2300/3405 5518/2300/3405 5513/2300/3405
f 5513/2300/3406 5518/2300/3406 5516/2300/3406 5508/2300/3406
f 5523/2300/3408 5522/2300/3408 5521/2300/3408 5520/2300/3408
f 5525/2300/3409 5523/2300/3409 5520/2300/3409 5524/2300/3409
f 5527/2300/3405 5525/2300/3405 5524/2300/3405 5526/2300/3405
f 5522/2300/2696 5527/2300/2696 5526/2300/2696 5521/2300/2696
f 5526/2300/3406 5524/2300/3406 5520/2300/3406 5521/2300/3406
f 5531/2300/2715 5530/2300/2715 5529/2300/2715 5528/2300/2715
f 5533/2300/3405 5531/2300/3405 5528/2300/3405 5532/2300/3405
f 5530/2300/3404 5535/2300/3404 5534/2300/3404 5529/2300/3404
f 5534/2300/3406 5532/2300/3406 5528/2300/3406 5529/2300/3406
f 5537/2300/3405 5533/2300/3405 5532/2300/3405 5536/2300/3405
f 5539/2300/2696 5537/2300/2696 5536/2300/2696 5538/2300/2696
f 5535/2300/3407 5539/2300/3407 5538/2300/3407 5534/2300/3407
f 5538/2300/3406 5536/2300/3406 5532/2300/3406 5534/2300/3406
f 5543/2300/2715 5542/2300/2715 5541/2300/2715 5540/2300/2715
f 5545/2300/3405 5543/2300/3405 5540/2300/3405 5544/2300/3405
f 5547/2300/3410 5545/2300/3410 5544/2300/3410 5546/2300/3410
f 5542/2300/3411 5547/2300/3411 5546/2300/3411 5541/2300/3411
f 5546/2300/3406 5544/2300/3406 5540/2300/3406 5541/2300/3406
f 5560/2301/3412 5561/2301/3412 5551/2302/3412 5555/2302/3412
f 5552/2303/3413 5548/2303/3413 5561/2301/3413 5560/2301/3413
f 5560/2301/3414 5562/2301/3414 5556/2303/3414 5552/2303/3414
f 5555/2302/3415 5559/2302/3415 5562/2301/3415 5560/2301/3415
f 5563/2304/3416 5564/2304/3416 5553/2305/3416 5557/2305/3416
f 5558/2306/3417 5554/2306/3417 5564/2304/3417 5563/2304/3417
f 5564/2304/3418 5565/2304/3418 5549/2305/3418 5553/2305/3418
f 5554/2306/3419 5550/2306/3419 5565/2304/3419 5564/2304/3419
f 5566/2307/3420 5567/2307/3420 5553/2305/3420 5549/2305/3420
f 5548/2303/3421 5552/2303/3421 5567/2307/3421 5566/2307/3421
f 5567/2307/3422 5568/2307/3422 5557/2305/3422 5553/2305/3422
f 5552/2303/3423 5556/2303/3423 5568/2307/3423 5567/2307/3423
f 5568/2308/3424 5569/2309/3424 5563/2310/3424 5557/2311/3424
f 5556/2312/3425 5562/2313/3425 5569/2309/3425 5568/2308/3425
f 5569/2309/3426 5570/2314/3426 5558/2315/3426 5563/2310/3426
f 5562/2313/3427 5559/2316/3427 5570/2314/3427 5569/2309/3427
f 5570/2317/3428 5571/2317/3428 5554/2306/3428 5558/2306/3428
f 5559/2302/3429 5555/2302/3429 5571/2317/3429 5570/2317/3429
f 5571/2317/3430 5572/2317/3430 5550/2306/3430 5554/2306/3430
f 5555/2302/3431 5551/2302/3431 5572/2317/3431 5571/2317/3431
f 5572/2317/3432 5574/2317/3432 5573/2306/3432 5550/2306/3432
f 5575/2304/3433 5565/2304/3433 5550/2306/3433 5573/2306/3433
f 5551/2302/3434 5576/2302/3434 5574/2317/3434 5572/2317/3434
f 5577/2305/3435 5549/2305/3435 5565/2304/3435 5575/2304/3435
f 5561/2301/3436 5578/2301/3436 5576/2302/3436 5551/2302/3436
f 5579/2307/3437 5566/2307/3437 5549/2305/3437 5577/2305/3437
f 5548/2303/3438 5580/2303/3438 5578/2301/3438 5561/2301/3438
f 5580/2303/3439 5548/2303/3439 5566/2307/3439 5579/2307/3439
f 5584/2302/3440 5594/2301/3440 5593/2301/3440 5588/2302/3440
f 5594/2301/3441 5581/2303/3441 5585/2303/3441 5593/2301/3441
f 5589/2303/3442 5595/2301/3442 5593/2301/3442 5585/2303/3442
f 5595/2301/3443 5592/2302/3443 5588/2302/3443 5593/2301/3443
f 5586/2305/3444 5597/2304/3444 5596/2304/3444 5590/2305/3444
f 5597/2304/3445 5587/2306/3445 5591/2306/3445 5596/2304/3445
f 5582/2305/3446 5598/2304/3446 5597/2304/3446 5586/2305/3446
f 5598/2304/3447 5583/2306/3447 5587/2306/3447 5597/2304/3447
f 5586/2305/3448 5600/2307/3448 5599/2307/3448 5582/2305/3448
f 5600/2307/3449 5585/2303/3449 5581/2303/3449 5599/2307/3449
f 5590/2305/3450 5601/2307/3450 5600/2307/3450 5586/2305/3450
f 5601/2307/3451 5589/2303/3451 5585/2303/3451 5600/2307/3451
f 5596/2310/3452 5602/2309/3452 5601/2308/3452 5590/2311/3452
f 5602/2309/3453 5595/2313/3453 5589/2312/3453 5601/2308/3453
f 5591/2315/3454 5603/2314/3454 5602/2309/3454 5596/2310/3454
f 5603/2314/3455 5592/2316/3455 5595/2313/3455 5602/2309/3455
f 5587/2306/3456 5604/2317/3456 5603/2317/3456 5591/2306/3456
f 5604/2317/3457 5588/2302/3457 5592/2302/3457 5603/2317/3457
f 5583/2306/3458 5605/2317/3458 5604/2317/3458 5587/2306/3458
f 5605/2317/3459 5584/2302/3459 5588/2302/3459 5604/2317/3459
f 5606/2306/3460 5607/2317/3460 5605/2317/3460 5583/2306/3460
f 5583/2306/3461 5598/2304/3461 5608/2304/3461 5606/2306/3461
f 5607/2317/3462 5609/2302/3462 5584/2302/3462 5605/2317/3462
f 5598/2304/3463 5582/2305/3463 5610/2305/3463 5608/2304/3463
f 5609/2302/3464 5611/2301/3464 5594/2301/3464 5584/2302/3464
f 5582/2305/3465 5599/2307/3465 5612/2307/3465 5610/2305/3465
f 5611/2301/3466 5613/2303/3466 5581/2303/3466 5594/2301/3466
f 5599/2307/3467 5581/2303/3467 5613/2303/3467 5612/2307/3467
f 5617/2318/3468 5615/2319/3468 5614/2320/3468 5616/2321/3468
f 5618/2322/3469 5619/2323/3469 5621/2324/3469 5620/2325/3469
f 5623/2326/3470 5622/2327/3470 5626/2327/3470 5627/2326/3470
f 5624/2328/3471 5623/2326/3471 5627/2326/3471 5628/2328/3471
f 5625/2329/3472 5624/2328/3472 5628/2328/3472 5629/2329/3472
f 5622/2327/3473 5625/2329/3473 5629/2329/3473 5626/2327/3473
f 5629/2329/3474 5628/2328/3474 5627/2326/3474 5626/2327/3474
f 5634/2327/3475 5630/2327/3475 5631/2326/3475 5635/2326/3475
f 5635/2326/3476 5631/2326/3476 5632/2328/3476 5636/2328/3476
f 5636/2328/3477 5632/2328/3477 5633/2329/3477 5637/2329/3477
f 5637/2329/3478 5633/2329/3478 5630/2327/3478 5634/2327/3478
f 5635/2326/3479 5636/2328/3479 5637/2329/3479 5634/2327/3479
f 4532/2047/3480 4526/2047/3480 4734/2053/3480
f 5638/2047/3481 5639/2047/3481 5640/2053/3481
f 4504/2047/3482 5644/2047/3482 5643/2053/3482 4736/2053/3482
f 5645/2053/3483 5643/2053/3483 5644/2047/3483
f 5644/2047/3484 5642/2047/3484 5641/2053/3484 5645/2053/3484
f 5650/2053/3485 5651/2047/3485 5646/2047/3485 5647/2053/3485
f 5650/2053/3486 5652/2053/3486 5651/2047/3486
f 5648/2053/3487 5649/2047/3487 5651/2047/3487 5652/2053/3487
f 5653/2053/3488 5656/2053/3488 5674/2053/3488 5671/2053/3488
f 5654/2053/3489 5653/2053/3489 5671/2053/3489 5672/2053/3489
f 5655/2330/3490 5654/2053/3490 5672/2053/3490 5673/2330/3490
f 5657/2330/3491 5655/2330/3491 5673/2330/3491 5675/2330/3491
f 5656/2053/3492 5662/2053/3492 5680/2053/3492 5674/2053/3492
f 5661/2330/3493 5657/2330/3493 5675/2330/3493 5679/2330/3493
f 5679/2330/3494 5675/2330/3494 5683/2330/3494
f 5660/2330/3495 5659/2330/3495 5677/2330/3495 5678/2330/3495
f 5686/2331/3496 5684/2332/3496 5678/2330/3496 5677/2330/3496
f 5686/2331/3497 5685/2333/3497 5684/2332/3497
f 5664/2330/3498 5663/2334/3498 5681/2334/3498 5682/2330/3498
f 5685/2333/3499 5686/2331/3499 5682/2330/3499 5681/2334/3499
f 5659/2335/3500 5658/2335/3500 5676/2335/3500 5677/2335/3500
f 5688/2335/3501 5677/2335/3501 5676/2335/3501 5687/2335/3501
f 5658/2335/3502 5661/2335/3502 5679/2335/3502 5676/2335/3502
f 5687/2335/3503 5676/2335/3503 5679/2335/3503 5689/2335/3503
f 5692/2336/3504 5686/2336/3504 5677/2335/3504 5688/2335/3504
f 5666/2335/3505 5664/2335/3505 5682/2335/3505 5691/2335/3505
f 5691/2335/3506 5682/2335/3506 5686/2336/3506 5692/2336/3506
f 5679/2335/3507 5683/2335/3507 5689/2335/3507
f 5662/2337/3508 5665/2337/3508 5690/2337/3508 5680/2337/3508
f 5665/2337/3509 5666/2335/3509 5691/2335/3509 5690/2337/3509
f 5663/2334/3510 5668/2334/3510 5694/2334/3510 5681/2334/3510
f 5668/2334/3511 5670/2333/3511 5696/2333/3511 5694/2334/3511
f 5696/2333/3512 5685/2333/3512 5681/2334/3512 5694/2334/3512
f 5670/2333/3513 5669/2332/3513 5695/2332/3513 5696/2333/3513
f 5695/2332/3514 5684/2332/3514 5685/2333/3514 5696/2333/3514
f 5667/2330/3515 5660/2330/3515 5678/2330/3515 5693/2330/3515
f 5669/2332/3516 5667/2330/3516 5693/2330/3516 5695/2332/3516
f 5693/2330/3517 5678/2330/3517 5684/2332/3517 5695/2332/3517
f 5714/2053/3518 5697/2053/3518 5698/2053/3518 5715/2053/3518
f 5715/2053/3519 5698/2053/3519 5699/2330/3519 5716/2330/3519
f 5716/2330/3520 5699/2330/3520 5700/2330/3520 5717/2330/3520
f 5717/2330/3521 5700/2330/3521 5704/2330/3521 5721/2330/3521
f 5717/2330/3522 5721/2330/3522 5725/2330/3522
f 5719/2330/3523 5702/2330/3523 5703/2330/3523 5720/2330/3523
f 5720/2330/3524 5726/2332/3524 5728/2331/3524 5719/2330/3524
f 5727/2333/3525 5728/2331/3525 5726/2332/3525
f 5723/2334/3526 5706/2334/3526 5707/2330/3526 5724/2330/3526
f 5724/2330/3527 5728/2331/3527 5727/2333/3527 5723/2334/3527
f 5718/2335/3528 5701/2335/3528 5702/2335/3528 5719/2335/3528
f 5718/2335/3529 5719/2335/3529 5730/2335/3529 5729/2335/3529
f 5721/2335/3530 5704/2335/3530 5701/2335/3530 5718/2335/3530
f 5721/2335/3531 5718/2335/3531 5729/2335/3531 5731/2335/3531
f 5719/2335/3532 5728/2336/3532 5734/2336/3532 5730/2335/3532
f 5724/2335/3533 5707/2335/3533 5709/2335/3533 5733/2335/3533
f 5728/2336/3534 5724/2335/3534 5733/2335/3534 5734/2336/3534
f 5725/2335/3535 5721/2335/3535 5731/2335/3535
f 5732/2337/3536 5708/2337/3536 5705/2337/3536 5722/2337/3536
f 5733/2335/3537 5709/2335/3537 5708/2337/3537 5732/2337/3537
f 5736/2334/3538 5711/2334/3538 5706/2334/3538 5723/2334/3538
f 5738/2333/3539 5713/2333/3539 5711/2334/3539 5736/2334/3539
f 5723/2334/3540 5727/2333/3540 5738/2333/3540 5736/2334/3540
f 5737/2332/3541 5712/2332/3541 5713/2333/3541 5738/2333/3541
f 5727/2333/3542 5726/2332/3542 5737/2332/3542 5738/2333/3542
f 5720/2330/3543 5703/2330/3543 5710/2330/3543 5735/2330/3543
f 5735/2330/3544 5710/2330/3544 5712/2332/3544 5737/2332/3544
f 5726/2332/3545 5720/2330/3545 5735/2330/3545 5737/2332/3545
f 5739/2097/3049 5740/2098/3049 5741/2099/3049 5742/2100/3049
f 5742/2100/2715 5741/2099/2715 5743/2101/2715 5744/2102/2715
f 5744/2102/2939 5743/2101/2939 5745/2103/2939 5746/2104/2939
f 5746/2104/2696 5745/2103/2696 5740/2105/2696 5739/2106/2696
f 5742/2107/3546 5744/2102/3546 5746/2104/3546 5739/2108/3546
f 5743/2101/3547 5741/2109/3547 5740/2110/3547 5745/2103/3547
f 5747/2338/3548 5748/2339/3548 5749/2340/3548 5750/2341/3548
f 5750/2341/3549 5751/2342/3549 5752/2343/3549 5747/2338/3549
f 5751/2342/3550 5753/2344/3550 5754/2345/3550 5752/2343/3550
f 5755/2346/3055 5756/2347/3055 5752/2348/3055 5754/2349/3055
f 5756/2347/3551 5748/2339/3551 5747/2338/3551 5752/2348/3551
f 5757/2350/2696 5758/2351/2696 5759/2352/2696 5760/2353/2696
f 5758/2351/3552 5761/2354/3552 5762/2355/3552 5759/2352/3552
f 5751/2356/3553 5750/2341/3553 5763/2341/3553 5764/2356/3553
f 5749/2340/3554 5765/2357/3554 5766/2357/3554 5767/2340/3554
f 5750/2341/3555 5749/2340/3555 5767/2340/3555 5763/2341/3555
f 5767/2340/3556 5766/2357/3556 5764/2356/3556 5763/2341/3556
f 5753/2358/3557 5751/2356/3557 5764/2356/3557 5768/2358/3557
f 5765/2357/3558 5769/2359/3558 5770/2359/3558 5766/2357/3558
f 5766/2357/3559 5770/2359/3559 5768/2358/3559 5764/2356/3559
f 5760/2360/3560 5771/2361/3560 5772/2362/3560 5757/2363/3560
f 5771/2361/3561 5755/2364/3561 5769/2365/3561 5772/2362/3561
f 5765/2357/3562 5773/2366/3562 5772/2367/3562 5769/2359/3562
f 5773/2366/3563 5758/2368/3563 5757/2369/3563 5772/2367/3563
f 5759/2370/3055 5774/2371/3055 5771/2372/3055 5760/2373/3055
f 5774/2371/3055 5756/2347/3055 5755/2346/3055 5771/2372/3055
f 5749/2340/3564 5775/2374/3564 5773/2366/3564 5765/2357/3564
f 5775/2374/3565 5761/2354/3565 5758/2368/3565 5773/2366/3565
f 5762/2355/3551 5776/2375/3551 5774/2371/3551 5759/2370/3551
f 5776/2375/3551 5748/2339/3551 5756/2347/3551 5774/2371/3551
f 5748/2339/2939 5776/2375/2939 5775/2374/2939 5749/2340/2939
f 5776/2375/2939 5762/2355/2939 5761/2354/2939 5775/2374/2939
f 5754/2345/3566 5753/2344/3566 5777/2344/3566 5778/2345/3566
f 5755/2364/3055 5754/2345/3055 5778/2345/3055 5779/2364/3055
f 5769/2365/2696 5755/2364/2696 5779/2364/2696 5780/2365/2696
f 5779/2364/3567 5778/2345/3567 5777/2344/3567 5780/2365/3567
f 5768/2358/3559 5770/2359/3559 5781/2359/3559 5782/2358/3559
f 5753/2358/3568 5768/2358/3568 5782/2358/3568 5777/2358/3568
f 5770/2359/3569 5769/2359/3569 5780/2359/3569 5781/2359/3569
f 5780/2359/3567 5777/2358/3567 5782/2358/3567 5781/2359/3567
f 5786/2376/3080 5785/2377/3080 5784/2378/3080 5783/2379/3080
f 5790/2380/3080 5789/2381/3080 5788/2382/3080 5787/2383/3080
f 5794/2383/3049 5793/2383/3049 5792/2382/3049 5791/2382/3049
f 5798/2378/3049 5797/2378/3049 5796/2379/3049 5795/2379/3049
f 5800/2380/2715 5799/2380/2715 5793/2383/2715 5794/2383/2715
f 5802/2377/2696 5801/2377/2696 5797/2378/2696 5798/2378/2696
f 5804/2381/2939 5803/2381/2939 5799/2380/2939 5800/2380/2939
f 5806/2376/2939 5805/2376/2939 5801/2377/2939 5802/2377/2939
f 5784/2378/3049 5808/2378/3049 5807/2379/3049 5783/2379/3049
f 5808/2378/3049 5798/2378/3049 5795/2379/3049 5807/2379/3049
f 5793/2383/3049 5810/2383/3049 5809/2382/3049 5792/2382/3049
f 5810/2383/3049 5787/2383/3049 5788/2382/3049 5809/2382/3049
f 5785/2377/2696 5811/2377/2696 5808/2378/2696 5784/2378/2696
f 5811/2377/2696 5802/2377/2696 5798/2378/2696 5808/2378/2696
f 5799/2380/2715 5812/2380/2715 5810/2383/2715 5793/2383/2715
f 5812/2380/2715 5790/2380/2715 5787/2383/2715 5810/2383/2715
f 5786/2376/2939 5813/2376/2939 5811/2377/2939 5785/2377/2939
f 5813/2376/2939 5806/2376/2939 5802/2377/2939 5811/2377/2939
f 5803/2381/2939 5814/2381/2939 5812/2380/2939 5799/2380/2939
f 5814/2381/2939 5789/2381/2939 5790/2380/2939 5812/2380/2939
f 5807/2379/2715 5795/2379/2715 5816/2379/2715 5815/2379/2715
f 5792/2382/2696 5809/2382/2696 5818/2382/2696 5817/2382/2696
f 5806/2376/2715 5813/2376/2715 5820/2376/2715 5819/2376/2715
f 5814/2381/2696 5803/2381/2696 5822/2381/2696 5821/2381/2696
f 5800/2380/3055 5794/2383/3055 5791/2382/3055 5804/2381/3055
f 5796/2379/3055 5797/2378/3055 5801/2377/3055 5805/2376/3055
f 5817/2382/3080 5824/2384/3080 5823/2384/3080 5792/2382/3080
f 5826/2385/3080 5822/2381/3080 5803/2381/3080 5825/2385/3080
f 5818/2386/3049 5827/2387/3049 5824/2388/3049 5817/2389/3049
f 5828/2387/2939 5821/2386/2939 5822/2389/2939 5826/2388/2939
f 5809/2382/3055 5829/2384/3055 5827/2384/3055 5818/2382/3055
f 5830/2385/3055 5814/2381/3055 5821/2381/3055 5828/2385/3055
f 5788/2382/3049 5831/2384/3049 5829/2384/3049 5809/2382/3049
f 5832/2385/2939 5789/2381/2939 5814/2381/2939 5830/2385/2939
f 5789/2381/3080 5832/2385/3080 5831/2384/3080 5788/2382/3080
f 5834/2390/3080 5823/2384/3080 5824/2384/3080 5833/2390/3080
f 5827/2387/3049 5835/2391/3049 5833/2392/3049 5824/2388/3049
f 5837/2390/3049 5836/2384/3049 5823/2384/3049 5834/2390/3049
f 5829/2384/3055 5838/2390/3055 5835/2390/3055 5827/2384/3055
f 5840/2393/3055 5839/2385/3055 5836/2384/3055 5837/2390/3055
f 5831/2384/3049 5841/2390/3049 5838/2390/3049 5829/2384/3049
f 5842/2393/2939 5825/2385/2939 5839/2385/2939 5840/2393/2939
f 5832/2385/3080 5843/2393/3080 5841/2390/3080 5831/2384/3080
f 5844/2393/3080 5826/2385/3080 5825/2385/3080 5842/2393/3080
f 5830/2385/2939 5845/2393/2939 5843/2393/2939 5832/2385/2939
f 5846/2391/2939 5828/2387/2939 5826/2388/2939 5844/2392/2939
f 5828/2385/3055 5846/2393/3055 5845/2393/3055 5830/2385/3055
f 5833/2390/3080 5848/2394/3080 5847/2394/3080 5834/2390/3080
f 5835/2391/3049 5849/2395/3049 5848/2396/3049 5833/2392/3049
f 5851/2397/3080 5844/2393/3080 5842/2393/3080 5850/2397/3080
f 5838/2390/3055 5852/2394/3055 5849/2394/3055 5835/2390/3055
f 5853/2395/2939 5846/2391/2939 5844/2392/2939 5851/2396/2939
f 5841/2390/3049 5854/2394/3049 5852/2394/3049 5838/2390/3049
f 5855/2397/3055 5845/2393/3055 5846/2393/3055 5853/2397/3055
f 5843/2393/3080 5856/2397/3080 5854/2394/3080 5841/2390/3080
f 5856/2397/2939 5843/2393/2939 5845/2393/2939 5855/2397/2939
f 5858/2398/3080 5847/2394/3080 5848/2394/3080 5857/2398/3080
f 5849/2395/3049 5859/2399/3049 5857/2400/3049 5848/2396/3049
f 5861/2398/3049 5860/2394/3049 5847/2394/3049 5858/2398/3049
f 5852/2394/3055 5862/2398/3055 5859/2398/3055 5849/2394/3055
f 5864/2401/3055 5863/2397/3055 5860/2394/3055 5861/2398/3055
f 5854/2394/3049 5865/2398/3049 5862/2398/3049 5852/2394/3049
f 5866/2401/2939 5850/2397/2939 5863/2397/2939 5864/2401/2939
f 5856/2397/3080 5867/2401/3080 5865/2398/3080 5854/2394/3080
f 5868/2401/3080 5851/2397/3080 5850/2397/3080 5866/2401/3080
f 5855/2397/2939 5869/2401/2939 5867/2401/2939 5856/2397/2939
f 5870/2399/2939 5853/2395/2939 5851/2396/2939 5868/2400/2939
f 5853/2397/3055 5870/2401/3055 5869/2401/3055 5855/2397/3055
f 5859/2399/3049 5872/2402/3049 5871/2403/3049 5857/2400/3049
f 5873/2404/3080 5858/2398/3080 5857/2398/3080 5871/2404/3080
f 5862/2398/3055 5874/2404/3055 5872/2404/3055 5859/2398/3055
f 5865/2398/3049 5875/2404/3049 5874/2404/3049 5862/2398/3049
f 5867/2401/3080 5876/2405/3080 5875/2404/3080 5865/2398/3080
f 5869/2401/2939 5877/2405/2939 5876/2405/2939 5867/2401/2939
f 5879/2405/3080 5868/2401/3080 5866/2401/3080 5878/2405/3080
f 5870/2401/3055 5880/2405/3055 5877/2405/3055 5869/2401/3055
f 5880/2402/2939 5870/2399/2939 5868/2400/2939 5879/2403/2939
f 5882/2406/3080 5873/2404/3080 5871/2404/3080 5881/2406/3080
f 5872/2402/3049 5883/2407/3049 5881/2408/3049 5871/2403/3049
f 5885/2406/3049 5884/2404/3049 5873/2404/3049 5882/2406/3049
f 5874/2404/3055 5886/2406/3055 5883/2406/3055 5872/2404/3055
f 5888/2409/3055 5887/2405/3055 5884/2404/3055 5885/2406/3055
f 5875/2404/3049 5889/2406/3049 5886/2406/3049 5874/2404/3049
f 5890/2409/2939 5878/2405/2939 5887/2405/2939 5888/2409/2939
f 5876/2405/3080 5891/2409/3080 5889/2406/3080 5875/2404/3080
f 5892/2409/3080 5879/2405/3080 5878/2405/3080 5890/2409/3080
f 5877/2405/2939 5893/2409/2939 5891/2409/2939 5876/2405/2939
f 5894/2407/2939 5880/2402/2939 5879/2403/2939 5892/2408/2939
f 5880/2405/3055 5894/2409/3055 5893/2409/3055 5877/2405/3055
f 5881/2406/3080 5896/2410/3080 5895/2410/3080 5882/2406/3080
f 5883/2407/3049 5897/2411/3049 5896/2412/3049 5881/2408/3049
f 5899/2413/3080 5892/2409/3080 5890/2409/3080 5898/2413/3080
f 5886/2406/3055 5900/2410/3055 5897/2410/3055 5883/2406/3055
f 5901/2411/2939 5894/2407/2939 5892/2408/2939 5899/2412/2939
f 5889/2406/3049 5902/2410/3049 5900/2410/3049 5886/2406/3049
f 5903/2413/3055 5893/2409/3055 5894/2409/3055 5901/2413/3055
f 5891/2409/3080 5904/2413/3080 5902/2410/3080 5889/2406/3080
f 5904/2413/2939 5891/2409/2939 5893/2409/2939 5903/2413/2939
f 5906/2414/3080 5895/2410/3080 5896/2410/3080 5905/2414/3080
f 5897/2411/3049 5907/2415/3049 5905/2416/3049 5896/2412/3049
f 5909/2414/3049 5908/2410/3049 5895/2410/3049 5906/2414/3049
f 5900/2410/3055 5910/2414/3055 5907/2414/3055 5897/2410/3055
f 5912/2417/3055 5911/2413/3055 5908/2410/3055 5909/2414/3055
f 5902/2410/3049 5913/2414/3049 5910/2414/3049 5900/2410/3049
f 5914/2417/2939 5898/2413/2939 5911/2413/2939 5912/2417/2939
f 5904/2413/3080 5915/2417/3080 5913/2414/3080 5902/2410/3080
f 5916/2417/3080 5899/2413/3080 5898/2413/3080 5914/2417/3080
f 5903/2413/2939 5917/2417/2939 5915/2417/2939 5904/2413/2939
f 5918/2415/2939 5901/2411/2939 5899/2412/2939 5916/2416/2939
f 5901/2413/3055 5918/2417/3055 5917/2417/3055 5903/2413/3055
f 5920/2418/3080 5906/2414/3080 5905/2414/3080 5919/2418/3080
f 5907/2415/3049 5921/2419/3049 5919/2420/3049 5905/2416/3049
f 5910/2414/3055 5922/2418/3055 5921/2418/3055 5907/2414/3055
f 5913/2414/3049 5923/2418/3049 5922/2418/3049 5910/2414/3049
f 5915/2417/3080 5924/2421/3080 5923/2418/3080 5913/2414/3080
f 5926/2421/3080 5916/2417/3080 5914/2417/3080 5925/2421/3080
f 5917/2417/2939 5927/2421/2939 5924/2421/2939 5915/2417/2939
f 5928/2419/2939 5918/2415/2939 5916/2416/2939 5926/2420/2939
f 5918/2417/3055 5928/2421/3055 5927/2421/3055 5917/2417/3055
f 5919/2418/3080 5930/2422/3080 5929/2422/3080 5920/2418/3080
f 5930/2422/3080 5816/2379/3080 5795/2379/3080 5929/2422/3080
f 5932/2422/3049 5931/2418/3049 5920/2418/3049 5929/2422/3049
f 5921/2419/3049 5933/2423/3049 5930/2424/3049 5919/2420/3049
f 5933/2423/3049 5815/2425/3049 5816/2426/3049 5930/2424/3049
f 5935/2427/3055 5934/2421/3055 5931/2418/3055 5932/2422/3055
f 5922/2418/3055 5936/2422/3055 5933/2422/3055 5921/2418/3055
f 5936/2422/3055 5807/2379/3055 5815/2379/3055 5933/2422/3055
f 5937/2427/2939 5925/2421/2939 5934/2421/2939 5935/2427/2939
f 5923/2418/3049 5938/2422/3049 5936/2422/3049 5922/2418/3049
f 5938/2422/3049 5783/2379/3049 5807/2379/3049 5936/2422/3049
f 5819/2376/3080 5939/2427/3080 5937/2427/3080 5806/2376/3080
f 5939/2427/3080 5926/2421/3080 5925/2421/3080 5937/2427/3080
f 5924/2421/3080 5940/2427/3080 5938/2422/3080 5923/2418/3080
f 5940/2427/3080 5786/2376/3080 5783/2379/3080 5938/2422/3080
f 5820/2425/2939 5941/2423/2939 5939/2424/2939 5819/2426/2939
f 5941/2423/2939 5928/2419/2939 5926/2420/2939 5939/2424/2939
f 5927/2421/2939 5942/2427/2939 5940/2427/2939 5924/2421/2939
f 5942/2427/2939 5813/2376/2939 5786/2376/2939 5940/2427/2939
f 5813/2376/3055 5942/2427/3055 5941/2427/3055 5820/2376/3055
f 5942/2427/3055 5927/2421/3055 5928/2421/3055 5941/2427/3055
f 5804/2381/2715 5791/2382/2715 5944/2382/2715 5943/2381/2715
f 5836/2384/2696 5839/2385/2696 5946/2385/2696 5945/2384/2696
f 5946/2385/3055 5943/2381/3055 5944/2382/3055 5945/2384/3055
f 5823/2384/2696 5836/2384/2696 5945/2384/2696 5947/2384/2696
f 5792/2382/3080 5823/2384/3080 5947/2384/3080 5948/2382/3080
f 5791/2382/2715 5792/2382/2715 5948/2382/2715 5944/2382/2715
f 5948/2382/3049 5947/2384/3049 5945/2384/3049 5944/2382/3049
f 5803/2381/2715 5804/2381/2715 5943/2381/2715 5949/2381/2715
f 5825/2385/3080 5803/2381/3080 5949/2381/3080 5950/2385/3080
f 5839/2385/2696 5825/2385/2696 5950/2385/2696 5946/2385/2696
f 5950/2385/2939 5949/2381/2939 5943/2381/2939 5946/2385/2939
f 5847/2394/2696 5860/2394/2696 5952/2394/2696 5951/2394/2696
f 5834/2390/3080 5847/2394/3080 5951/2394/3080 5953/2390/3080
f 5837/2390/2715 5834/2390/2715 5953/2390/2715 5954/2390/2715
f 5953/2390/3049 5951/2394/3049 5952/2394/3049 5954/2390/3049
f 5840/2393/2715 5837/2390/2715 5954/2390/2715 5955/2393/2715
f 5860/2394/2696 5863/2397/2696 5956/2397/2696 5952/2394/2696
f 5956/2397/3055 5955/2393/3055 5954/2390/3055 5952/2394/3055
f 5842/2393/2715 5840/2393/2715 5955/2393/2715 5957/2393/2715
f 5850/2397/3080 5842/2393/3080 5957/2393/3080 5958/2397/3080
f 5863/2397/2696 5850/2397/2696 5958/2397/2696 5956/2397/2696
f 5958/2397/2939 5957/2393/2939 5955/2393/2939 5956/2397/2939
f 5858/2398/3080 5873/2404/3080 5960/2404/3080 5959/2398/3080
f 5861/2398/2715 5858/2398/2715 5959/2398/2715 5961/2398/2715
f 5873/2404/2696 5884/2404/2696 5962/2404/2696 5960/2404/2696
f 5962/2404/3049 5961/2398/3049 5959/2398/3049 5960/2404/3049
f 5864/2401/2715 5861/2398/2715 5961/2398/2715 5963/2401/2715
f 5884/2404/2696 5887/2405/2696 5964/2405/2696 5962/2404/2696
f 5964/2405/3055 5963/2401/3055 5961/2398/3055 5962/2404/3055
f 5866/2401/2715 5864/2401/2715 5963/2401/2715 5965/2401/2715
f 5878/2405/3080 5866/2401/3080 5965/2401/3080 5966/2405/3080
f 5887/2405/2696 5878/2405/2696 5966/2405/2696 5964/2405/2696
f 5966/2405/2939 5965/2401/2939 5963/2401/2939 5964/2405/2939
f 5895/2410/2696 5908/2410/2696 5968/2410/2696 5967/2410/2696
f 5882/2406/3080 5895/2410/3080 5967/2410/3080 5969/2406/3080
f 5885/2406/2715 5882/2406/2715 5969/2406/2715 5970/2406/2715
f 5969/2406/3049 5967/2410/3049 5968/2410/3049 5970/2406/3049
f 5888/2409/2715 5885/2406/2715 5970/2406/2715 5971/2409/2715
f 5908/2410/2696 5911/2413/2696 5972/2413/2696 5968/2410/2696
f 5972/2413/3055 5971/2409/3055 5970/2406/3055 5968/2410/3055
f 5890/2409/2715 5888/2409/2715 5971/2409/2715 5973/2409/2715
f 5898/2413/3080 5890/2409/3080 5973/2409/3080 5974/2413/3080
f 5911/2413/2696 5898/2413/2696 5974/2413/2696 5972/2413/2696
f 5974/2413/2939 5973/2409/2939 5971/2409/2939 5972/2413/2939
f 5906/2414/3080 5920/2418/3080 5976/2418/3080 5975/2414/3080
f 5909/2414/2715 5906/2414/2715 5975/2414/2715 5977/2414/2715
f 5920/2418/2696 5931/2418/2696 5978/2418/2696 5976/2418/2696
f 5978/2418/3049 5977/2414/3049 5975/2414/3049 5976/2418/3049
f 5912/2417/2715 5909/2414/2715 5977/2414/2715 5979/2417/2715
f 5931/2418/2696 5934/2421/2696 5980/2421/2696 5978/2418/2696
f 5980/2421/3055 5979/2417/3055 5977/2414/3055 5978/2418/3055
f 5914/2417/2715 5912/2417/2715 5979/2417/2715 5981/2417/2715
f 5925/2421/3080 5914/2417/3080 5981/2417/3080 5982/2421/3080
f 5934/2421/2696 5925/2421/2696 5982/2421/2696 5980/2421/2696
f 5982/2421/2939 5981/2417/2939 5979/2417/2939 5980/2421/2939
f 5929/2422/3080 5795/2379/3080 5984/2379/3080 5983/2422/3080
f 5932/2422/2715 5929/2422/2715 5983/2422/2715 5985/2422/2715
f 5795/2379/2696 5796/2379/2696 5986/2379/2696 5984/2379/2696
f 5986/2379/3049 5985/2422/3049 5983/2422/3049 5984/2379/3049
f 5935/2427/2715 5932/2422/2715 5985/2422/2715 5987/2427/2715
f 5796/2379/2696 5805/2376/2696 5988/2376/2696 5986/2379/2696
f 5988/2376/3055 5987/2427/3055 5985/2422/3055 5986/2379/3055
f 5937/2427/2715 5935/2427/2715 5987/2427/2715 5989/2427/2715
f 5806/2376/3080 5937/2427/3080 5989/2427/3080 5990/2376/3080
f 5805/2376/2696 5806/2376/2696 5990/2376/2696 5988/2376/2696
f 5990/2376/2939 5989/2427/2939 5987/2427/2939 5988/2376/2939
f 6004/2428/3570 5999/2429/3570 6000/2429/3570 6003/2428/3570
f 6002/2429/3049 6005/2428/3049 6003/2428/3049 6000/2429/3049
f 6006/2428/2939 6001/2429/2939 5999/2429/2939 6004/2428/2939
f 6001/2429/3571 6006/2428/3571 6005/2428/3571 6002/2429/3571
f 5999/2429/3570 6008/2430/3570 6007/2430/3570 6000/2429/3570
f 6009/2430/3049 6002/2429/3049 6000/2429/3049 6007/2430/3049
f 6001/2429/2939 6010/2430/2939 6008/2430/2939 5999/2429/2939
f 6010/2430/3571 6001/2429/3571 6002/2429/3571 6009/2430/3571
f 6008/2430/3572 6012/2431/3572 6011/2431/3572 6007/2430/3572
f 6013/2431/3049 6009/2430/3049 6007/2430/3049 6011/2431/3049
f 6010/2430/2939 6014/2431/2939 6012/2431/2939 6008/2430/2939
f 6014/2431/3573 6010/2430/3573 6009/2430/3573 6013/2431/3573
f 6003/2428/3574 6016/2432/3574 6015/2432/3574 6004/2428/3574
f 6017/2432/2939 6006/2428/2939 6004/2428/2939 6015/2432/2939
f 6005/2428/3049 6018/2432/3049 6016/2432/3049 6003/2428/3049
f 6018/2432/3575 6005/2428/3575 6006/2428/3575 6017/2432/3575
f 6016/2432/3576 6020/2433/3576 6019/2433/3576 6015/2432/3576
f 6020/2433/3055 5992/2434/3055 5996/2434/3055 6019/2433/3055
f 5998/2434/2939 6021/2433/2939 6019/2433/2939 5996/2434/2939
f 6021/2433/2939 6017/2432/2939 6015/2432/2939 6019/2433/2939
f 6018/2432/3049 6022/2433/3049 6020/2433/3049 6016/2432/3049
f 6022/2433/3049 5994/2434/3049 5992/2434/3049 6020/2433/3049
f 5994/2434/3080 6022/2433/3080 6021/2433/3080 5998/2434/3080
f 6022/2433/3577 6018/2432/3577 6017/2432/3577 6021/2433/3577
f 5991/2435/3055 6024/2436/3055 6023/2436/3055 5995/2435/3055
f 6024/2436/3578 6011/2431/3578 6012/2431/3578 6023/2436/3578
f 6014/2431/3579 6025/2436/3579 6023/2436/3579 6012/2431/3579
f 6025/2436/2939 5997/2435/2939 5995/2435/2939 6023/2436/2939
f 5993/2435/3049 6026/2436/3049 6024/2436/3049 5991/2435/3049
f 6026/2436/3049 6013/2431/3049 6011/2431/3049 6024/2436/3049
f 6013/2431/3580 6026/2436/3580 6025/2436/3580 6014/2431/3580
f 6026/2436/3080 5993/2435/3080 5997/2435/3080 6025/2436/3080
f 5995/2435/2939 5997/2435/2939 6030/2435/2939 6029/2435/2939
f 5991/2435/3055 5995/2435/3055 6029/2435/3055 6027/2435/3055
f 5993/2435/3049 5991/2435/3049 6027/2435/3049 6028/2435/3049
f 6028/2435/2715 6027/2435/2715 6029/2435/2715 6030/2435/2715
f 5998/2434/2939 5996/2434/2939 6033/2434/2939 6034/2434/2939
f 5992/2434/3049 5994/2434/3049 6032/2434/3049 6031/2434/3049
f 5996/2434/3055 5992/2434/3055 6031/2434/3055 6033/2434/3055
f 6031/2434/2696 6032/2434/2696 6034/2434/2696 6033/2434/2696
f 6028/2435/2715 6030/2435/2715 6040/2435/2715 6039/2435/2715
f 5993/2435/3049 6028/2435/3049 6039/2435/3049 6035/2435/3049
f 5997/2435/2696 5993/2435/2696 6035/2435/2696 6037/2435/2696
f 6030/2435/2939 5997/2435/2939 6037/2435/2939 6040/2435/2939
f 6037/2435/3080 6035/2435/3080 6039/2435/3080 6040/2435/3080
f 5998/2434/2939 6034/2434/2939 6042/2434/2939 6038/2434/2939
f 5994/2434/2715 5998/2434/2715 6038/2434/2715 6036/2434/2715
f 6032/2434/3049 5994/2434/3049 6036/2434/3049 6041/2434/3049
f 6036/2434/3080 6038/2434/3080 6042/2434/3080 6041/2434/3080
f 6041/2434/3080 6042/2434/3080 6046/2434/3080 6045/2434/3080
f 6032/2434/3581 6041/2434/3581 6045/2434/3581 6043/2434/3581
f 6034/2434/3582 6032/2434/3582 6043/2434/3582 6044/2434/3582
f 6042/2434/3583 6034/2434/3583 6044/2434/3583 6046/2434/3583
f 6045/2434/3080 6046/2434/3080 6050/2434/3080 6049/2434/3080
f 6043/2434/3584 6045/2434/3584 6049/2434/3584 6047/2434/3584
f 6044/2434/3055 6043/2434/3055 6047/2434/3055 6048/2434/3055
f 6046/2434/3585 6044/2434/3585 6048/2434/3585 6050/2434/3585
f 6048/2434/3586 6047/2434/3586 6049/2434/3586 6050/2434/3586
f 5702/2335/3587 5701/2335/3587 6054/2335/3587 6055/2335/3587
f 5701/2335/3588 5704/2335/3588 6056/2335/3588 6054/2335/3588
f 6053/2336/3589 5702/2335/3589 6055/2335/3589 6057/2336/3589
f 5707/2335/3590 6053/2336/3590 6057/2336/3590 5709/2335/3590
f 6052/2335/3591 6056/2335/3591 5704/2335/3591
f 6058/2437/3592 5705/2337/3592 5708/2337/3592
f 6058/2437/3593 6051/2337/3593 5705/2337/3593
f 6058/2437/3594 6052/2335/3594 6051/2337/3594
f 6058/2437/3595 6056/2335/3595 6052/2335/3595
f 6058/2437/3596 6054/2335/3596 6056/2335/3596
f 6058/2437/3597 6055/2335/3597 6054/2335/3597
f 6058/2437/3598 6057/2336/3598 6055/2335/3598
f 6058/2437/3599 5709/2335/3599 6057/2336/3599
f 6058/2437/3600 5708/2337/3600 5709/2335/3600
f 6062/2335/3601 5658/2335/3601 5659/2335/3601 6063/2335/3601
f 6064/2335/3602 5661/2335/3602 5658/2335/3602 6062/2335/3602
f 6063/2335/3603 5659/2335/3603 6061/2336/3603 6065/2336/3603
f 6065/2336/3604 6061/2336/3604 5664/2335/3604 5666/2335/3604
f 6064/2335/3605 6060/2335/3605 5661/2335/3605
f 5662/2337/3606 6066/2437/3606 5665/2337/3606
f 6059/2337/3607 6066/2437/3607 5662/2337/3607
f 6060/2335/3608 6066/2437/3608 6059/2337/3608
f 6064/2335/3609 6066/2437/3609 6060/2335/3609
f 6062/2335/3610 6066/2437/3610 6064/2335/3610
f 6063/2335/3611 6066/2437/3611 6062/2335/3611
f 6065/2336/3612 6066/2437/3612 6063/2335/3612
f 5666/2335/3613 6066/2437/3613 6065/2336/3613
f 5665/2337/3614 6066/2437/3614 5666/2335/3614
f 6077/2438/3615 6078/2439/3615 6068/2440/3615 6067/2441/3615
f 6078/2439/3616 6079/2442/3616 6069/2443/3616 6068/2440/3616
f 6079/2442/2696 6080/2444/2696 6070/2445/2696 6069/2443/2696
f 6080/2444/3617 6081/2446/3617 6071/2447/3617 6070/2445/3617
f 6081/2446/3618 6082/2448/3618 6072/2449/3618 6071/2447/3618
f 6082/2448/3619 6083/2450/3619 6073/2451/3619 6072/2449/3619
f 6083/2450/3620 6084/2452/3620 6074/2453/3620 6073/2451/3620
f 6084/2452/2715 6085/2454/2715 6075/2455/2715 6074/2453/2715
f 6085/2454/3621 6086/2456/3621 6076/2457/3621 6075/2455/3621
f 6086/2456/3622 6077/2458/3622 6067/2459/3622 6076/2457/3622
f 6078/2439/2939 6077/2438/2939 6087/2460/2939
f 6079/2442/2939 6078/2439/2939 6087/2461/2939
f 6080/2444/2939 6079/2442/2939 6087/2462/2939
f 6081/2446/2939 6080/2444/2939 6087/2463/2939
f 6082/2448/2939 6081/2446/2939 6087/2464/2939
f 6083/2450/2939 6082/2448/2939 6087/2465/2939
f 6084/2452/2939 6083/2450/2939 6087/2466/2939
f 6085/2454/2939 6084/2452/2939 6087/2467/2939
f 6086/2456/2939 6085/2454/2939 6087/2468/2939
f 6077/2458/2939 6086/2456/2939 6087/2469/2939
f 6067/2441/3623 6068/2440/3623 6089/2440/3623 6088/2441/3623
f 6068/2440/3624 6069/2443/3624 6090/2443/3624 6089/2440/3624
f 6069/2443/3625 6070/2445/3625 6091/2445/3625 6090/2443/3625
f 6070/2445/3626 6071/2447/3626 6092/2447/3626 6091/2445/3626
f 6071/2447/3627 6072/2449/3627 6093/2449/3627 6092/2447/3627
f 6072/2449/3628 6073/2451/3628 6094/2451/3628 6093/2449/3628
f 6073/2451/3629 6074/2453/3629 6095/2453/3629 6094/2451/3629
f 6074/2453/3630 6075/2455/3630 6096/2455/3630 6095/2453/3630
f 6075/2455/3631 6076/2457/3631 6097/2457/3631 6096/2455/3631
f 6076/2457/3632 6067/2459/3632 6088/2459/3632 6097/2457/3632
f 6099/2440/3622 6109/2439/3622 6108/2438/3622 6098/2441/3622
f 6100/2443/3621 6110/2442/3621 6109/2439/3621 6099/2440/3621
f 6101/2445/2715 6111/2444/2715 6110/2442/2715 6100/2443/2715
f 6102/2447/3620 6112/2446/3620 6111/2444/3620 6101/2445/3620
f 6103/2449/3619 6113/2448/3619 6112/2446/3619 6102/2447/3619
f 6104/2451/3618 6114/2450/3618 6113/2448/3618 6103/2449/3618
f 6105/2453/3617 6115/2452/3617 6114/2450/3617 6104/2451/3617
f 6106/2455/2696 6116/2454/2696 6115/2452/2696 6105/2453/2696
f 6107/2457/3616 6117/2456/3616 6116/2454/3616 6106/2455/3616
f 6098/2459/3615 6108/2458/3615 6117/2456/3615 6107/2457/3615
f 6108/2438/2939 6109/2439/2939 6118/2460/2939
f 6109/2439/2939 6110/2442/2939 6118/2461/2939
f 6110/2442/2939 6111/2444/2939 6118/2462/2939
f 6111/2444/2939 6112/2446/2939 6118/2463/2939
f 6112/2446/2939 6113/2448/2939 6118/2464/2939
f 6113/2448/2939 6114/2450/2939 6118/2465/2939
f 6114/2450/2939 6115/2452/2939 6118/2466/2939
f 6115/2452/2939 6116/2454/2939 6118/2467/2939
f 6116/2454/2939 6117/2456/2939 6118/2468/2939
f 6117/2456/2939 6108/2458/2939 6118/2469/2939
f 6120/2440/3633 6099/2440/3633 6098/2441/3633 6119/2441/3633
f 6121/2443/3634 6100/2443/3634 6099/2440/3634 6120/2440/3634
f 6122/2445/3630 6101/2445/3630 6100/2443/3630 6121/2443/3630
f 6123/2447/3635 6102/2447/3635 6101/2445/3635 6122/2445/3635
f 6124/2449/3628 6103/2449/3628 6102/2447/3628 6123/2447/3628
f 6125/2451/3627 6104/2451/3627 6103/2449/3627 6124/2449/3627
f 6126/2453/3636 6105/2453/3636 6104/2451/3636 6125/2451/3636
f 6127/2455/3637 6106/2455/3637 6105/2453/3637 6126/2453/3637
f 6128/2457/3638 6107/2457/3638 6106/2455/3638 6127/2455/3638
f 6119/2459/3623 6098/2459/3623 6107/2457/3623 6128/2457/3623
f 6139/2438/3615 6140/2439/3615 6130/2440/3615 6129/2441/3615
f 6140/2439/3616 6141/2442/3616 6131/2443/3616 6130/2440/3616
f 6141/2442/2696 6142/2444/2696 6132/2445/2696 6131/2443/2696
f 6142/2444/3617 6143/2446/3617 6133/2447/3617 6132/2445/3617
f 6143/2446/3618 6144/2448/3618 6134/2449/3618 6133/2447/3618
f 6144/2448/3619 6145/2450/3619 6135/2451/3619 6134/2449/3619
f 6145/2450/3620 6146/2452/3620 6136/2453/3620 6135/2451/3620
f 6146/2452/2715 6147/2454/2715 6137/2455/2715 6136/2453/2715
f 6147/2454/3621 6148/2456/3621 6138/2457/3621 6137/2455/3621
f 6148/2456/3622 6139/2458/3622 6129/2459/3622 6138/2457/3622
f 6129/2441/3639 6130/2440/3639 6150/2440/3639 6149/2441/3639
f 6130/2440/3640 6131/2443/3640 6151/2443/3640 6150/2440/3640
f 6131/2443/3641 6132/2445/3641 6152/2445/3641 6151/2443/3641
f 6132/2445/3642 6133/2447/3642 6153/2447/3642 6152/2445/3642
f 6133/2447/3643 6134/2449/3643 6154/2449/3643 6153/2447/3643
f 6134/2449/3644 6135/2451/3644 6155/2451/3644 6154/2449/3644
f 6135/2451/3645 6136/2453/3645 6156/2453/3645 6155/2451/3645
f 6136/2453/3646 6137/2455/3646 6157/2455/3646 6156/2453/3646
f 6137/2455/3647 6138/2457/3647 6158/2457/3647 6157/2455/3647
f 6138/2457/3648 6129/2459/3648 6149/2459/3648 6158/2457/3648
f 6140/2439/3649 6139/2438/3649 6159/2438/3649 6160/2439/3649
f 6160/2439/2939 6159/2438/2939 6169/2460/2939
f 6141/2442/3650 6140/2439/3650 6160/2439/3650 6161/2442/3650
f 6161/2442/2939 6160/2439/2939 6169/2461/2939
f 6142/2444/3651 6141/2442/3651 6161/2442/3651 6162/2444/3651
f 6162/2444/2939 6161/2442/2939 6169/2462/2939
f 6143/2446/3652 6142/2444/3652 6162/2444/3652 6163/2446/3652
f 6163/2446/2939 6162/2444/2939 6169/2463/2939
f 6144/2448/3653 6143/2446/3653 6163/2446/3653 6164/2448/3653
f 6164/2448/2939 6163/2446/2939 6169/2464/2939
f 6145/2450/3654 6144/2448/3654 6164/2448/3654 6165/2450/3654
f 6165/2450/2939 6164/2448/2939 6169/2465/2939
f 6146/2452/3655 6145/2450/3655 6165/2450/3655 6166/2452/3655
f 6166/2452/2939 6165/2450/2939 6169/2466/2939
f 6147/2454/3656 6146/2452/3656 6166/2452/3656 6167/2454/3656
f 6167/2454/2939 6166/2452/2939 6169/2467/2939
f 6148/2456/3657 6147/2454/3657 6167/2454/3657 6168/2456/3657
f 6168/2456/2939 6167/2454/2939 6169/2468/2939
f 6139/2458/3658 6148/2456/3658 6168/2456/3658 6159/2458/3658
f 6159/2458/2939 6168/2456/2939 6169/2469/2939
f 6171/2440/3622 6181/2439/3622 6180/2438/3622 6170/2441/3622
f 6172/2443/3621 6182/2442/3621 6181/2439/3621 6171/2440/3621
f 6173/2445/2715 6183/2444/2715 6182/2442/2715 6172/2443/2715
f 6174/2447/3620 6184/2446/3620 6183/2444/3620 6173/2445/3620
f 6175/2449/3619 6185/2448/3619 6184/2446/3619 6174/2447/3619
f 6176/2451/3618 6186/2450/3618 6185/2448/3618 6175/2449/3618
f 6177/2453/3617 6187/2452/3617 6186/2450/3617 6176/2451/3617
f 6178/2455/2696 6188/2454/2696 6187/2452/2696 6177/2453/2696
f 6179/2457/3616 6189/2456/3616 6188/2454/3616 6178/2455/3616
f 6170/2459/3615 6180/2458/3615 6189/2456/3615 6179/2457/3615
f 6191/2440/3648 6171/2440/3648 6170/2441/3648 6190/2441/3648
f 6192/2443/3647 6172/2443/3647 6171/2440/3647 6191/2440/3647
f 6193/2445/3646 6173/2445/3646 6172/2443/3646 6192/2443/3646
f 6194/2447/3645 6174/2447/3645 6173/2445/3645 6193/2445/3645
f 6195/2449/3659 6175/2449/3659 6174/2447/3659 6194/2447/3659
f 6196/2451/3660 6176/2451/3660 6175/2449/3660 6195/2449/3660
f 6197/2453/3642 6177/2453/3642 6176/2451/3642 6196/2451/3642
f 6198/2455/3641 6178/2455/3641 6177/2453/3641 6197/2453/3641
f 6199/2457/3640 6179/2457/3640 6178/2455/3640 6198/2455/3640
f 6190/2459/3661 6170/2459/3661 6179/2457/3661 6199/2457/3661
f 6200/2438/3658 6180/2438/3658 6181/2439/3658 6201/2439/3658
f 6200/2438/2939 6201/2439/2939 6210/2460/2939
f 6201/2439/3657 6181/2439/3657 6182/2442/3657 6202/2442/3657
f 6201/2439/2939 6202/2442/2939 6210/2461/2939
f 6202/2442/3656 6182/2442/3656 6183/2444/3656 6203/2444/3656
f 6202/2442/2939 6203/2444/2939 6210/2462/2939
f 6203/2444/3655 6183/2444/3655 6184/2446/3655 6204/2446/3655
f 6203/2444/2939 6204/2446/2939 6210/2463/2939
f 6204/2446/3654 6184/2446/3654 6185/2448/3654 6205/2448/3654
f 6204/2446/2939 6205/2448/2939 6210/2464/2939
f 6205/2448/3653 6185/2448/3653 6186/2450/3653 6206/2450/3653
f 6205/2448/2939 6206/2450/2939 6210/2465/2939
f 6206/2450/3652 6186/2450/3652 6187/2452/3652 6207/2452/3652
f 6206/2450/2939 6207/2452/2939 6210/2466/2939
f 6207/2452/3651 6187/2452/3651 6188/2454/3651 6208/2454/3651
f 6207/2452/2939 6208/2454/2939 6210/2467/2939
f 6208/2454/3650 6188/2454/3650 6189/2456/3650 6209/2456/3650
f 6208/2454/2939 6209/2456/2939 6210/2468/2939
f 6209/2456/3649 6189/2456/3649 6180/2458/3649 6200/2458/3649
f 6209/2456/2939 6200/2458/2939 6210/2469/2939
f 6214/2037/3662 6213/2037/3662 6212/2037/3662 6211/2037/3662
f 6211/2037/3663 6216/2037/3663 6215/2037/3663 6214/2037/3663
f 6218/2037/3664 6217/2037/3664 6215/2037/3664 6216/2037/3664
f 6220/2037/3665 6221/2037/3665 6222/2037/3665 6219/2037/3665
f 6223/2037/3666 6224/2037/3666 6219/2037/3666 6222/2037/3666
f 6223/2037/3667 6217/2037/3667 6218/2037/3667 6224/2037/3667
f 6229/2470/3668 6225/2470/3668 6233/2470/3668 6237/2470/3668
f 6230/2470/3669 6229/2470/3669 6237/2470/3669 6238/2470/3669
f 6225/2470/3670 6226/2470/3670 6234/2470/3670 6233/2470/3670
f 6226/2470/3671 6227/2470/3671 6235/2470/3671 6234/2470/3671
f 6231/2470/3672 6230/2470/3672 6238/2470/3672 6239/2470/3672
f 6228/2470/3673 6232/2470/3673 6240/2470/3673 6236/2470/3673
f 6227/2470/3674 6228/2470/3674 6236/2470/3674 6235/2470/3674
f 6232/2470/3675 6231/2470/3675 6239/2470/3675 6240/2470/3675
f 6242/2470/3676 6235/2470/3676 6236/2470/3676
f 6241/2470/3677 6242/2470/3677 6236/2470/3677 6240/2470/3677
f 6240/2470/3678 6239/2470/3678 6241/2470/3678
f 6251/2470/3679 6243/2470/3679 6247/2470/3679 6255/2470/3679
f 6255/2470/3680 6247/2470/3680 6248/2470/3680 6256/2470/3680
f 6252/2470/3681 6244/2470/3681 6243/2470/3681 6251/2470/3681
f 6253/2470/3682 6245/2470/3682 6244/2470/3682 6252/2470/3682
f 6256/2470/3683 6248/2470/3683 6249/2470/3683 6257/2470/3683
f 6258/2470/3684 6250/2470/3684 6246/2470/3684 6254/2470/3684
f 6254/2470/3685 6246/2470/3685 6245/2470/3685 6253/2470/3685
f 6257/2470/3686 6249/2470/3686 6250/2470/3686 6258/2470/3686
f 6253/2470/3687 6260/2470/3687 6254/2470/3687
f 6254/2470/3688 6260/2470/3688 6259/2470/3688 6258/2470/3688
f 6257/2470/3689 6258/2470/3689 6259/2470/3689
f 6261/2471/3690 6264/2472/3690 6263/2473/3690 6262/2474/3690
f 6265/2475/3690 6266/2476/3690 6261/2471/3690 6262/2474/3690
f 6271/2477/3691 6276/2478/3691 6275/2479/3691 6272/2480/3691
f 6276/2478/3692 6269/2481/3692 6270/2482/3692 6275/2479/3692
f 6273/2483/3693 6277/2484/3693 6276/2478/3693 6271/2477/3693
f 6277/2484/3694 6268/2485/3694 6269/2481/3694 6276/2478/3694
f 6274/2486/3695 6278/2487/3695 6277/2484/3695 6273/2483/3695
f 6278/2487/3696 6267/2488/3696 6268/2485/3696 6277/2484/3696
f 6283/2479/3697 6284/2478/3697 6271/2477/3697 6272/2480/3697
f 6282/2482/3698 6281/2481/3698 6284/2478/3698 6283/2479/3698
f 6284/2478/3693 6285/2484/3693 6273/2483/3693 6271/2477/3693
f 6281/2481/3699 6280/2485/3699 6285/2484/3699 6284/2478/3699
f 6285/2484/3695 6286/2487/3695 6274/2486/3695 6273/2483/3695
f 6280/2485/3700 6279/2488/3700 6286/2487/3700 6285/2484/3700
f 5670/2037/3701 6292/2037/3701 6291/2037/3701 5668/2037/3701
f 6292/2037/3697 6287/2037/3697 6288/2037/3697 6291/2037/3697
f 5669/2037/3693 6293/2037/3693 6292/2037/3693 5670/2037/3693
f 6293/2037/3693 6289/2037/3693 6287/2037/3693 6292/2037/3693
f 5667/2037/3695 6294/2037/3695 6293/2037/3695 5669/2037/3695
f 6294/2037/3695 6290/2037/3695 6289/2037/3695 6293/2037/3695
f 6287/2037/3691 6296/2037/3691 6295/2037/3691 6288/2037/3691
f 6296/2037/3702 5713/2037/3702 5711/2037/3702 6295/2037/3702
f 6289/2037/3693 6297/2037/3693 6296/2037/3693 6287/2037/3693
f 6297/2037/3693 5712/2037/3693 5713/2037/3693 6296/2037/3693
f 6290/2037/3695 6298/2037/3695 6297/2037/3695 6289/2037/3695
f 6298/2037/3695 5710/2037/3695 5712/2037/3695 6297/2037/3695
f 6299/2489/3703 5697/2489/3703 5705/2489/3703
f 6299/2489/3704 6300/2489/3704 5697/2489/3704
f 6301/2489/3705 5697/2489/3705 6300/2489/3705
f 5705/2489/3706 5697/2489/3706 5714/2489/3706 5722/2337/3706
f 5714/2489/3707 5732/2337/3707 5722/2337/3707
f 6302/2489/3708 5733/2335/3708 5732/2337/3708 5714/2489/3708
f 5724/2330/3709 5733/2335/3709 6302/2489/3709 6303/2489/3709
f 6303/2489/3710 6304/2489/3710 5723/2334/3710 5724/2330/3710
f 6305/2489/3711 6313/2489/3711 6306/2489/3711
f 6314/2489/3704 6313/2489/3704 6305/2489/3704
f 6305/2489/3705 6315/2489/3705 6314/2489/3705
f 6307/2489/3712 6305/2489/3712 6306/2489/3712 6308/2337/3712
f 6311/2337/3713 6307/2489/3713 6308/2337/3713
f 6311/2337/3714 6312/2335/3714 6316/2489/3714 6307/2489/3714
f 6316/2489/3715 6312/2335/3715 6310/2330/3715 6317/2489/3715
f 6309/2334/3716 6318/2489/3716 6317/2489/3716 6310/2330/3716
f 6320/2490/3717 6322/2490/3717 6321/2491/3717 6319/2491/3717
f 6323/2492/3718 6324/2492/3718 6325/2492/3718 6326/2492/3718
f 6327/2492/3719 6328/2492/3719 6329/2492/3719 6330/2492/3719
f 6334/2492/3720 6333/2492/3720 6332/2492/3720 6331/2492/3720
f 6337/2492/3721 6336/2492/3721 6335/2492/3721
f 6340/2492/3722 6339/2492/3722 6338/2492/3722
f 6343/2492/3723 6342/2492/3723 6341/2492/3723
f 6344/2492/3724 6345/2492/3724 6346/2492/3724 6347/2492/3724
f 6350/2491/3725 6351/2490/3725 6349/2490/3725 6348/2491/3725
f 6354/2492/3726 6353/2492/3726 6352/2492/3726 6355/2492/3726
f 6358/2492/3727 6357/2492/3727 6356/2492/3727 6359/2492/3727
f 6361/2492/3728 6362/2492/3728 6363/2492/3728 6360/2492/3728
f 6365/2492/3729 6366/2492/3729 6364/2492/3729
f 6368/2492/3730 6369/2492/3730 6367/2492/3730
f 6371/2492/3731 6372/2492/3731 6370/2492/3731
f 6375/2492/3732 6374/2492/3732 6373/2492/3732 6376/2492/3732
f 6396/2242/3733 6395/2239/3733 6394/2239/3733 6393/2242/3733
f 6398/2493/3734 6396/2242/3734 6393/2242/3734 6397/2493/3734
f 6395/2239/3735 6400/2494/3735 6399/2494/3735 6394/2239/3735
f 6399/2494/3736 6397/2493/3736 6393/2242/3736 6394/2239/3736
f 6400/2494/3737 6402/2495/3737 6401/2495/3737 6399/2494/3737
f 6404/2496/3738 6398/2493/3738 6397/2493/3738 6403/2496/3738
f 6403/2496/3739 6397/2493/3739 6399/2494/3739 6401/2495/3739
f 6402/2495/3740 6406/2240/3740 6405/2240/3740 6401/2495/3740
f 6408/2241/3741 6404/2496/3741 6403/2496/3741 6407/2241/3741
f 6406/2240/3742 6408/2241/3742 6407/2241/3742 6405/2240/3742
f 6407/2241/3743 6403/2496/3743 6401/2495/3743 6405/2240/3743
f 6412/2497/2696 6411/2498/2696 6410/2498/2696 6409/2497/2696
f 6414/2499/3744 6412/2497/3744 6409/2497/3744 6413/2499/3744
f 6411/2498/3745 6416/2500/3745 6415/2500/3745 6410/2498/3745
f 6416/2500/3055 6418/2501/3055 6417/2501/3055 6415/2500/3055
f 6420/2502/3080 6414/2499/3080 6413/2499/3080 6419/2502/3080
f 6418/2501/3746 6422/2503/3746 6421/2503/3746 6417/2501/3746
f 6424/2504/3747 6420/2502/3747 6419/2502/3747 6423/2504/3747
f 6422/2503/2715 6424/2504/2715 6423/2504/2715 6421/2503/2715
f 6409/2497/3049 6410/2498/3049 6426/2498/3049 6425/2497/3049
f 6413/2499/3049 6409/2497/3049 6425/2497/3049 6427/2499/3049
f 6410/2498/3049 6415/2500/3049 6428/2500/3049 6426/2498/3049
f 6415/2500/3049 6417/2501/3049 6429/2501/3049 6428/2500/3049
f 6419/2502/3049 6413/2499/3049 6427/2499/3049 6430/2502/3049
f 6417/2501/3049 6421/2503/3049 6431/2503/3049 6429/2501/3049
f 6423/2504/3049 6419/2502/3049 6430/2502/3049 6432/2504/3049
f 6421/2503/3049 6423/2504/3049 6432/2504/3049 6431/2503/3049
f 6425/2497/2715 6426/2498/2715 6434/2498/2715 6433/2497/2715
f 6427/2499/3748 6425/2497/3748 6433/2497/3748 6435/2499/3748
f 6426/2498/3749 6428/2500/3749 6436/2500/3749 6434/2498/3749
f 6436/2500/3049 6435/2499/3049 6433/2497/3049 6434/2498/3049
f 6428/2500/3080 6429/2501/3080 6437/2501/3080 6436/2500/3080
f 6430/2502/3055 6427/2499/3055 6435/2499/3055 6438/2502/3055
f 6438/2502/3049 6435/2499/3049 6436/2500/3049 6437/2501/3049
f 6429/2501/3750 6431/2503/3750 6439/2503/3750 6437/2501/3750
f 6432/2504/3751 6430/2502/3751 6438/2502/3751 6440/2504/3751
f 6431/2503/2696 6432/2504/2696 6440/2504/2696 6439/2503/2696
f 6440/2504/3049 6438/2502/3049 6437/2501/3049 6439/2503/3049
f 6382/2242/3752 6383/2239/3752 6442/2239/3752 6441/2242/3752
f 6386/2505/3753 6382/2242/3753 6441/2242/3753 6443/2505/3753
f 6383/2239/3754 6388/2506/3754 6444/2506/3754 6442/2239/3754
f 6388/2506/3755 6392/2507/3755 6445/2507/3755 6444/2506/3755
f 6390/2508/3756 6386/2505/3756 6443/2505/3756 6446/2508/3756
f 6392/2507/3757 6380/2240/3757 6447/2240/3757 6445/2507/3757
f 6377/2241/3758 6390/2508/3758 6446/2508/3758 6448/2241/3758
f 6380/2240/3759 6377/2241/3759 6448/2241/3759 6447/2240/3759
f 6441/2242/3760 6442/2239/3760 6450/2239/3760 6449/2242/3760
f 6443/2505/3761 6441/2242/3761 6449/2242/3761 6451/2505/3761
f 6442/2239/3762 6444/2506/3762 6452/2506/3762 6450/2239/3762
f 6444/2506/3763 6445/2507/3763 6453/2507/3763 6452/2506/3763
f 6446/2508/3764 6443/2505/3764 6451/2505/3764 6454/2508/3764
f 6445/2507/3765 6447/2240/3765 6455/2240/3765 6453/2507/3765
f 6448/2241/3766 6446/2508/3766 6454/2508/3766 6456/2241/3766
f 6447/2240/3767 6448/2241/3767 6456/2241/3767 6455/2240/3767
f 6395/2239/2715 6396/2242/2715 6458/2242/2715 6457/2239/2715
f 6396/2242/3768 6398/2493/3768 6459/2493/3768 6458/2242/3768
f 6400/2494/3769 6395/2239/3769 6457/2239/3769 6460/2494/3769
f 6402/2495/3080 6400/2494/3080 6460/2494/3080 6461/2495/3080
f 6398/2493/3055 6404/2496/3055 6462/2496/3055 6459/2493/3055
f 6406/2240/3770 6402/2495/3770 6461/2495/3770 6463/2240/3770
f 6404/2496/3771 6408/2241/3771 6464/2241/3771 6462/2496/3771
f 6408/2241/2696 6406/2240/2696 6463/2240/2696 6464/2241/2696
f 6378/2509/3772 6379/2510/3772 6466/2510/3772 6465/2509/3772
f 6465/2509/2696 6466/2510/2696 6468/2510/2696 6467/2509/2696
f 6457/2510/3773 6458/2509/3773 6470/2509/3773 6469/2510/3773
f 6467/2509/3049 6468/2510/3049 6469/2510/3049 6470/2509/3049
f 6389/2511/3774 6378/2509/3774 6465/2509/3774 6471/2511/3774
f 6471/2511/3775 6465/2509/3775 6467/2509/3775 6472/2511/3775
f 6458/2509/3776 6459/2511/3776 6473/2511/3776 6470/2509/3776
f 6472/2511/3777 6467/2509/3777 6470/2509/3777 6473/2511/3777
f 6379/2510/3778 6391/2512/3778 6474/2512/3778 6466/2510/3778
f 6466/2510/3779 6474/2512/3779 6475/2512/3779 6468/2510/3779
f 6460/2512/3780 6457/2510/3780 6469/2510/3780 6476/2512/3780
f 6468/2510/3781 6475/2512/3781 6476/2512/3781 6469/2510/3781
f 6391/2512/3782 6387/2513/3782 6477/2513/3782 6474/2512/3782
f 6474/2512/3783 6477/2513/3783 6478/2513/3783 6475/2512/3783
f 6461/2513/3784 6460/2512/3784 6476/2512/3784 6479/2513/3784
f 6475/2512/3785 6478/2513/3785 6479/2513/3785 6476/2512/3785
f 6385/2514/3786 6389/2511/3786 6471/2511/3786 6480/2514/3786
f 6480/2514/3787 6471/2511/3787 6472/2511/3787 6481/2514/3787
f 6459/2511/3788 6462/2514/3788 6482/2514/3788 6473/2511/3788
f 6481/2514/3789 6472/2511/3789 6473/2511/3789 6482/2514/3789
f 6387/2513/3790 6384/2515/3790 6483/2515/3790 6477/2513/3790
f 6477/2513/3791 6483/2515/3791 6484/2515/3791 6478/2513/3791
f 6463/2515/3792 6461/2513/3792 6479/2513/3792 6485/2515/3792
f 6478/2513/3793 6484/2515/3793 6485/2515/3793 6479/2513/3793
f 6381/2516/3794 6385/2514/3794 6480/2514/3794 6486/2516/3794
f 6486/2516/3795 6480/2514/3795 6481/2514/3795 6487/2516/3795
f 6462/2514/3796 6464/2516/3796 6488/2516/3796 6482/2514/3796
f 6487/2516/3797 6481/2514/3797 6482/2514/3797 6488/2516/3797
f 6384/2515/3798 6381/2516/3798 6486/2516/3798 6483/2515/3798
f 6483/2515/2715 6486/2516/2715 6487/2516/2715 6484/2515/2715
f 6464/2516/3799 6463/2515/3799 6485/2515/3799 6488/2516/3799
f 6484/2515/3049 6487/2516/3049 6488/2516/3049 6485/2515/3049
f 6449/2517/2715 6450/2518/2715 6490/2518/2715 6489/2517/2715
f 6451/2519/3800 6449/2517/3800 6489/2517/3800 6491/2519/3800
f 6450/2518/3801 6452/2520/3801 6492/2520/3801 6490/2518/3801
f 6452/2520/3055 6453/2521/3055 6493/2521/3055 6492/2520/3055
f 6454/2522/3080 6451/2519/3080 6491/2519/3080 6494/2522/3080
f 6453/2521/3802 6455/2523/3802 6495/2523/3802 6493/2521/3802
f 6456/2524/3803 6454/2522/3803 6494/2522/3803 6496/2524/3803
f 6455/2523/2696 6456/2524/2696 6496/2524/2696 6495/2523/2696
f 6489/2525/3049 6490/2526/3049 6498/2526/3049 6497/2525/3049
f 6497/2525/2715 6498/2526/2715 6500/2526/2715 6499/2525/2715
f 6491/2527/3049 6489/2525/3049 6497/2525/3049 6501/2527/3049
f 6501/2527/3800 6497/2525/3800 6499/2525/3800 6502/2527/3800
f 6490/2526/3049 6492/2528/3049 6503/2528/3049 6498/2526/3049
f 6498/2526/3804 6503/2528/3804 6504/2528/3804 6500/2526/3804
f 6504/2528/3805 6502/2527/3805 6499/2525/3805 6500/2526/3805
f 6492/2528/3049 6493/2529/3049 6505/2529/3049 6503/2528/3049
f 6503/2528/3055 6505/2529/3055 6506/2529/3055 6504/2528/3055
f 6494/2530/3049 6491/2527/3049 6501/2527/3049 6507/2530/3049
f 6507/2530/3080 6501/2527/3080 6502/2527/3080 6508/2530/3080
f 6508/2530/3806 6502/2527/3806 6504/2528/3806 6506/2529/3806
f 6493/2529/3049 6495/2531/3049 6509/2531/3049 6505/2529/3049
f 6505/2529/3802 6509/2531/3802 6510/2531/3802 6506/2529/3802
f 6496/2532/3049 6494/2530/3049 6507/2530/3049 6511/2532/3049
f 6511/2532/3807 6507/2530/3807 6508/2530/3807 6512/2532/3807
f 6495/2531/3049 6496/2532/3049 6511/2532/3049 6509/2531/3049
f 6509/2531/2696 6511/2532/2696 6512/2532/2696 6510/2531/2696
f 6512/2532/3808 6508/2530/3808 6506/2529/3808 6510/2531/3808
f 6378/2241/3809 6514/2533/3809 6513/2534/3809 6379/2240/3809
f 6514/2533/3810 6377/2242/3810 6380/2239/3810 6513/2534/3810
f 6392/2494/3811 6515/2535/3811 6513/2536/3811 6380/2239/3811
f 6515/2535/3812 6391/2493/3812 6379/2242/3812 6513/2536/3812
f 6389/2494/3813 6516/2537/3813 6514/2538/3813 6378/2239/3813
f 6516/2537/3814 6390/2493/3814 6377/2242/3814 6514/2538/3814
f 6388/2495/3815 6517/2539/3815 6515/2535/3815 6392/2494/3815
f 6517/2539/3816 6387/2496/3816 6391/2493/3816 6515/2535/3816
f 6385/2495/3817 6518/2540/3817 6516/2537/3817 6389/2494/3817
f 6518/2540/3818 6386/2496/3818 6390/2493/3818 6516/2537/3818
f 6383/2240/3819 6519/2541/3819 6517/2539/3819 6388/2495/3819
f 6519/2541/3820 6384/2241/3820 6387/2496/3820 6517/2539/3820
f 6381/2240/3821 6520/2542/3821 6518/2540/3821 6385/2495/3821
f 6520/2542/3822 6382/2241/3822 6386/2496/3822 6518/2540/3822
f 6382/2241/3823 6520/2543/3823 6519/2544/3823 6383/2240/3823
f 6520/2543/3824 6381/2242/3824 6384/2239/3824 6519/2544/3824
f 6521/2545/3825 6526/2545/3825 6536/2545/3825 6531/2545/3825
f 6522/2546/3826 6521/2545/3826 6531/2545/3826 6532/2546/3826
f 6526/2545/3827 6527/2547/3827 6537/2547/3827 6536/2545/3827
f 6537/2547/3828 6532/2546/3828 6531/2545/3828 6536/2545/3828
f 6524/2548/3829 6522/2546/3829 6532/2546/3829 6534/2548/3829
f 6527/2547/3830 6528/2549/3830 6538/2549/3830 6537/2547/3830
f 6538/2549/3831 6534/2548/3831 6532/2546/3831 6537/2547/3831
f 6523/2550/3832 6524/2548/3832 6534/2548/3832 6533/2550/3832
f 6528/2549/3833 6529/2551/3833 6539/2551/3833 6538/2549/3833
f 6539/2551/3834 6533/2550/3834 6534/2548/3834 6538/2549/3834
f 6525/2552/3835 6523/2550/3835 6533/2550/3835 6535/2552/3835
f 6530/2553/3836 6525/2552/3836 6535/2552/3836 6540/2553/3836
f 6529/2551/3837 6530/2553/3837 6540/2553/3837 6539/2551/3837
f 6540/2553/3838 6535/2552/3838 6533/2550/3838 6539/2551/3838
f 6556/2545/3839 6546/2545/3839 6541/2545/3839 6551/2545/3839
f 6551/2545/3840 6541/2545/3840 6542/2546/3840 6552/2546/3840
f 6557/2547/3841 6547/2547/3841 6546/2545/3841 6556/2545/3841
f 6551/2545/3842 6552/2546/3842 6557/2547/3842 6556/2545/3842
f 6552/2546/3843 6542/2546/3843 6544/2548/3843 6554/2548/3843
f 6558/2549/3844 6548/2549/3844 6547/2547/3844 6557/2547/3844
f 6552/2546/3845 6554/2548/3845 6558/2549/3845 6557/2547/3845
f 6554/2548/3846 6544/2548/3846 6543/2550/3846 6553/2550/3846
f 6559/2551/3847 6549/2551/3847 6548/2549/3847 6558/2549/3847
f 6554/2548/3848 6553/2550/3848 6559/2551/3848 6558/2549/3848
f 6553/2550/3849 6543/2550/3849 6545/2552/3849 6555/2552/3849
f 6555/2552/3850 6545/2552/3850 6550/2553/3850 6560/2553/3850
f 6560/2553/3851 6550/2553/3851 6549/2551/3851 6559/2551/3851
f 6553/2550/3852 6555/2552/3852 6560/2553/3852 6559/2551/3852
f 6563/2554/2716 6562/2554/2716 6561/2554/2716 6564/2554/2716
f 6567/2554/3853 6566/2554/3853 6565/2554/3853 6568/2554/3853
f 6564/2554/3854 6567/2554/3854 6568/2554/3854 6563/2554/3854
f 6564/2554/3855 6561/2554/3855 6569/2554/3855 6570/2554/3855
f 6572/2554/3856 6571/2554/3856 6566/2554/3856 6567/2554/3856
f 6570/2554/3857 6572/2554/3857 6567/2554/3857 6564/2554/3857
f 6570/2554/3858 6569/2554/3858 6573/2554/3858 6574/2554/3858
f 6574/2554/3859 6573/2554/3859 6575/2554/3859 6576/2554/3859
f 6576/2554/3856 6575/2554/3856 6571/2554/3856 6572/2554/3856
f 6574/2554/3860 6576/2554/3860 6572/2554/3860 6570/2554/3860
f 6579/2554/3861 6578/2554/3861 6577/2554/3861 6580/2554/3861
f 6580/2554/3858 6577/2554/3858 6562/2554/3858 6563/2554/3858
f 6568/2554/3862 6565/2554/3862 6578/2554/3862 6579/2554/3862
f 6580/2554/3863 6563/2554/3863 6568/2554/3863 6579/2554/3863
f 6581/2554/2697 6582/2554/2697 6583/2554/2697 6584/2554/2697
f 6585/2554/3864 6586/2554/3864 6587/2554/3864 6588/2554/3864
f 6588/2554/3865 6587/2554/3865 6584/2554/3865 6583/2554/3865
f 6589/2554/3866 6581/2554/3866 6584/2554/3866 6590/2554/3866
f 6586/2554/3867 6591/2554/3867 6592/2554/3867 6587/2554/3867
f 6587/2554/3868 6592/2554/3868 6590/2554/3868 6584/2554/3868
f 6593/2554/3866 6589/2554/3866 6590/2554/3866 6594/2554/3866
f 6595/2554/3869 6593/2554/3869 6594/2554/3869 6596/2554/3869
f 6591/2554/3867 6595/2554/3867 6596/2554/3867 6592/2554/3867
f 6592/2554/3870 6596/2554/3870 6594/2554/3870 6590/2554/3870
f 6597/2554/3871 6598/2554/3871 6599/2554/3871 6600/2554/3871
f 6582/2554/3866 6597/2554/3866 6600/2554/3866 6583/2554/3866
f 6598/2554/3867 6585/2554/3867 6588/2554/3867 6599/2554/3867
f 6588/2554/3872 6583/2554/3872 6600/2554/3872 6599/2554/3872
f 6601/2555/3873 6602/2555/3873 6603/2555/3873 6604/2555/3873
f 6605/2555/3874 6601/2555/3874 6604/2555/3874 6606/2555/3874
f 6607/2555/3875 6605/2555/3875 6606/2555/3875 6608/2555/3875
f 6606/2555/3876 6604/2555/3876 6603/2555/3876 6608/2555/3876
f 6607/2555/3877 6602/2555/3877 6601/2555/3877 6605/2555/3877
f 6609/2555/3878 6610/2555/3878 6611/2555/3878 6612/2555/3878
f 6613/2555/3124 6614/2555/3124 6612/2555/3124 6611/2555/3124
f 6615/2555/3879 6616/2555/3879 6610/2555/3879 6609/2555/3879
f 6616/2555/3880 6615/2555/3880 6614/2555/3880 6613/2555/3880
f 6602/2555/3881 6617/2555/3881 6618/2555/3881 6603/2555/3881
f 6617/2555/3124 6613/2555/3124 6611/2555/3124 6618/2555/3124
f 6610/2555/3882 6619/2555/3882 6618/2555/3882 6611/2555/3882
f 6619/2555/3883 6608/2555/3883 6603/2555/3883 6618/2555/3883
f 6607/2555/3884 6620/2555/3884 6617/2555/3884 6602/2555/3884
f 6620/2555/3885 6616/2555/3885 6613/2555/3885 6617/2555/3885
f 6616/2555/3879 6620/2555/3879 6619/2555/3879 6610/2555/3879
f 6609/2555/3886 6612/2555/3886 6621/2555/3886 6622/2555/3886
f 6614/2555/3887 6615/2555/3887 6623/2555/3887 6624/2555/3887
f 6612/2555/3888 6614/2555/3888 6624/2555/3888 6621/2555/3888
f 6622/2555/3889 6621/2555/3889 6625/2555/3889 6626/2555/3889
f 6623/2555/3890 6622/2555/3890 6626/2555/3890 6627/2555/3890
f 6624/2555/3891 6623/2555/3891 6627/2555/3891 6628/2555/3891
f 6621/2555/3892 6624/2555/3892 6628/2555/3892 6625/2555/3892
f 6628/2555/3893 6627/2555/3893 6626/2555/3893 6625/2555/3893
f 6629/2555/3894 6630/2555/3894 6631/2555/3894 6632/2555/3894
f 6630/2555/3895 6608/2555/3895 6619/2555/3895 6631/2555/3895
f 6620/2555/3896 6633/2555/3896 6631/2555/3896 6619/2555/3896
f 6633/2555/3897 6634/2555/3897 6632/2555/3897 6631/2555/3897
f 6635/2555/3898 6636/2555/3898 6630/2555/3898 6629/2555/3898
f 6636/2555/3899 6607/2555/3899 6608/2555/3899 6630/2555/3899
f 6607/2555/3900 6636/2555/3900 6633/2555/3900 6620/2555/3900
f 6636/2555/3901 6635/2555/3901 6634/2555/3901 6633/2555/3901
f 6622/2555/3902 6637/2555/3902 6638/2555/3902 6609/2555/3902
f 6637/2555/3903 6639/2555/3903 6640/2555/3903 6638/2555/3903
f 6641/2555/3904 6642/2555/3904 6638/2555/3904 6640/2555/3904
f 6642/2555/3905 6615/2555/3905 6609/2555/3905 6638/2555/3905
f 6623/2555/3906 6643/2555/3906 6637/2555/3906 6622/2555/3906
f 6643/2555/3907 6644/2555/3907 6639/2555/3907 6637/2555/3907
f 6644/2555/3908 6643/2555/3908 6642/2555/3908 6641/2555/3908
f 6643/2555/3909 6623/2555/3909 6615/2555/3909 6642/2555/3909
f 6645/2555/3910 6646/2555/3910 6647/2555/3910 6648/2555/3910
f 6648/2555/3911 6647/2555/3911 6649/2555/3911 6650/2555/3911
f 6650/2555/3912 6649/2555/3912 6651/2555/3912 6652/2555/3912
f 6645/2555/3913 6648/2555/3913 6650/2555/3913 6652/2555/3913
f 6647/2555/3914 6646/2555/3914 6651/2555/3914 6649/2555/3914
f 6653/2555/3915 6654/2555/3915 6655/2555/3915 6656/2555/3915
f 6656/2555/3916 6657/2555/3916 6658/2555/3916 6653/2555/3916
f 6654/2555/3917 6659/2555/3917 6660/2555/3917 6655/2555/3917
f 6657/2555/3918 6660/2555/3918 6659/2555/3918 6658/2555/3918
f 6661/2555/3919 6662/2555/3919 6646/2555/3919 6645/2555/3919
f 6653/2555/3916 6658/2555/3916 6662/2555/3916 6661/2555/3916
f 6661/2555/3920 6663/2555/3920 6654/2555/3920 6653/2555/3920
f 6645/2555/3921 6652/2555/3921 6663/2555/3921 6661/2555/3921
f 6662/2555/3922 6664/2555/3922 6651/2555/3922 6646/2555/3922
f 6658/2555/3923 6659/2555/3923 6664/2555/3923 6662/2555/3923
f 6663/2555/3924 6664/2555/3924 6659/2555/3924 6654/2555/3924
f 6665/2555/3925 6656/2555/3925 6655/2555/3925 6666/2555/3925
f 6667/2555/3926 6660/2555/3926 6657/2555/3926 6668/2555/3926
f 6668/2555/3919 6657/2555/3919 6656/2555/3919 6665/2555/3919
f 6669/2555/3927 6665/2555/3927 6666/2555/3927 6670/2555/3927
f 6670/2555/3928 6666/2555/3928 6667/2555/3928 6671/2555/3928
f 6671/2555/3929 6667/2555/3929 6668/2555/3929 6672/2555/3929
f 6672/2555/3930 6668/2555/3930 6665/2555/3930 6669/2555/3930
f 6670/2555/3931 6671/2555/3931 6672/2555/3931 6669/2555/3931
f 6673/2555/3932 6674/2555/3932 6629/2555/3932 6632/2555/3932
f 6663/2555/3933 6652/2555/3933 6674/2555/3933 6673/2555/3933
f 6673/2555/3934 6675/2555/3934 6664/2555/3934 6663/2555/3934
f 6632/2555/3935 6634/2555/3935 6675/2555/3935 6673/2555/3935
f 6674/2555/3936 6676/2555/3936 6635/2555/3936 6629/2555/3936
f 6652/2555/3937 6651/2555/3937 6676/2555/3937 6674/2555/3937
f 6675/2555/3938 6676/2555/3938 6651/2555/3938 6664/2555/3938
f 6634/2555/3939 6635/2555/3939 6676/2555/3939 6675/2555/3939
f 6677/2555/3940 6678/2555/3940 6666/2555/3940 6655/2555/3940
f 6640/2555/3941 6639/2555/3941 6678/2555/3941 6677/2555/3941
f 6677/2555/3942 6679/2555/3942 6641/2555/3942 6640/2555/3942
f 6655/2555/3943 6660/2555/3943 6679/2555/3943 6677/2555/3943
f 6678/2555/3944 6680/2555/3944 6667/2555/3944 6666/2555/3944
f 6639/2555/3945 6644/2555/3945 6680/2555/3945 6678/2555/3945
f 6679/2555/3946 6680/2555/3946 6644/2555/3946 6641/2555/3946
f 6660/2555/3947 6667/2555/3947 6680/2555/3947 6679/2555/3947
f 4765/2063/3948 4763/2063/3948 6682/2063/3948 6684/2063/3948
f 4764/2064/3949 4765/2063/3949 6684/2063/3949 6683/2064/3949
f 6684/2063/2939 6682/2063/2939 6681/2064/2939 6683/2064/2939
f 4775/2074/3950 4774/2073/3950 6685/2556/3950 6686/2557/3950
f 4763/2063/3951 4775/2063/3951 6686/2063/3951 6682/2063/3951
f 6681/2064/3952 6682/2063/3952 6686/2063/3952 6685/2064/3952
f 4799/2063/3953 4764/2064/3953 6683/2064/3953 6688/2063/3953
f 4798/2063/3954 4799/2063/3954 6688/2063/3954 6687/2063/3954
f 6681/2064/2939 6687/2063/2939 6688/2063/2939 6683/2064/2939
f 4806/2063/3955 4798/2063/3955 6687/2063/3955 6689/2063/3955
f 4774/2073/3956 4806/2080/3956 6689/2558/3956 6685/2556/3956
f 6689/2063/3957 6687/2063/3957 6681/2064/3957 6685/2064/3957
f 6690/2559/3958 6691/2560/3958 6692/2561/3958 6693/2562/3958
f 6694/2559/3959 6695/2560/3959 6691/2561/3959 6690/2562/3959
f 6696/2559/3960 6697/2560/3960 6695/2561/3960 6694/2562/3960
f 6690/2559/3961 6693/2560/3961 6696/2561/3961 6694/2562/3961
f 6692/2559/3962 6691/2560/3962 6695/2561/3962 6697/2562/3962
f 6698/2562/3963 6699/2559/3963 6700/2559/3963 6701/2562/3963
f 6696/2562/3964 6693/2559/3964 6699/2559/3964 6698/2562/3964
f 6698/2562/3965 6702/2561/3965 6697/2561/3965 6696/2562/3965
f 6701/2562/3966 6703/2561/3966 6702/2561/3966 6698/2562/3966
f 6699/2559/3967 6704/2560/3967 6705/2560/3967 6700/2559/3967
f 6693/2559/3968 6692/2560/3968 6704/2560/3968 6699/2559/3968
f 6702/2561/3969 6704/2560/3969 6692/2560/3969 6697/2561/3969
f 6703/2561/3970 6705/2560/3970 6704/2560/3970 6702/2561/3970
f 6706/2559/3971 6707/2560/3971 6708/2561/3971 6709/2562/3971
f 6710/2559/3972 6711/2562/3972 6701/2562/3972 6700/2559/3972
f 6700/2559/3973 6705/2560/3973 6712/2560/3973 6710/2559/3973
f 6711/2562/3974 6713/2561/3974 6703/2561/3974 6701/2562/3974
f 6705/2560/3975 6703/2561/3975 6713/2561/3975 6712/2560/3975
f 6715/2561/3976 6708/2561/3976 6707/2560/3976 6716/2560/3976
f 6717/2560/3977 6718/2559/3977 6710/2559/3977 6712/2560/3977
f 6707/2560/3978 6706/2559/3978 6718/2559/3978 6717/2560/3978
f 6717/2560/3979 6719/2560/3979 6716/2560/3979 6707/2560/3979
f 6718/2559/3980 6720/2562/3980 6711/2562/3980 6710/2559/3980
f 6719/2560/3981 6721/2561/3981 6715/2561/3981 6716/2560/3981
f 6720/2562/3982 6722/2561/3982 6713/2561/3982 6711/2562/3982
f 6709/2562/3983 6708/2561/3983 6722/2561/3983 6720/2562/3983
f 6721/2561/3984 6722/2561/3984 6708/2561/3984 6715/2561/3984
f 6714/2561/3985 6713/2561/3985 6722/2561/3985 6721/2561/3985
f 6723/2563/3977 6718/2563/3977 6706/2563/3977 6724/2563/3977
f 6724/2563/3986 6706/2563/3986 6709/2564/3986 6725/2564/3986
f 6725/2564/3987 6709/2564/3987 6720/2564/3987 6726/2564/3987
f 6726/2564/3988 6720/2564/3988 6718/2563/3988 6723/2563/3988
f 6724/2563/3989 6725/2564/3989 6726/2564/3989 6723/2563/3989
f 6727/2565/3990 6728/2566/3990 6729/2566/3990 6730/2565/3990
f 6730/2565/3991 6731/2567/3991 6732/2567/3991 6727/2565/3991
f 6728/2566/3992 6733/2568/3992 6734/2568/3992 6729/2566/3992
f 6731/2567/3993 6734/2568/3993 6733/2568/3993 6732/2567/3993
f 6735/2565/3994 6736/2566/3994 6737/2566/3994 6738/2565/3994
f 6738/2565/3995 6739/2567/3995 6740/2567/3995 6735/2565/3995
f 6736/2566/3996 6741/2568/3996 6742/2568/3996 6737/2566/3996
f 6739/2567/3997 6742/2568/3997 6741/2568/3997 6740/2567/3997
f 6743/2565/3998 6744/2566/3998 6728/2566/3998 6727/2565/3998
f 6727/2565/3999 6732/2567/3999 6745/2567/3999 6743/2565/3999
f 6744/2566/4000 6746/2568/4000 6733/2568/4000 6728/2566/4000
f 6732/2567/4001 6733/2568/4001 6746/2568/4001 6745/2567/4001
f 6747/2565/4002 6748/2566/4002 6744/2566/4002 6743/2565/4002
f 6738/2565/4003 6737/2566/4003 6748/2566/4003 6747/2565/4003
f 6747/2565/4004 6749/2567/4004 6739/2567/4004 6738/2565/4004
f 6743/2565/4005 6745/2567/4005 6749/2567/4005 6747/2565/4005
f 6748/2566/4006 6750/2568/4006 6746/2568/4006 6744/2566/4006
f 6737/2566/4007 6742/2568/4007 6750/2568/4007 6748/2566/4007
f 6749/2567/4008 6750/2568/4008 6742/2568/4008 6739/2567/4008
f 6745/2567/4009 6746/2568/4009 6750/2568/4009 6749/2567/4009
f 6734/2037/4010 6730/2037/4010 6729/2037/4010
f 6731/2037/4011 6730/2037/4011 6734/2037/4011
f 6735/2037/4012 6741/2037/4012 6736/2037/4012
f 6740/2037/4013 6741/2037/4013 6735/2037/4013
f 6751/2569/4014 6752/2570/4014 6753/2570/4014 6754/2569/4014
f 6754/2569/4015 6755/2571/4015 6756/2571/4015 6751/2569/4015
f 6752/2570/4016 6757/2572/4016 6758/2572/4016 6753/2570/4016
f 6755/2571/4017 6758/2572/4017 6757/2572/4017 6756/2571/4017
f 6759/2569/4018 6760/2570/4018 6761/2570/4018 6762/2569/4018
f 6762/2569/4019 6763/2571/4019 6764/2571/4019 6759/2569/4019
f 6760/2570/4020 6765/2572/4020 6766/2572/4020 6761/2570/4020
f 6763/2571/4021 6766/2572/4021 6765/2572/4021 6764/2571/4021
f 6767/2569/4022 6768/2570/4022 6752/2570/4022 6751/2569/4022
f 6751/2569/4023 6756/2571/4023 6769/2571/4023 6767/2569/4023
f 6768/2570/4024 6770/2572/4024 6757/2572/4024 6752/2570/4024
f 6756/2571/4025 6757/2572/4025 6770/2572/4025 6769/2571/4025
f 6771/2569/4026 6772/2570/4026 6768/2570/4026 6767/2569/4026
f 6762/2569/4027 6761/2570/4027 6772/2570/4027 6771/2569/4027
f 6771/2569/4028 6773/2571/4028 6763/2571/4028 6762/2569/4028
f 6767/2569/4029 6769/2571/4029 6773/2571/4029 6771/2569/4029
f 6772/2570/4030 6774/2572/4030 6770/2572/4030 6768/2570/4030
f 6761/2570/4031 6766/2572/4031 6774/2572/4031 6772/2570/4031
f 6773/2571/4032 6774/2572/4032 6766/2572/4032 6763/2571/4032
f 6769/2571/4033 6770/2572/4033 6774/2572/4033 6773/2571/4033
f 6758/2037/4034 6754/2037/4034 6753/2037/4034
f 6755/2037/4035 6754/2037/4035 6758/2037/4035
f 6759/2037/4036 6765/2037/4036 6760/2037/4036
f 6764/2037/4036 6765/2037/4036 6759/2037/4036
f 6775/2559/4037 6776/2560/4037 6777/2561/4037 6778/2562/4037
f 6779/2559/4038 6780/2560/4038 6776/2561/4038 6775/2562/4038
f 6781/2559/4039 6782/2560/4039 6780/2561/4039 6779/2562/4039
f 6775/2559/4040 6778/2560/4040 6781/2561/4040 6779/2562/4040
f 6777/2559/4041 6776/2560/4041 6780/2561/4041 6782/2562/4041
f 6783/2562/4042 6784/2559/4042 6785/2559/4042 6786/2562/4042
f 6781/2562/4043 6778/2559/4043 6784/2559/4043 6783/2562/4043
f 6783/2562/4044 6787/2561/4044 6782/2561/4044 6781/2562/4044
f 6786/2562/4045 6788/2561/4045 6787/2561/4045 6783/2562/4045
f 6784/2559/4046 6789/2560/4046 6790/2560/4046 6785/2559/4046
f 6778/2559/4047 6777/2560/4047 6789/2560/4047 6784/2559/4047
f 6787/2561/4048 6789/2560/4048 6777/2560/4048 6782/2561/4048
f 6788/2561/4049 6790/2560/4049 6789/2560/4049 6787/2561/4049
f 6791/2559/4050 6792/2560/4050 6793/2561/4050 6794/2562/4050
f 6795/2559/4051 6796/2562/4051 6786/2562/4051 6785/2559/4051
f 6785/2559/4052 6790/2560/4052 6797/2560/4052 6795/2559/4052
f 6796/2562/4053 6798/2561/4053 6788/2561/4053 6786/2562/4053
f 6790/2560/4054 6788/2561/4054 6798/2561/4054 6797/2560/4054
f 6799/2560/4055 6797/2560/4055 6798/2561/4055 6800/2561/4055
f 6801/2561/4056 6793/2561/4056 6792/2560/4056 6802/2560/4056
f 6803/2560/4057 6804/2559/4057 6795/2559/4057 6797/2560/4057
f 6792/2560/4058 6791/2559/4058 6804/2559/4058 6803/2560/4058
f 6803/2560/4059 6805/2560/4059 6802/2560/4059 6792/2560/4059
f 6797/2560/4060 6799/2560/4060 6805/2560/4060 6803/2560/4060
f 6804/2559/4061 6806/2562/4061 6796/2562/4061 6795/2559/4061
f 6805/2560/4062 6807/2561/4062 6801/2561/4062 6802/2560/4062
f 6799/2560/4063 6800/2561/4063 6807/2561/4063 6805/2560/4063
f 6806/2562/4064 6808/2561/4064 6798/2561/4064 6796/2562/4064
f 6794/2562/4065 6793/2561/4065 6808/2561/4065 6806/2562/4065
f 6807/2561/4066 6808/2561/4066 6793/2561/4066 6801/2561/4066
f 6800/2561/4067 6798/2561/4067 6808/2561/4067 6807/2561/4067
f 6809/2563/4068 6804/2563/4068 6791/2563/4068 6810/2563/4068
f 6810/2563/4069 6791/2563/4069 6794/2564/4069 6811/2564/4069
f 6811/2564/4070 6794/2564/4070 6806/2564/4070 6812/2564/4070
f 6812/2564/4071 6806/2564/4071 6804/2563/4071 6809/2563/4071
f 6810/2563/4072 6811/2564/4072 6812/2564/4072 6809/2563/4072
f 6813/2565/4073 6814/2566/4073 6815/2566/4073 6816/2565/4073
f 6816/2565/4074 6817/2567/4074 6818/2567/4074 6813/2565/4074
f 6814/2566/4075 6819/2568/4075 6820/2568/4075 6815/2566/4075
f 6817/2567/4076 6820/2568/4076 6819/2568/4076 6818/2567/4076
f 6821/2565/4077 6822/2566/4077 6823/2566/4077 6824/2565/4077
f 6824/2565/4078 6825/2567/4078 6826/2567/4078 6821/2565/4078
f 6822/2566/4079 6827/2568/4079 6828/2568/4079 6823/2566/4079
f 6825/2567/4080 6828/2568/4080 6827/2568/4080 6826/2567/4080
f 6829/2565/4081 6830/2566/4081 6814/2566/4081 6813/2565/4081
f 6813/2565/4082 6818/2567/4082 6831/2567/4082 6829/2565/4082
f 6830/2566/4083 6832/2568/4083 6819/2568/4083 6814/2566/4083
f 6818/2567/4084 6819/2568/4084 6832/2568/4084 6831/2567/4084
f 6833/2565/4085 6834/2566/4085 6830/2566/4085 6829/2565/4085
f 6824/2565/4086 6823/2566/4086 6834/2566/4086 6833/2565/4086
f 6833/2565/4087 6835/2567/4087 6825/2567/4087 6824/2565/4087
f 6829/2565/4088 6831/2567/4088 6835/2567/4088 6833/2565/4088
f 6834/2566/4089 6836/2568/4089 6832/2568/4089 6830/2566/4089
f 6823/2566/4090 6828/2568/4090 6836/2568/4090 6834/2566/4090
f 6835/2567/4091 6836/2568/4091 6828/2568/4091 6825/2567/4091
f 6831/2567/4092 6832/2568/4092 6836/2568/4092 6835/2567/4092
f 6820/2037/4093 6816/2037/4093 6815/2037/4093
f 6817/2037/4093 6816/2037/4093 6820/2037/4093
f 6821/2037/4094 6827/2037/4094 6822/2037/4094
f 6826/2037/4095 6827/2037/4095 6821/2037/4095
f 6837/2569/4096 6838/2570/4096 6839/2570/4096 6840/2569/4096
f 6840/2569/4097 6841/2571/4097 6842/2571/4097 6837/2569/4097
f 6838/2570/4098 6843/2572/4098 6844/2572/4098 6839/2570/4098
f 6841/2571/4099 6844/2572/4099 6843/2572/4099 6842/2571/4099
f 6845/2569/4100 6846/2570/4100 6847/2570/4100 6848/2569/4100
f 6848/2569/4101 6849/2571/4101 6850/2571/4101 6845/2569/4101
f 6846/2570/4102 6851/2572/4102 6852/2572/4102 6847/2570/4102
f 6849/2571/4103 6852/2572/4103 6851/2572/4103 6850/2571/4103
f 6853/2569/4104 6854/2570/4104 6838/2570/4104 6837/2569/4104
f 6837/2569/4105 6842/2571/4105 6855/2571/4105 6853/2569/4105
f 6854/2570/4106 6856/2572/4106 6843/2572/4106 6838/2570/4106
f 6842/2571/4107 6843/2572/4107 6856/2572/4107 6855/2571/4107
f 6857/2569/4108 6858/2570/4108 6854/2570/4108 6853/2569/4108
f 6848/2569/4109 6847/2570/4109 6858/2570/4109 6857/2569/4109
f 6857/2569/4110 6859/2571/4110 6849/2571/4110 6848/2569/4110
f 6853/2569/4111 6855/2571/4111 6859/2571/4111 6857/2569/4111
f 6858/2570/4112 6860/2572/4112 6856/2572/4112 6854/2570/4112
f 6847/2570/4113 6852/2572/4113 6860/2572/4113 6858/2570/4113
f 6859/2571/4114 6860/2572/4114 6852/2572/4114 6849/2571/4114
f 6855/2571/4115 6856/2572/4115 6860/2572/4115 6859/2571/4115
f 6844/2037/4116 6840/2037/4116 6839/2037/4116
f 6841/2037/4116 6840/2037/4116 6844/2037/4116
f 6845/2037/4117 6851/2037/4117 6846/2037/4117
f 6850/2037/4118 6851/2037/4118 6845/2037/4118
f 6863/2573/4119 6862/2574/4119 6866/2575/4119 6867/2576/4119
f 6864/2577/4120 6863/2573/4120 6867/2576/4120 6868/2578/4120
f 6861/2579/4121 6864/2577/4121 6868/2578/4121 6865/2580/4121
f 6862/2574/4122 6861/2579/4122 6865/2580/4122 6866/2575/4122
f 6865/2580/4123 6868/2578/4123 6867/2576/4123 6866/2575/4123
f 6874/2575/4124 6870/2574/4124 6871/2573/4124 6875/2576/4124
f 6875/2576/4125 6871/2573/4125 6872/2577/4125 6876/2578/4125
f 6876/2578/4126 6872/2577/4126 6869/2579/4126 6873/2580/4126
f 6873/2580/4127 6869/2579/4127 6870/2574/4127 6874/2575/4127
f 6875/2576/4128 6876/2578/4128 6873/2580/4128 6874/2575/4128
